timestamp,value
2014-04-01 01:00:00,14
2014-04-01 02:00:00,26658
2014-04-01 03:00:00,557913
2014-04-01 04:00:00,556985
2014-04-01 05:00:00,538150
2014-04-01 06:00:00,498716
2014-04-01 07:00:00,422329
2014-04-01 08:00:00,340683
2014-04-01 09:00:00,289215
2014-04-01 10:00:00,267657
2014-04-01 11:00:00,256857
2014-04-01 12:00:00,252653
2014-04-01 13:00:00,251031
2014-04-01 14:00:00,254358
2014-04-01 15:00:00,273475
2014-04-01 16:00:00,333581
2014-04-01 17:00:00,424835
2014-04-01 18:00:00,491657
2014-04-01 19:00:00,517065
2014-04-01 20:00:00,500466
2014-04-01 21:00:00,521411
2014-04-01 22:00:00,526282
2014-04-01 23:00:00,528446
2014-04-02 00:00:00,536492
2014-04-02 01:00:00,556997
2014-04-02 02:00:00,522628
2014-04-02 03:00:00,504756
2014-04-02 04:00:00,497496
2014-04-02 05:00:00,488431
2014-04-02 06:00:00,459953
2014-04-02 07:00:00,397466
2014-04-02 08:00:00,332420
2014-04-02 09:00:00,282631
2014-04-02 10:00:00,259489
2014-04-02 11:00:00,249648
2014-04-02 12:00:00,243837
2014-04-02 13:00:00,242010
2014-04-02 14:00:00,245130
2014-04-02 15:00:00,258414
2014-04-02 16:00:00,306897
2014-04-02 17:00:00,388041
2014-04-02 18:00:00,446371
2014-04-02 19:00:00,493414
2014-04-02 20:00:00,515201
2014-04-02 21:00:00,521054
2014-04-02 22:00:00,523188
2014-04-02 23:00:00,531426
2014-04-03 00:00:00,547825
2014-04-03 01:00:00,575303
2014-04-03 02:00:00,582764
2014-04-03 03:00:00,564765
2014-04-03 04:00:00,573886
2014-04-03 05:00:00,567536
2014-04-03 06:00:00,508185
2014-04-03 07:00:00,410432
2014-04-03 08:00:00,316408
2014-04-03 09:00:00,277353
2014-04-03 10:00:00,260699
2014-04-03 11:00:00,252415
2014-04-03 12:00:00,250543
2014-04-03 13:00:00,250437
2014-04-03 14:00:00,261377
2014-04-03 15:00:00,307829
2014-04-03 16:00:00,408788
2014-04-03 17:00:00,519941
2014-04-03 18:00:00,613414
2014-04-03 19:00:00,581743
2014-04-03 20:00:00,671788
2014-04-03 21:00:00,678751
2014-04-03 22:00:00,685646
2014-04-03 23:00:00,692447
2014-04-04 00:00:00,692836
2014-04-04 01:00:00,718478
2014-04-04 02:00:00,681471
2014-04-04 03:00:00,634118
2014-04-04 04:00:00,651371
2014-04-04 05:00:00,650639
2014-04-04 06:00:00,578535
2014-04-04 07:00:00,457881
2014-04-04 08:00:00,347949
2014-04-04 09:00:00,294577
2014-04-04 10:00:00,272011
2014-04-04 11:00:00,263748
2014-04-04 12:00:00,261945
2014-04-04 13:00:00,260932
2014-04-04 14:00:00,272059
2014-04-04 15:00:00,324465
2014-04-04 16:00:00,430198
2014-04-04 17:00:00,544869
2014-04-04 18:00:00,631273
2014-04-04 19:00:00,659593
2014-04-04 20:00:00,668699
2014-04-04 21:00:00,652004
2014-04-04 22:00:00,680755
2014-04-04 23:00:00,680176
2014-04-05 00:00:00,686106
2014-04-05 01:00:00,716986
2014-04-05 02:00:00,680788
2014-04-05 03:00:00,638550
2014-04-05 04:00:00,642608
2014-04-05 05:00:00,627963
2014-04-05 06:00:00,575668
2014-04-05 07:00:00,461323
2014-04-05 08:00:00,346378
2014-04-05 09:00:00,295687
2014-04-05 10:00:00,274943
2014-04-05 11:00:00,266555
2014-04-05 12:00:00,264155
2014-04-05 13:00:00,263576
2014-04-05 14:00:00,276132
2014-04-05 15:00:00,326072
2014-04-05 16:00:00,434209
2014-04-05 17:00:00,547092
2014-04-05 18:00:00,630019
2014-04-05 19:00:00,649586
2014-04-05 20:00:00,667754
2014-04-05 21:00:00,626332
2014-04-05 22:00:00,666293
2014-04-05 23:00:00,665167
2014-04-06 00:00:00,678173
2014-04-06 01:00:00,694452
2014-04-06 02:00:00,662240
2014-04-06 03:00:00,599500
2014-04-06 04:00:00,633150
2014-04-06 05:00:00,627277
2014-04-06 06:00:00,570766
2014-04-06 07:00:00,455595
2014-04-06 08:00:00,345422
2014-04-06 09:00:00,294237
2014-04-06 10:00:00,273124
2014-04-06 11:00:00,264275
2014-04-06 12:00:00,262158
2014-04-06 13:00:00,262292
2014-04-06 14:00:00,274087
2014-04-06 15:00:00,324159
2014-04-06 16:00:00,420726
2014-04-06 17:00:00,536230
2014-04-06 18:00:00,603507
2014-04-06 19:00:00,588159
2014-04-06 20:00:00,632357
2014-04-06 21:00:00,643333
2014-04-06 22:00:00,647519
2014-04-06 23:00:00,651070
2014-04-07 00:00:00,655702
2014-04-07 01:00:00,673701
2014-04-07 02:00:00,632569
2014-04-07 03:00:00,596544
2014-04-07 04:00:00,597194
2014-04-07 05:00:00,597433
2014-04-07 06:00:00,546520
2014-04-07 07:00:00,438581
2014-04-07 08:00:00,237089
2014-04-07 09:00:00,276297
2014-04-07 10:00:00,253389
2014-04-07 11:00:00,246451
2014-04-07 12:00:00,249682
2014-04-07 13:00:00,247136
2014-04-07 14:00:00,260584
2014-04-07 15:00:00,309781
2014-04-07 16:00:00,424498
2014-04-07 17:00:00,535260
2014-04-07 18:00:00,612744
2014-04-07 19:00:00,638175
2014-04-07 20:00:00,647713
2014-04-07 21:00:00,638798
2014-04-07 22:00:00,636171
2014-04-07 23:00:00,632150
2014-04-08 00:00:00,636773
2014-04-08 01:00:00,661321
2014-04-08 02:00:00,611803
2014-04-08 03:00:00,564709
2014-04-08 04:00:00,551732
2014-04-08 05:00:00,534690
2014-04-08 06:00:00,494584
2014-04-08 07:00:00,419770
2014-04-08 08:00:00,337019
2014-04-08 09:00:00,287143
2014-04-08 10:00:00,266365
2014-04-08 11:00:00,254879
2014-04-08 12:00:00,251145
2014-04-08 13:00:00,249991
2014-04-08 14:00:00,254279
2014-04-08 15:00:00,275135
2014-04-08 16:00:00,342756
2014-04-08 17:00:00,433566
2014-04-08 18:00:00,488677
2014-04-08 19:00:00,506390
2014-04-08 20:00:00,511511
2014-04-08 21:00:00,512215
2014-04-08 22:00:00,512710
2014-04-08 23:00:00,512140
2014-04-09 00:00:00,517563
2014-04-09 01:00:00,543410
2014-04-09 02:00:00,543281
2014-04-09 03:00:00,479548
2014-04-09 04:00:00,499255
2014-04-09 05:00:00,488068
2014-04-09 06:00:00,462177
2014-04-09 07:00:00,405352
2014-04-09 08:00:00,341571
2014-04-09 09:00:00,295284
2014-04-09 10:00:00,269815
2014-04-09 11:00:00,259677
2014-04-09 12:00:00,256373
2014-04-09 13:00:00,255481
2014-04-09 14:00:00,257125
2014-04-09 15:00:00,272042
2014-04-09 16:00:00,323294
2014-04-09 17:00:00,403667
2014-04-09 18:00:00,463646
2014-04-09 19:00:00,489312
2014-04-09 20:00:00,498392
2014-04-09 21:00:00,501749
2014-04-09 22:00:00,510136
2014-04-09 23:00:00,509825
2014-04-10 00:00:00,530714
2014-04-10 01:00:00,560157
2014-04-10 02:00:00,571610
2014-04-10 03:00:00,556043
2014-04-10 04:00:00,566735
2014-04-10 05:00:00,573304
2014-04-10 06:00:00,514839
2014-04-10 07:00:00,408429
2014-04-10 08:00:00,320024
2014-04-10 09:00:00,284572
2014-04-10 10:00:00,265896
2014-04-10 11:00:00,258829
2014-04-10 12:00:00,257060
2014-04-10 13:00:00,257721
2014-04-10 14:00:00,266563
2014-04-10 15:00:00,312111
2014-04-10 16:00:00,413975
2014-04-10 17:00:00,525754
2014-04-10 18:00:00,618780
2014-04-10 19:00:00,653237
2014-04-10 20:00:00,667779
2014-04-10 21:00:00,671761
2014-04-10 22:00:00,673341
2014-04-10 23:00:00,668854
2014-04-11 00:00:00,667430
2014-04-11 01:00:00,697440
2014-04-11 02:00:00,662428
2014-04-11 03:00:00,609303
2014-04-11 04:00:00,624678
2014-04-11 05:00:00,633890
2014-04-11 06:00:00,574413
2014-04-11 07:00:00,447778
2014-04-11 08:00:00,337895
2014-04-11 09:00:00,289013
2014-04-11 10:00:00,268021
2014-04-11 11:00:00,261357
2014-04-11 12:00:00,260765
2014-04-11 13:00:00,261794
2014-04-11 14:00:00,274025
2014-04-11 15:00:00,325231
2014-04-11 16:00:00,437034
2014-04-11 17:00:00,545589
2014-04-11 18:00:00,627186
2014-04-11 19:00:00,656891
2014-04-11 20:00:00,660572
2014-04-11 21:00:00,657986
2014-04-11 22:00:00,659041
2014-04-11 23:00:00,697932
2014-04-12 00:00:00,648876
2014-04-12 01:00:00,691625
2014-04-12 02:00:00,649924
2014-04-12 03:00:00,622951
2014-04-12 04:00:00,631067
2014-04-12 05:00:00,633820
2014-04-12 06:00:00,573004
2014-04-12 07:00:00,451216
2014-04-12 08:00:00,341705
2014-04-12 09:00:00,290605
2014-04-12 10:00:00,272089
2014-04-12 11:00:00,264711
2014-04-12 12:00:00,262699
2014-04-12 13:00:00,262520
2014-04-12 14:00:00,275763
2014-04-12 15:00:00,328147
2014-04-12 16:00:00,441655
2014-04-12 17:00:00,546445
2014-04-12 18:00:00,630549
2014-04-12 19:00:00,661083
2014-04-12 20:00:00,671888
2014-04-12 21:00:00,656861
2014-04-12 22:00:00,651446
2014-04-12 23:00:00,684135
2014-04-13 00:00:00,654928
2014-04-13 01:00:00,681017
2014-04-13 02:00:00,658408
2014-04-13 03:00:00,618222
2014-04-13 04:00:00,617363
2014-04-13 05:00:00,617380
2014-04-13 06:00:00,565140
2014-04-13 07:00:00,449091
2014-04-13 08:00:00,343548
2014-04-13 09:00:00,290834
2014-04-13 10:00:00,267547
2014-04-13 11:00:00,259820
2014-04-13 12:00:00,260096
2014-04-13 13:00:00,259140
2014-04-13 14:00:00,272758
2014-04-13 15:00:00,327748
2014-04-13 16:00:00,421396
2014-04-13 17:00:00,539011
2014-04-13 18:00:00,628046
2014-04-13 19:00:00,653915
2014-04-13 20:00:00,661117
2014-04-13 21:00:00,657139
2014-04-13 22:00:00,660668
2014-04-13 23:00:00,570615
2014-04-14 00:00:00,652136
2014-04-14 01:00:00,672643
2014-04-14 02:00:00,640453
2014-04-14 03:00:00,615653
2014-04-14 04:00:00,663382
2014-04-14 05:00:00,595974
2014-04-14 06:00:00,547748
2014-04-14 07:00:00,435516
2014-04-14 08:00:00,334470
2014-04-14 09:00:00,285089
2014-04-14 10:00:00,265119
2014-04-14 11:00:00,257100
2014-04-14 12:00:00,242616
2014-04-14 13:00:00,252138
2014-04-14 14:00:00,265339
2014-04-14 15:00:00,318000
2014-04-14 16:00:00,432407
2014-04-14 17:00:00,544280
2014-04-14 18:00:00,626410
2014-04-14 19:00:00,651175
2014-04-14 20:00:00,661929
2014-04-14 21:00:00,670850
2014-04-14 22:00:00,614818
2014-04-14 23:00:00,628130
2014-04-15 00:00:00,669663
2014-04-15 01:00:00,568259
2014-04-15 02:00:00,602514
2014-04-15 03:00:00,600551
2014-04-15 04:00:00,535353
2014-04-15 05:00:00,526476
2014-04-15 06:00:00,494489
2014-04-15 07:00:00,417594
2014-04-15 08:00:00,332621
2014-04-15 09:00:00,283834
2014-04-15 10:00:00,260926
2014-04-15 11:00:00,250537
2014-04-15 12:00:00,246898
2014-04-15 13:00:00,246910
2014-04-15 14:00:00,251683
2014-04-15 15:00:00,257966
2014-04-15 16:00:00,351733
2014-04-15 17:00:00,442506
2014-04-15 18:00:00,499631
2014-04-15 19:00:00,518054
2014-04-15 20:00:00,524403
2014-04-15 21:00:00,525318
2014-04-15 22:00:00,531238
2014-04-15 23:00:00,533204
2014-04-16 00:00:00,541916
2014-04-16 01:00:00,560356
2014-04-16 02:00:00,551772
2014-04-16 03:00:00,522846
2014-04-16 04:00:00,509112
2014-04-16 05:00:00,498759
2014-04-16 06:00:00,466783
2014-04-16 07:00:00,413332
2014-04-16 08:00:00,353936
2014-04-16 09:00:00,295815
2014-04-16 10:00:00,265124
2014-04-16 11:00:00,251882
2014-04-16 12:00:00,246466
2014-04-16 13:00:00,245068
2014-04-16 14:00:00,248889
2014-04-16 15:00:00,264935
2014-04-16 16:00:00,321039
2014-04-16 17:00:00,403251
2014-04-16 18:00:00,472544
2014-04-16 19:00:00,512376
2014-04-16 20:00:00,537379
2014-04-16 21:00:00,542429
2014-04-16 22:00:00,539881
2014-04-16 23:00:00,543519
2014-04-17 00:00:00,555098
2014-04-17 01:00:00,577999
2014-04-17 02:00:00,584637
2014-04-17 03:00:00,566682
2014-04-17 04:00:00,578723
2014-04-17 05:00:00,573637
2014-04-17 06:00:00,515410
2014-04-17 07:00:00,418010
2014-04-17 08:00:00,327400
2014-04-17 09:00:00,284200
2014-04-17 10:00:00,264173
2014-04-17 11:00:00,255518
2014-04-17 12:00:00,251983
2014-04-17 13:00:00,252515
2014-04-17 14:00:00,263506
2014-04-17 15:00:00,310190
2014-04-17 16:00:00,419448
2014-04-17 17:00:00,528113
2014-04-17 18:00:00,614890
2014-04-17 19:00:00,651004
2014-04-17 20:00:00,668858
2014-04-17 21:00:00,673348
2014-04-17 22:00:00,676506
2014-04-17 23:00:00,678922
2014-04-18 00:00:00,688973
2014-04-18 01:00:00,675823
2014-04-18 02:00:00,677776
2014-04-18 03:00:00,644078
2014-04-18 04:00:00,653951
2014-04-18 05:00:00,649121
2014-04-18 06:00:00,586298
2014-04-18 07:00:00,455197
2014-04-18 08:00:00,340961
2014-04-18 09:00:00,291275
2014-04-18 10:00:00,272262
2014-04-18 11:00:00,264370
2014-04-18 12:00:00,261941
2014-04-18 13:00:00,262190
2014-04-18 14:00:00,275040
2014-04-18 15:00:00,328400
2014-04-18 16:00:00,442130
2014-04-18 17:00:00,553609
2014-04-18 18:00:00,627827
2014-04-18 19:00:00,651187
2014-04-18 20:00:00,665356
2014-04-18 21:00:00,668699
2014-04-18 22:00:00,664579
2014-04-18 23:00:00,666613
2014-04-19 00:00:00,677544
2014-04-19 01:00:00,597215
2014-04-19 02:00:00,682144
2014-04-19 03:00:00,654718
2014-04-19 04:00:00,657312
2014-04-19 05:00:00,652210
2014-04-19 06:00:00,587775
2014-04-19 07:00:00,464223
2014-04-19 08:00:00,354618
2014-04-19 09:00:00,306135
2014-04-19 10:00:00,287361
2014-04-19 11:00:00,280383
2014-04-19 12:00:00,278846
2014-04-19 13:00:00,278503
2014-04-19 14:00:00,293725
2014-04-19 15:00:00,348042
2014-04-19 16:00:00,464374
2014-04-19 17:00:00,571442
2014-04-19 18:00:00,649739
2014-04-19 19:00:00,676751
2014-04-19 20:00:00,684753
2014-04-19 21:00:00,682905
2014-04-19 22:00:00,684061
2014-04-19 23:00:00,683974
2014-04-20 00:00:00,690750
2014-04-20 01:00:00,716280
2014-04-20 02:00:00,667420
2014-04-20 03:00:00,633707
2014-04-20 04:00:00,640794
2014-04-20 05:00:00,632898
2014-04-20 06:00:00,580187
2014-04-20 07:00:00,457595
2014-04-20 08:00:00,346899
2014-04-20 09:00:00,298707
2014-04-20 10:00:00,279191
2014-04-20 11:00:00,272797
2014-04-20 12:00:00,271352
2014-04-20 13:00:00,271632
2014-04-20 14:00:00,285642
2014-04-20 15:00:00,339597
2014-04-20 16:00:00,455620
2014-04-20 17:00:00,562939
2014-04-20 18:00:00,641031
2014-04-20 19:00:00,663837
2014-04-20 20:00:00,667628
2014-04-20 21:00:00,655074
2014-04-20 22:00:00,666212
2014-04-20 23:00:00,660904
2014-04-21 00:00:00,676930
2014-04-21 01:00:00,696728
2014-04-21 02:00:00,649467
2014-04-21 03:00:00,624019
2014-04-21 04:00:00,631730
2014-04-21 05:00:00,629700
2014-04-21 06:00:00,573101
2014-04-21 07:00:00,457451
2014-04-21 08:00:00,350300
2014-04-21 09:00:00,301204
2014-04-21 10:00:00,283580
2014-04-21 11:00:00,276562
2014-04-21 12:00:00,274780
2014-04-21 13:00:00,274263
2014-04-21 14:00:00,287962
2014-04-21 15:00:00,344978
2014-04-21 16:00:00,461949
2014-04-21 17:00:00,568843
2014-04-21 18:00:00,645730
2014-04-21 19:00:00,671445
2014-04-21 20:00:00,676808
2014-04-21 21:00:00,660325
2014-04-21 22:00:00,658492
2014-04-21 23:00:00,669775
2014-04-22 00:00:00,668807
2014-04-22 01:00:00,657751
2014-04-22 02:00:00,642747
2014-04-22 03:00:00,596107
2014-04-22 04:00:00,586197
2014-04-22 05:00:00,570319
2014-04-22 06:00:00,523728
2014-04-22 07:00:00,415323
2014-04-22 08:00:00,332146
2014-04-22 09:00:00,286855
2014-04-22 10:00:00,269064
2014-04-22 11:00:00,258582
2014-04-22 12:00:00,257085
2014-04-22 13:00:00,257422
2014-04-22 14:00:00,263116
2014-04-22 15:00:00,288825
2014-04-22 16:00:00,362083
2014-04-22 17:00:00,457508
2014-04-22 18:00:00,508299
2014-04-22 19:00:00,489519
2014-04-22 20:00:00,523036
2014-04-22 21:00:00,520155
2014-04-22 22:00:00,518980
2014-04-22 23:00:00,520946
2014-04-23 00:00:00,526987
2014-04-23 01:00:00,554319
2014-04-23 02:00:00,555726
2014-04-23 03:00:00,528103
2014-04-23 04:00:00,518558
2014-04-23 05:00:00,507240
2014-04-23 06:00:00,474012
2014-04-23 07:00:00,410255
2014-04-23 08:00:00,316369
2014-04-23 09:00:00,273572
2014-04-23 10:00:00,254317
2014-04-23 11:00:00,247333
2014-04-23 12:00:00,244024
2014-04-23 13:00:00,243983
2014-04-23 14:00:00,246810
2014-04-23 15:00:00,264274
2014-04-23 16:00:00,326171
2014-04-23 17:00:00,409274
2014-04-23 18:00:00,467311
2014-04-23 19:00:00,489796
2014-04-23 20:00:00,502843
2014-04-23 21:00:00,505065
2014-04-23 22:00:00,510009
2014-04-23 23:00:00,519342
2014-04-24 00:00:00,535998
2014-04-24 01:00:00,565230
2014-04-24 02:00:00,549440
2014-04-24 03:00:00,582028
2014-04-24 04:00:00,549742
2014-04-24 05:00:00,559751
2014-04-24 06:00:00,501459
2014-04-24 07:00:00,402644
2014-04-24 08:00:00,318907
2014-04-24 09:00:00,280556
2014-04-24 10:00:00,264329
2014-04-24 11:00:00,257535
2014-04-24 12:00:00,256671
2014-04-24 13:00:00,257522
2014-04-24 14:00:00,270799
2014-04-24 15:00:00,319704
2014-04-24 16:00:00,433406
2014-04-24 17:00:00,546615
2014-04-24 18:00:00,644697
2014-04-24 19:00:00,671329
2014-04-24 20:00:00,685860
2014-04-24 21:00:00,674385
2014-04-24 22:00:00,682399
2014-04-24 23:00:00,684774
2014-04-25 00:00:00,698897
2014-04-25 01:00:00,724540
2014-04-25 02:00:00,691226
2014-04-25 03:00:00,654033
2014-04-25 04:00:00,666338
2014-04-25 05:00:00,661695
2014-04-25 06:00:00,588157
2014-04-25 07:00:00,463323
2014-04-25 08:00:00,351545
2014-04-25 09:00:00,303267
2014-04-25 10:00:00,284339
2014-04-25 11:00:00,276312
2014-04-25 12:00:00,275048
2014-04-25 13:00:00,277729
2014-04-25 14:00:00,289210
2014-04-25 15:00:00,346113
2014-04-25 16:00:00,424270
2014-04-25 17:00:00,573414
2014-04-25 18:00:00,653173
2014-04-25 19:00:00,677393
2014-04-25 20:00:00,687206
2014-04-25 21:00:00,670079
2014-04-25 22:00:00,677765
2014-04-25 23:00:00,613617
2014-04-26 00:00:00,322794
2014-04-26 01:00:00,719731
2014-04-26 02:00:00,688159
2014-04-26 03:00:00,649436
2014-04-26 04:00:00,655351
2014-04-26 05:00:00,652087
2014-04-26 06:00:00,590235
2014-04-26 07:00:00,465942
2014-04-26 08:00:00,355950
2014-04-26 09:00:00,306840
2014-04-26 10:00:00,280547
2014-04-26 11:00:00,273234
2014-04-26 12:00:00,273416
2014-04-26 13:00:00,276157
2014-04-26 14:00:00,291729
2014-04-26 15:00:00,345849
2014-04-26 16:00:00,463370
2014-04-26 17:00:00,570164
2014-04-26 18:00:00,647510
2014-04-26 19:00:00,672018
2014-04-26 20:00:00,675119
2014-04-26 21:00:00,659145
2014-04-26 22:00:00,664438
2014-04-26 23:00:00,671936
2014-04-27 00:00:00,690053
2014-04-27 01:00:00,714008
2014-04-27 02:00:00,676926
2014-04-27 03:00:00,641150
2014-04-27 04:00:00,644211
2014-04-27 05:00:00,638907
2014-04-27 06:00:00,589097
2014-04-27 07:00:00,465728
2014-04-27 08:00:00,356440
2014-04-27 09:00:00,308585
2014-04-27 10:00:00,288977
2014-04-27 11:00:00,282334
2014-04-27 12:00:00,282322
2014-04-27 13:00:00,268055
2014-04-27 14:00:00,280229
2014-04-27 15:00:00,335314
2014-04-27 16:00:00,452831
2014-04-27 17:00:00,533640
2014-04-27 18:00:00,617298
2014-04-27 19:00:00,658931
2014-04-27 20:00:00,658481
2014-04-27 21:00:00,688038
2014-04-27 22:00:00,726349
2014-04-27 23:00:00,889703
2014-04-28 00:00:00,861823
2014-04-28 01:00:00,619202
2014-04-28 02:00:00,612154
2014-04-28 03:00:00,579550
2014-04-28 04:00:00,575821
2014-04-28 05:00:00,567045
2014-04-28 06:00:00,508652
2014-04-28 07:00:00,400333
2014-04-28 08:00:00,308334
2014-04-28 09:00:00,263247
2014-04-28 10:00:00,246111
2014-04-28 11:00:00,239783
2014-04-28 12:00:00,240201
2014-04-28 13:00:00,232416
2014-04-28 14:00:00,243297
2014-04-28 15:00:00,295783
2014-04-28 16:00:00,408513
2014-04-28 17:00:00,505363
2014-04-28 18:00:00,577120
2014-04-28 19:00:00,607125
2014-04-28 20:00:00,610388
2014-04-28 21:00:00,608367
2014-04-28 22:00:00,604437
2014-04-28 23:00:00,604166
2014-04-29 00:00:00,604353
2014-04-29 01:00:00,623105
2014-04-29 02:00:00,573754
2014-04-29 03:00:00,543913
2014-04-29 04:00:00,526310
2014-04-29 05:00:00,516378
2014-04-29 06:00:00,480491
2014-04-29 07:00:00,398584
2014-04-29 08:00:00,320044
2014-04-29 09:00:00,275099
2014-04-29 10:00:00,256336
2014-04-29 11:00:00,249993
2014-04-29 12:00:00,248995
2014-04-29 13:00:00,245843
2014-04-29 14:00:00,240310
2014-04-29 15:00:00,258490
2014-04-29 16:00:00,352231
2014-04-29 17:00:00,440246
2014-04-29 18:00:00,494953
2014-04-29 19:00:00,495875
2014-04-29 20:00:00,487066
2014-04-29 21:00:00,497607
2014-04-29 22:00:00,502400
2014-04-29 23:00:00,413640
2014-04-30 00:00:00,515801
2014-04-30 01:00:00,539664
2014-04-30 02:00:00,539325
2014-04-30 03:00:00,514523
2014-04-30 04:00:00,505158
2014-04-30 05:00:00,493551
2014-04-30 06:00:00,465324
2014-04-30 07:00:00,404583
2014-04-30 08:00:00,352586
2014-04-30 09:00:00,306308
2014-04-30 10:00:00,271487
2014-04-30 11:00:00,259660
2014-04-30 12:00:00,256316
2014-04-30 13:00:00,251687
2014-04-30 14:00:00,257213
2014-04-30 15:00:00,272105
2014-04-30 16:00:00,334151
2014-04-30 17:00:00,411399
2014-04-30 18:00:00,463754
2014-04-30 19:00:00,483489
2014-04-30 20:00:00,495016
2014-04-30 21:00:00,495865
2014-04-30 22:00:00,498463
2014-04-30 23:00:00,505988
2014-05-01 00:00:00,518917
2014-05-01 01:00:00,552933
2014-05-01 02:00:00,567730
2014-05-01 03:00:00,563790
2014-05-01 04:00:00,572294
2014-05-01 05:00:00,568220
2014-05-01 06:00:00,507574
2014-05-01 07:00:00,409195
2014-05-01 08:00:00,327098
2014-05-01 09:00:00,284210
2014-05-01 10:00:00,267653
2014-05-01 11:00:00,260451
2014-05-01 12:00:00,259906
2014-05-01 13:00:00,260122
2014-05-01 14:00:00,271138
2014-05-01 15:00:00,322328
2014-05-01 16:00:00,433593
2014-05-01 17:00:00,541945
2014-05-01 18:00:00,621701
2014-05-01 19:00:00,648860
2014-05-01 20:00:00,661171
2014-05-01 21:00:00,667271
2014-05-01 22:00:00,666538
2014-05-01 23:00:00,667662
2014-05-02 00:00:00,678681
2014-05-02 01:00:00,703253
2014-05-02 02:00:00,676286
2014-05-02 03:00:00,651207
2014-05-02 04:00:00,653658
2014-05-02 05:00:00,649322
2014-05-02 06:00:00,572112
2014-05-02 07:00:00,455901
2014-05-02 08:00:00,320831
2014-05-02 09:00:00,295807
2014-05-02 10:00:00,278132
2014-05-02 11:00:00,271124
2014-05-02 12:00:00,270601
2014-05-02 13:00:00,271490
2014-05-02 14:00:00,284635
2014-05-02 15:00:00,340092
2014-05-02 16:00:00,439483
2014-05-02 17:00:00,391521
2014-05-02 18:00:00,437280
2014-05-02 19:00:00,485164
2014-05-02 20:00:00,602374
2014-05-02 21:00:00,482252
2014-05-02 22:00:00,559785
2014-05-02 23:00:00,620201
2014-05-03 00:00:00,638420
2014-05-03 01:00:00,680334
2014-05-03 02:00:00,653439
2014-05-03 03:00:00,608128
2014-05-03 04:00:00,610817
2014-05-03 05:00:00,606892
2014-05-03 06:00:00,550706
2014-05-03 07:00:00,430119
2014-05-03 08:00:00,323492
2014-05-03 09:00:00,276394
2014-05-03 10:00:00,257064
2014-05-03 11:00:00,249728
2014-05-03 12:00:00,246002
2014-05-03 13:00:00,245737
2014-05-03 14:00:00,259666
2014-05-03 15:00:00,316617
2014-05-03 16:00:00,439025
2014-05-03 17:00:00,545424
2014-05-03 18:00:00,618284
2014-05-03 19:00:00,642251
2014-05-03 20:00:00,650821
2014-05-03 21:00:00,647851
2014-05-03 22:00:00,649403
2014-05-03 23:00:00,651585
2014-05-04 00:00:00,662277
2014-05-04 01:00:00,687785
2014-05-04 02:00:00,654926
2014-05-04 03:00:00,617557
2014-05-04 04:00:00,620930
2014-05-04 05:00:00,614504
2014-05-04 06:00:00,560512
2014-05-04 07:00:00,444246
2014-05-04 08:00:00,332504
2014-05-04 09:00:00,279525
2014-05-04 10:00:00,260990
2014-05-04 11:00:00,252651
2014-05-04 12:00:00,250344
2014-05-04 13:00:00,248015
2014-05-04 14:00:00,260561
2014-05-04 15:00:00,321479
2014-05-04 16:00:00,445192
2014-05-04 17:00:00,546119
2014-05-04 18:00:00,617694
2014-05-04 19:00:00,636462
2014-05-04 20:00:00,639189
2014-05-04 21:00:00,641723
2014-05-04 22:00:00,642558
2014-05-04 23:00:00,643333
2014-05-05 00:00:00,650493
2014-05-05 01:00:00,672867
2014-05-05 02:00:00,640194
2014-05-05 03:00:00,600574
2014-05-05 04:00:00,601125
2014-05-05 05:00:00,598030
2014-05-05 06:00:00,543506
2014-05-05 07:00:00,427527
2014-05-05 08:00:00,325331
2014-05-05 09:00:00,275851
2014-05-05 10:00:00,205064
2014-05-05 11:00:00,248385
2014-05-05 12:00:00,246469
2014-05-05 13:00:00,246742
2014-05-05 14:00:00,259423
2014-05-05 15:00:00,312191
2014-05-05 16:00:00,432332
2014-05-05 17:00:00,531677
2014-05-05 18:00:00,598418
2014-05-05 19:00:00,609272
2014-05-05 20:00:00,616429
2014-05-05 21:00:00,610875
2014-05-05 22:00:00,611881
2014-05-05 23:00:00,608234
2014-05-06 00:00:00,606698
2014-05-06 01:00:00,627918
2014-05-06 02:00:00,589255
2014-05-06 03:00:00,545933
2014-05-06 04:00:00,537098
2014-05-06 05:00:00,521043
2014-05-06 06:00:00,477711
2014-05-06 07:00:00,396778
2014-05-06 08:00:00,316475
2014-05-06 09:00:00,269008
2014-05-06 10:00:00,232925
2014-05-06 11:00:00,239389
2014-05-06 12:00:00,236505
2014-05-06 13:00:00,234763
2014-05-06 14:00:00,238468
2014-05-06 15:00:00,267399
2014-05-06 16:00:00,346405
2014-05-06 17:00:00,430815
2014-05-06 18:00:00,465637
2014-05-06 19:00:00,485266
2014-05-06 20:00:00,485231
2014-05-06 21:00:00,487237
2014-05-06 22:00:00,490494
2014-05-06 23:00:00,487524
2014-05-07 00:00:00,489986
2014-05-07 01:00:00,512148
2014-05-07 02:00:00,513128
2014-05-07 03:00:00,488265
2014-05-07 04:00:00,461023
2014-05-07 05:00:00,455338
2014-05-07 06:00:00,430491
2014-05-07 07:00:00,383113
2014-05-07 08:00:00,273102
2014-05-07 09:00:00,243420
2014-05-07 10:00:00,223166
2014-05-07 11:00:00,213535
2014-05-07 12:00:00,212576
2014-05-07 13:00:00,215889
2014-05-07 14:00:00,220591
2014-05-07 15:00:00,226241
2014-05-07 16:00:00,307359
2014-05-07 17:00:00,389174
2014-05-07 18:00:00,438756
2014-05-07 19:00:00,458802
2014-05-07 20:00:00,466728
2014-05-07 21:00:00,468992
2014-05-07 22:00:00,470834
2014-05-07 23:00:00,475371
2014-05-08 00:00:00,484918
2014-05-08 01:00:00,517307
2014-05-08 02:00:00,532738
2014-05-08 03:00:00,527867
2014-05-08 04:00:00,546573
2014-05-08 05:00:00,537756
2014-05-08 06:00:00,472222
2014-05-08 07:00:00,377655
2014-05-08 08:00:00,301000
2014-05-08 09:00:00,252839
2014-05-08 10:00:00,237263
2014-05-08 11:00:00,232636
2014-05-08 12:00:00,231491
2014-05-08 13:00:00,229088
2014-05-08 14:00:00,240992
2014-05-08 15:00:00,294481
2014-05-08 16:00:00,409268
2014-05-08 17:00:00,514642
2014-05-08 18:00:00,595176
2014-05-08 19:00:00,614917
2014-05-08 20:00:00,635272
2014-05-08 21:00:00,640384
2014-05-08 22:00:00,639328
2014-05-08 23:00:00,639914
2014-05-09 00:00:00,641377
2014-05-09 01:00:00,651020
2014-05-09 02:00:00,638977
2014-05-09 03:00:00,602738
2014-05-09 04:00:00,602334
2014-05-09 05:00:00,591671
2014-05-09 06:00:00,547618
2014-05-09 07:00:00,388953
2014-05-09 08:00:00,295199
2014-05-09 09:00:00,249421
2014-05-09 10:00:00,232351
2014-05-09 11:00:00,226496
2014-05-09 12:00:00,224085
2014-05-09 13:00:00,225865
2014-05-09 14:00:00,243485
2014-05-09 15:00:00,304955
2014-05-09 16:00:00,437618
2014-05-09 17:00:00,536451
2014-05-09 18:00:00,599248
2014-05-09 19:00:00,616779
2014-05-09 20:00:00,622979
2014-05-09 21:00:00,622910
2014-05-09 22:00:00,614239
2014-05-09 23:00:00,615024
2014-05-10 00:00:00,628938
2014-05-10 01:00:00,655067
2014-05-10 02:00:00,625213
2014-05-10 03:00:00,595012
2014-05-10 04:00:00,573619
2014-05-10 05:00:00,554486
2014-05-10 06:00:00,490403
2014-05-10 07:00:00,394297
2014-05-10 08:00:00,307452
2014-05-10 09:00:00,262200
2014-05-10 10:00:00,246531
2014-05-10 11:00:00,238737
2014-05-10 12:00:00,237619
2014-05-10 13:00:00,238099
2014-05-10 14:00:00,247665
2014-05-10 15:00:00,303878
2014-05-10 16:00:00,428468
2014-05-10 17:00:00,525653
2014-05-10 18:00:00,577039
2014-05-10 19:00:00,604938
2014-05-10 20:00:00,598183
2014-05-10 21:00:00,606361
2014-05-10 22:00:00,603105
2014-05-10 23:00:00,605359
2014-05-11 00:00:00,623594
2014-05-11 01:00:00,653818
2014-05-11 02:00:00,515311
2014-05-11 03:00:00,599449
2014-05-11 04:00:00,581920
2014-05-11 05:00:00,579946
2014-05-11 06:00:00,532019
2014-05-11 07:00:00,413629
2014-05-11 08:00:00,314205
2014-05-11 09:00:00,267001
2014-05-11 10:00:00,246279
2014-05-11 11:00:00,243296
2014-05-11 12:00:00,240217
2014-05-11 13:00:00,238084
2014-05-11 14:00:00,255918
2014-05-11 15:00:00,310438
2014-05-11 16:00:00,435397
2014-05-11 17:00:00,524110
2014-05-11 18:00:00,587864
2014-05-11 19:00:00,596640
2014-05-11 20:00:00,610051
2014-05-11 21:00:00,610099
2014-05-11 22:00:00,617580
2014-05-11 23:00:00,623051
2014-05-12 00:00:00,601840
2014-05-12 01:00:00,637030
2014-05-12 02:00:00,585557
2014-05-12 03:00:00,580273
2014-05-12 04:00:00,571597
2014-05-12 05:00:00,572525
2014-05-12 06:00:00,535668
2014-05-12 07:00:00,421120
2014-05-12 08:00:00,327263
2014-05-12 09:00:00,278211
2014-05-12 10:00:00,240695
2014-05-12 11:00:00,254245
2014-05-12 12:00:00,244884
2014-05-12 13:00:00,235450
2014-05-12 14:00:00,248281
2014-05-12 15:00:00,295446
2014-05-12 16:00:00,416188
2014-05-12 17:00:00,515398
2014-05-12 18:00:00,594815
2014-05-12 19:00:00,599268
2014-05-12 20:00:00,579183
2014-05-12 21:00:00,591218
2014-05-12 22:00:00,597957
2014-05-12 23:00:00,607843
2014-05-13 00:00:00,606203
2014-05-13 01:00:00,625621
2014-05-13 02:00:00,591689
2014-05-13 03:00:00,455284
2014-05-13 04:00:00,538219
2014-05-13 05:00:00,526342
2014-05-13 06:00:00,482017
2014-05-13 07:00:00,406021
2014-05-13 08:00:00,312892
2014-05-13 09:00:00,256341
2014-05-13 10:00:00,251148
2014-05-13 11:00:00,87018
2014-05-13 12:00:00,730
2014-05-13 13:00:00,235234
2014-05-13 14:00:00,241921
2014-05-13 15:00:00,274155
2014-05-13 16:00:00,361186
2014-05-13 17:00:00,446518
2014-05-13 18:00:00,491423
2014-05-13 19:00:00,506587
2014-05-13 20:00:00,510919
2014-05-13 21:00:00,502108
2014-05-13 22:00:00,508494
2014-05-13 23:00:00,504222
2014-05-14 00:00:00,503535
2014-05-14 01:00:00,528422
2014-05-14 02:00:00,526344
2014-05-14 03:00:00,498139
2014-05-14 04:00:00,488226
2014-05-14 05:00:00,465779
2014-05-14 06:00:00,444208
2014-05-14 07:00:00,385040
2014-05-14 08:00:00,311211
2014-05-14 09:00:00,257031
2014-05-14 10:00:00,231999
2014-05-14 11:00:00,224174
2014-05-14 12:00:00,226371
2014-05-14 13:00:00,223439
2014-05-14 14:00:00,224665
2014-05-14 15:00:00,250099
2014-05-14 16:00:00,318890
2014-05-14 17:00:00,404546
2014-05-14 18:00:00,449297
2014-05-14 19:00:00,405233
2014-05-14 20:00:00,476674
2014-05-14 21:00:00,477883
2014-05-14 22:00:00,485222
2014-05-14 23:00:00,486500
2014-05-15 00:00:00,499961
2014-05-15 01:00:00,522500
2014-05-15 02:00:00,530555
2014-05-15 03:00:00,527882
2014-05-15 04:00:00,548130
2014-05-15 05:00:00,543772
2014-05-15 06:00:00,482842
2014-05-15 07:00:00,387222
2014-05-15 08:00:00,301633
2014-05-15 09:00:00,260299
2014-05-15 10:00:00,245613
2014-05-15 11:00:00,240173
2014-05-15 12:00:00,240240
2014-05-15 13:00:00,239076
2014-05-15 14:00:00,251859
2014-05-15 15:00:00,305240
2014-05-15 16:00:00,410402
2014-05-15 17:00:00,520261
2014-05-15 18:00:00,605095
2014-05-15 19:00:00,626915
2014-05-15 20:00:00,637864
2014-05-15 21:00:00,649610
2014-05-15 22:00:00,641390
2014-05-15 23:00:00,664507
2014-05-16 00:00:00,664619
2014-05-16 01:00:00,696983
2014-05-16 02:00:00,663500
2014-05-16 03:00:00,622573
2014-05-16 04:00:00,625396
2014-05-16 05:00:00,612152
2014-05-16 06:00:00,553956
2014-05-16 07:00:00,429492
2014-05-16 08:00:00,325526
2014-05-16 09:00:00,282628
2014-05-16 10:00:00,249883
2014-05-16 11:00:00,243868
2014-05-16 12:00:00,240684
2014-05-16 13:00:00,245903
2014-05-16 14:00:00,261029
2014-05-16 15:00:00,318880
2014-05-16 16:00:00,444626
2014-05-16 17:00:00,542759
2014-05-16 18:00:00,610576
2014-05-16 19:00:00,628649
2014-05-16 20:00:00,636012
2014-05-16 21:00:00,642697
2014-05-16 22:00:00,649976
2014-05-16 23:00:00,651852
2014-05-17 00:00:00,640329
2014-05-17 01:00:00,664622
2014-05-17 02:00:00,628833
2014-05-17 03:00:00,609410
2014-05-17 04:00:00,595140
2014-05-17 05:00:00,583923
2014-05-17 06:00:00,527952
2014-05-17 07:00:00,421855
2014-05-17 08:00:00,319171
2014-05-17 09:00:00,267353
2014-05-17 10:00:00,257194
2014-05-17 11:00:00,251060
2014-05-17 12:00:00,253121
2014-05-17 13:00:00,253844
2014-05-17 14:00:00,264408
2014-05-17 15:00:00,323024
2014-05-17 16:00:00,454889
2014-05-17 17:00:00,545858
2014-05-17 18:00:00,606528
2014-05-17 19:00:00,621838
2014-05-17 20:00:00,628342
2014-05-17 21:00:00,627524
2014-05-17 22:00:00,632551
2014-05-17 23:00:00,625521
2014-05-18 00:00:00,637117
2014-05-18 01:00:00,653547
2014-05-18 02:00:00,610328
2014-05-18 03:00:00,613390
2014-05-18 04:00:00,604776
2014-05-18 05:00:00,593209
2014-05-18 06:00:00,536633
2014-05-18 07:00:00,400384
2014-05-18 08:00:00,304973
2014-05-18 09:00:00,262396
2014-05-18 10:00:00,248188
2014-05-18 11:00:00,242800
2014-05-18 12:00:00,240418
2014-05-18 13:00:00,238074
2014-05-18 14:00:00,253609
2014-05-18 15:00:00,313042
2014-05-18 16:00:00,446675
2014-05-18 17:00:00,539160
2014-05-18 18:00:00,595022
2014-05-18 19:00:00,615635
2014-05-18 20:00:00,626007
2014-05-18 21:00:00,627984
2014-05-18 22:00:00,627201
2014-05-18 23:00:00,635285
2014-05-19 00:00:00,638593
2014-05-19 01:00:00,664226
2014-05-19 02:00:00,630843
2014-05-19 03:00:00,603603
2014-05-19 04:00:00,606259
2014-05-19 05:00:00,594959
2014-05-19 06:00:00,540766
2014-05-19 07:00:00,427717
2014-05-19 08:00:00,327031
2014-05-19 09:00:00,279213
2014-05-19 10:00:00,261440
2014-05-19 11:00:00,253402
2014-05-19 12:00:00,253587
2014-05-19 13:00:00,257765
2014-05-19 14:00:00,272408
2014-05-19 15:00:00,329519
2014-05-19 16:00:00,445936
2014-05-19 17:00:00,542702
2014-05-19 18:00:00,609834
2014-05-19 19:00:00,618971
2014-05-19 20:00:00,622481
2014-05-19 21:00:00,621805
2014-05-19 22:00:00,617681
2014-05-19 23:00:00,622999
2014-05-20 00:00:00,628108
2014-05-20 01:00:00,645318
2014-05-20 02:00:00,599116
2014-05-20 03:00:00,526827
2014-05-20 04:00:00,518228
2014-05-20 05:00:00,464857
2014-05-20 06:00:00,418254
2014-05-20 07:00:00,368890
2014-05-20 08:00:00,294403
2014-05-20 09:00:00,259138
2014-05-20 10:00:00,230816
2014-05-20 11:00:00,221504
2014-05-20 12:00:00,219462
2014-05-20 13:00:00,220784
2014-05-20 14:00:00,226792
2014-05-20 15:00:00,254697
2014-05-20 16:00:00,325641
2014-05-20 17:00:00,384419
2014-05-20 18:00:00,416140
2014-05-20 19:00:00,442593
2014-05-20 20:00:00,477636
2014-05-20 21:00:00,447172
2014-05-20 22:00:00,466444
2014-05-20 23:00:00,455649
2014-05-21 00:00:00,470149
2014-05-21 01:00:00,484651
2014-05-21 02:00:00,485548
2014-05-21 03:00:00,459053
2014-05-21 04:00:00,460003
2014-05-21 05:00:00,418681
2014-05-21 06:00:00,391827
2014-05-21 07:00:00,345727
2014-05-21 08:00:00,296832
2014-05-21 09:00:00,281874
2014-05-21 10:00:00,256080
2014-05-21 11:00:00,253428
2014-05-21 12:00:00,245124
2014-05-21 13:00:00,254060
2014-05-21 14:00:00,258027
2014-05-21 15:00:00,284810
2014-05-21 16:00:00,366221
2014-05-21 17:00:00,439387
2014-05-21 18:00:00,473225
2014-05-21 19:00:00,481115
2014-05-21 20:00:00,483606
2014-05-21 21:00:00,482574
2014-05-21 22:00:00,477475
2014-05-21 23:00:00,492795
2014-05-22 00:00:00,500359
2014-05-22 01:00:00,536220
2014-05-22 02:00:00,554970
2014-05-22 03:00:00,549406
2014-05-22 04:00:00,566797
2014-05-22 05:00:00,569188
2014-05-22 06:00:00,512268
2014-05-22 07:00:00,410729
2014-05-22 08:00:00,323681
2014-05-22 09:00:00,282175
2014-05-22 10:00:00,265530
2014-05-22 11:00:00,260423
2014-05-22 12:00:00,258921
2014-05-22 13:00:00,259805
2014-05-22 14:00:00,272324
2014-05-22 15:00:00,330617
2014-05-22 16:00:00,447625
2014-05-22 17:00:00,550716
2014-05-22 18:00:00,629648
2014-05-22 19:00:00,657077
2014-05-22 20:00:00,666528
2014-05-22 21:00:00,678225
2014-05-22 22:00:00,679380
2014-05-22 23:00:00,681348
2014-05-23 00:00:00,686683
2014-05-23 01:00:00,710183
2014-05-23 02:00:00,681090
2014-05-23 03:00:00,647454
2014-05-23 04:00:00,650481
2014-05-23 05:00:00,586198
2014-05-23 06:00:00,544367
2014-05-23 07:00:00,425917
2014-05-23 08:00:00,321905
2014-05-23 09:00:00,275693
2014-05-23 10:00:00,258576
2014-05-23 11:00:00,252545
2014-05-23 12:00:00,251463
2014-05-23 13:00:00,252758
2014-05-23 14:00:00,269091
2014-05-23 15:00:00,337280
2014-05-23 16:00:00,465463
2014-05-23 17:00:00,568157
2014-05-23 18:00:00,630776
2014-05-23 19:00:00,648862
2014-05-23 20:00:00,654782
2014-05-23 21:00:00,666338
2014-05-23 22:00:00,667880
2014-05-23 23:00:00,672658
2014-05-24 00:00:00,680311
2014-05-24 01:00:00,707271
2014-05-24 02:00:00,677592
2014-05-24 03:00:00,648714
2014-05-24 04:00:00,655078
2014-05-24 05:00:00,644224
2014-05-24 06:00:00,579270
2014-05-24 07:00:00,454623
2014-05-24 08:00:00,347806
2014-05-24 09:00:00,298816
2014-05-24 10:00:00,280968
2014-05-24 11:00:00,274011
2014-05-24 12:00:00,273073
2014-05-24 13:00:00,274682
2014-05-24 14:00:00,292393
2014-05-24 15:00:00,358847
2014-05-24 16:00:00,483384
2014-05-24 17:00:00,579288
2014-05-24 18:00:00,561006
2014-05-24 19:00:00,608102
2014-05-24 20:00:00,605015
2014-05-24 21:00:00,623317
2014-05-24 22:00:00,639696
2014-05-24 23:00:00,648423
2014-05-25 00:00:00,660663
2014-05-25 01:00:00,688214
2014-05-25 02:00:00,662499
2014-05-25 03:00:00,633965
2014-05-25 04:00:00,636614
2014-05-25 05:00:00,630038
2014-05-25 06:00:00,571832
2014-05-25 07:00:00,453840
2014-05-25 08:00:00,349034
2014-05-25 09:00:00,300958
2014-05-25 10:00:00,282468
2014-05-25 11:00:00,2623
2014-05-25 12:00:00,272549
2014-05-25 13:00:00,246747
2014-05-25 14:00:00,188179
2014-05-25 15:00:00,243060
2014-05-25 16:00:00,422479
2014-05-25 17:00:00,538703
2014-05-25 18:00:00,548214
2014-05-25 19:00:00,565771
2014-05-25 20:00:00,548810
2014-05-25 21:00:00,551902
2014-05-25 22:00:00,543367
2014-05-25 23:00:00,546242
2014-05-26 00:00:00,546670
2014-05-26 01:00:00,562175
2014-05-26 02:00:00,533798
2014-05-26 03:00:00,502171
2014-05-26 04:00:00,506440
2014-05-26 05:00:00,489042
2014-05-26 06:00:00,412932
2014-05-26 07:00:00,385591
2014-05-26 08:00:00,315895
2014-05-26 09:00:00,257669
2014-05-26 10:00:00,235397
2014-05-26 11:00:00,230526
2014-05-26 12:00:00,234670
2014-05-26 13:00:00,230228
2014-05-26 14:00:00,246260
2014-05-26 15:00:00,318857
2014-05-26 16:00:00,452524
2014-05-26 17:00:00,553077
2014-05-26 18:00:00,603343
2014-05-26 19:00:00,568812
2014-05-26 20:00:00,555416
2014-05-26 21:00:00,546550
2014-05-26 22:00:00,521703
2014-05-26 23:00:00,538917
2014-05-27 00:00:00,551093
2014-05-27 01:00:00,545545
2014-05-27 02:00:00,515462
2014-05-27 03:00:00,479255
2014-05-27 04:00:00,471707
2014-05-27 05:00:00,463089
2014-05-27 06:00:00,442235
2014-05-27 07:00:00,383620
2014-05-27 08:00:00,312587
2014-05-27 09:00:00,267830
2014-05-27 10:00:00,248950
2014-05-27 11:00:00,240290
2014-05-27 12:00:00,238241
2014-05-27 13:00:00,237270
2014-05-27 14:00:00,240456
2014-05-27 15:00:00,283376
2014-05-27 16:00:00,375018
2014-05-27 17:00:00,459704
2014-05-27 18:00:00,509701
2014-05-27 19:00:00,522506
2014-05-27 20:00:00,527563
2014-05-27 21:00:00,500011
2014-05-27 22:00:00,509924
2014-05-27 23:00:00,518822
2014-05-28 00:00:00,527629
2014-05-28 01:00:00,525907
2014-05-28 02:00:00,518220
2014-05-28 03:00:00,496484
2014-05-28 04:00:00,477694
2014-05-28 05:00:00,470456
2014-05-28 06:00:00,450232
2014-05-28 07:00:00,385779
2014-05-28 08:00:00,317922
2014-05-28 09:00:00,272288
2014-05-28 10:00:00,253819
2014-05-28 11:00:00,243471
2014-05-28 12:00:00,241761
2014-05-28 13:00:00,239498
2014-05-28 14:00:00,245048
2014-05-28 15:00:00,274721
2014-05-28 16:00:00,348722
2014-05-28 17:00:00,424402
2014-05-28 18:00:00,475580
2014-05-28 19:00:00,504398
2014-05-28 20:00:00,512336
2014-05-28 21:00:00,507074
2014-05-28 22:00:00,512689
2014-05-28 23:00:00,515777
2014-05-29 00:00:00,530212
2014-05-29 01:00:00,544245
2014-05-29 02:00:00,532699
2014-05-29 03:00:00,506041
2014-05-29 04:00:00,502217
2014-05-29 05:00:00,485270
2014-05-29 06:00:00,446388
2014-05-29 07:00:00,376002
2014-05-29 08:00:00,298028
2014-05-29 09:00:00,259179
2014-05-29 10:00:00,243637
2014-05-29 11:00:00,237437
2014-05-29 12:00:00,237379
2014-05-29 13:00:00,237759
2014-05-29 14:00:00,252193
2014-05-29 15:00:00,317759
2014-05-29 16:00:00,447568
2014-05-29 17:00:00,547748
2014-05-29 18:00:00,611297
2014-05-29 19:00:00,575624
2014-05-29 20:00:00,556517
2014-05-29 21:00:00,543000
2014-05-29 22:00:00,542575
2014-05-29 23:00:00,544892
2014-05-30 00:00:00,549740
2014-05-30 01:00:00,559720
2014-05-30 02:00:00,538556
2014-05-30 03:00:00,507170
2014-05-30 04:00:00,499201
2014-05-30 05:00:00,499460
2014-05-30 06:00:00,454949
2014-05-30 07:00:00,379621
2014-05-30 08:00:00,306743
2014-05-30 09:00:00,264447
2014-05-30 10:00:00,247154
2014-05-30 11:00:00,240271
