timestamp,value,anomaly_score,label
2014-11-23 08:00:00,27.1098884496,0.0,0
2014-11-23 09:00:00,40.7764421116,0.0,0
2014-11-23 10:00:00,122.541468932,0.0,0
2014-11-23 11:00:00,168.222793224,0.0,0
2014-11-23 12:00:00,196.942108429,0.0,0
2014-11-23 13:00:00,202.424501196,0.0,0
2014-11-23 14:00:00,261.537720921,0.0,0
2014-11-23 15:00:00,320.817728917,0.0,0
2014-11-23 16:00:00,372.500056475,0.0,0
2014-11-23 17:00:00,468.328693145,0.0,0
2014-11-23 18:00:00,478.622597967,0.0,0
2014-11-23 19:00:00,490.061824692,0.0,0
2014-11-23 20:00:00,526.443740716,0.0,0
2014-11-23 21:00:00,587.571520278,0.0,0
2014-11-23 22:00:00,629.827707114,0.0,0
2014-11-23 23:00:00,669.239733538,0.0,0
2014-11-24 00:00:00,724.212265053,0.0,0
2014-11-24 01:00:00,740.438676387,0.0,0
2014-11-24 02:00:00,807.747472859,0.0,0
2014-11-24 03:00:00,811.171804377,0.0,0
2014-11-24 04:00:00,870.103540388,0.0,0
2014-11-24 05:00:00,919.441780202,0.0,0
2014-11-24 06:00:00,950.030321493,0.0,0
2014-11-24 07:00:00,998.80382388,0.0,0
2014-11-24 08:00:00,1014.33643977,0.0,0
2014-11-24 09:00:00,1058.62916411,0.0,0
2014-11-24 10:00:00,1102.23498363,0.0,0
2014-11-24 11:00:00,1095.13303366,0.0,0
2014-11-24 12:00:00,1111.67190302,0.0,0
2014-11-24 13:00:00,1167.40005871,0.0,0
2014-11-24 14:00:00,1187.97425223,0.0,0
2014-11-24 15:00:00,1206.73513833,0.0,0
2014-11-24 16:00:00,1232.92728196,0.0,0
2014-11-24 17:00:00,1250.93254477,0.0,0
2014-11-24 18:00:00,1301.00733074,0.0,0
2014-11-24 19:00:00,1329.71662297,0.0,0
2014-11-24 20:00:00,1344.72841491,0.0,0
2014-11-24 21:00:00,1331.80592516,0.0,0
2014-11-24 22:00:00,1382.31082304,0.0,0
2014-11-24 23:00:00,1364.45258466,0.0,0
2014-11-25 00:00:00,1419.76414121,0.0,0
2014-11-25 01:00:00,1405.65691413,0.0,0
2014-11-25 02:00:00,1393.89810058,0.0,0
2014-11-25 03:00:00,1393.94137851,0.0,0
2014-11-25 04:00:00,1393.39826517,0.0,0
2014-11-25 05:00:00,1400.46854801,0.0,0
2014-11-25 06:00:00,1393.41917201,0.0,0
2014-11-25 07:00:00,1452.41834758,0.0,0
2014-11-25 08:00:00,1445.93495195,0.0,0
2014-11-25 09:00:00,1422.47765034,0.0,0
2014-11-25 10:00:00,1430.09070732,0.0,0
2014-11-25 11:00:00,1412.30569009,0.0,0
2014-11-25 12:00:00,1465.66944981,0.0,0
2014-11-25 13:00:00,1390.35978907,0.0,0
2014-11-25 14:00:00,1397.05610292,0.0,0
2014-11-25 15:00:00,1393.10401506,0.0,0
2014-11-25 16:00:00,1388.98462493,0.0,0
2014-11-25 17:00:00,1359.04853778,0.0,0
2014-11-25 18:00:00,1301.18081223,0.0,0
2014-11-25 19:00:00,1305.10980871,0.0,0
2014-11-25 20:00:00,1321.51444408,0.0,0
2014-11-25 21:00:00,1294.67714189,1.0,0
2014-11-25 22:00:00,1254.69760686,0.0,0
2014-11-25 23:00:00,1250.198408,0.0,0
2014-11-26 00:00:00,1212.35793157,0.0,0
2014-11-26 01:00:00,1210.08952587,0.0,0
2014-11-26 02:00:00,1149.32042239,0.0,0
2014-11-26 03:00:00,1159.92253394,0.0,0
2014-11-26 04:00:00,1129.21989383,0.0,0
2014-11-26 05:00:00,1095.94665322,0.0,0
2014-11-26 06:00:00,1064.39022718,0.0,0
2014-11-26 07:00:00,1037.67868922,0.0,0
2014-11-26 08:00:00,985.84188084,0.0,0
2014-11-26 09:00:00,963.111696977,0.0,0
2014-11-26 10:00:00,944.688809,0.0,0
2014-11-26 11:00:00,918.013647215,0.0,0
2014-11-26 12:00:00,861.127576224,0.0,0
2014-11-26 13:00:00,817.955525767,0.0,0
2014-11-26 14:00:00,762.741929498,0.0,0
2014-11-26 15:00:00,712.363185511,0.0,0
2014-11-26 16:00:00,685.704837052,0.0,0
2014-11-26 17:00:00,687.949587047,0.0,0
2014-11-26 18:00:00,636.323465815,0.0,0
2014-11-26 19:00:00,573.364156213,0.0,0
2014-11-26 20:00:00,526.336385039,0.0,0
2014-11-26 21:00:00,483.207834457,0.0,0
2014-11-26 22:00:00,469.206030388,0.0,0
2014-11-26 23:00:00,398.30354226,0.0,0
2014-11-27 00:00:00,385.908827557,0.0,0
2014-11-27 01:00:00,328.211842527,0.0,0
2014-11-27 02:00:00,296.728275015,0.0,0
2014-11-27 03:00:00,205.67744642,0.0,0
2014-11-27 04:00:00,178.57784404,0.0,0
2014-11-27 05:00:00,114.153597118,0.0,0
2014-11-27 06:00:00,99.3379657413,0.0,0
2014-11-27 07:00:00,43.4611148047,0.0,0
2014-11-27 08:00:00,-10.831035527,0.0,0
2014-11-27 09:00:00,-20.113862532,0.0,0
2014-11-27 10:00:00,-91.5451839302,0.0,0
2014-11-27 11:00:00,-120.921957191,0.0,0
2014-11-27 12:00:00,-170.704183007,0.0,0
2014-11-27 13:00:00,-248.437940129,0.0,0
2014-11-27 14:00:00,-289.742179386,0.0,0
2014-11-27 15:00:00,-320.137470546,1.0,0
2014-11-27 16:00:00,-388.742088496,0.0,0
2014-11-27 17:00:00,-396.311310576,0.0,0
2014-11-27 18:00:00,-478.218188815,1.0,0
2014-11-27 19:00:00,-459.521842232,0.0,0
2014-11-27 20:00:00,-545.891122835,0.0,0
2014-11-27 21:00:00,-541.19239589,0.0,0
2014-11-27 22:00:00,-625.45371933,0.0,0
2014-11-27 23:00:00,-676.811925888,0.0,0
2014-11-28 00:00:00,-694.668640758,1.0,0
2014-11-28 01:00:00,-732.593773111,0.0,0
2014-11-28 02:00:00,-805.542503293,0.0,0
2014-11-28 03:00:00,-784.295157174,0.0,0
2014-11-28 04:00:00,-865.137641426,0.0,0
2014-11-28 05:00:00,-868.777697625,0.0,0
2014-11-28 06:00:00,-898.593702707,0.0,0
2014-11-28 07:00:00,-938.166055976,0.0,0
2014-11-28 08:00:00,-974.526564084,0.0,0
2014-11-28 09:00:00,-997.698602452,0.0,0
2014-11-28 10:00:00,-1052.92834812,1.0,0
2014-11-28 11:00:00,-1074.77471571,0.0,0
2014-11-28 12:00:00,-1107.4725069,0.0,0
2014-11-28 13:00:00,-1075.80300598,0.0,0
2014-11-28 14:00:00,-1101.12945222,0.0,0
2014-11-28 15:00:00,-1149.33739479,0.0,0
2014-11-28 16:00:00,-1201.65859593,0.0,0
2014-11-28 17:00:00,-1195.38232575,0.0,0
2014-11-28 18:00:00,-1181.69505302,0.0,0
2014-11-28 19:00:00,-1240.14483425,0.0,0
2014-11-28 20:00:00,-1228.67383043,1.0,0
2014-11-28 21:00:00,-1279.70147273,0.0,0
2014-11-28 22:00:00,-1257.11451062,0.0,0
2014-11-28 23:00:00,-1302.52021132,0.0,0
2014-11-29 00:00:00,-1317.66942358,0.0,0
2014-11-29 01:00:00,-1319.74307225,0.0,0
2014-11-29 02:00:00,-1324.23804667,0.0,0
2014-11-29 03:00:00,-1329.89304884,0.0,0
2014-11-29 04:00:00,-1298.46405602,0.0,0
2014-11-29 05:00:00,-1314.31593633,0.0,0
2014-11-29 06:00:00,-1322.73643505,0.0,0
2014-11-29 07:00:00,-1337.39554558,1.0,0
2014-11-29 08:00:00,-1333.01397244,0.0,0
2014-11-29 09:00:00,-1323.36525758,0.0,0
2014-11-29 10:00:00,-1324.78393987,0.0,0
2014-11-29 11:00:00,-1303.18151703,0.0,0
2014-11-29 12:00:00,-1274.84292988,0.0,0
2014-11-29 13:00:00,-1299.00801595,0.0,0
2014-11-29 14:00:00,-1231.31036486,0.0,0
2014-11-29 15:00:00,-1276.20597896,0.0,0
2014-11-29 16:00:00,-1235.70012966,0.0,0
2014-11-29 17:00:00,-1167.45838593,0.0,0
2014-11-29 18:00:00,-1180.62865174,1.0,0
2014-11-29 19:00:00,-1185.31591778,0.0,0
2014-11-29 20:00:00,-1177.48895251,0.0,0
2014-11-29 21:00:00,-1124.98318941,0.0,0
2014-11-29 22:00:00,-1114.03561154,0.0,0
2014-11-29 23:00:00,-1096.87003346,0.0,0
2014-11-30 00:00:00,-1056.24529378,0.0,0
2014-11-30 01:00:00,-1045.83391472,0.0,0
2014-11-30 02:00:00,-951.140043934,0.0,0
2014-11-30 03:00:00,-941.874494043,0.0,0
2014-11-30 04:00:00,-929.795334798,0.0,0
2014-11-30 05:00:00,-899.046082449,0.0,0
2014-11-30 06:00:00,-892.168208073,0.0,0
2014-11-30 07:00:00,-827.831889826,0.0,0
2014-11-30 08:00:00,-818.378428313,0.0,0
2014-11-30 09:00:00,-795.849254214,0.0,0
2014-11-30 10:00:00,-697.792318573,0.0,0
2014-11-30 11:00:00,-718.583936752,0.0,0
2014-11-30 12:00:00,-666.108898475,0.0,0
2014-11-30 13:00:00,-632.861253066,0.0,0
2014-11-30 14:00:00,-599.057091423,0.0,0
2014-11-30 15:00:00,-525.060160277,0.0,0
2014-11-30 16:00:00,-527.398711083,0.0,0
2014-11-30 17:00:00,-456.836811949,0.0,0
2014-11-30 18:00:00,-421.057564813,0.0,0
2014-11-30 19:00:00,-394.115105197,0.0,0
2014-11-30 20:00:00,-321.806268696,0.0,0
2014-11-30 21:00:00,-284.311946589,0.0,0
2014-11-30 22:00:00,-242.215246785,0.0,0
2014-11-30 23:00:00,-163.318617409,0.0,0
2014-12-01 00:00:00,-126.563358154,0.0,0
2014-12-01 01:00:00,-93.193990126,0.0,0
2014-12-01 02:00:00,-41.3376299011,0.0,0
2014-12-01 03:00:00,-13.2668024197,0.0,0
2014-12-01 04:00:00,44.9485095501,0.0,0
2014-12-01 05:00:00,119.350508745,0.0,0
2014-12-01 06:00:00,142.898265858,0.0,0
2014-12-01 07:00:00,193.65861439,0.0,0
2014-12-01 08:00:00,279.706889785,0.0,0
2014-12-01 09:00:00,269.198915083,0.0,0
2014-12-01 10:00:00,350.755597306,0.0,0
2014-12-01 11:00:00,414.543803967,0.0,0
2014-12-01 12:00:00,400.672598414,0.0,0
2014-12-01 13:00:00,469.128579731,0.0,0
2014-12-01 14:00:00,505.920253413,0.0,0
2014-12-01 15:00:00,548.713653999,0.0,0
2014-12-01 16:00:00,581.487752491,0.0,0
2014-12-01 17:00:00,628.519666954,0.0,0
2014-12-01 18:00:00,717.307426405,0.0,0
2014-12-01 19:00:00,745.802014723,0.0,0
2014-12-01 20:00:00,791.6252477,0.0,0
2014-12-01 21:00:00,849.326181331,0.0,0
2014-12-01 22:00:00,849.466531263,0.0,0
2014-12-01 23:00:00,913.99633748,0.0,0
2014-12-02 00:00:00,934.43104245,0.0,0
2014-12-02 01:00:00,963.136045992,0.0,0
2014-12-02 02:00:00,1030.13666807,0.0,0
2014-12-02 03:00:00,1047.51302096,0.0,0
2014-12-02 04:00:00,1059.37967423,0.0,0
2014-12-02 05:00:00,1110.74148221,0.0,0
2014-12-02 06:00:00,1180.03781454,0.0,0
2014-12-02 07:00:00,1205.01680709,0.0,0
2014-12-02 08:00:00,1180.39294993,0.0,0
2014-12-02 09:00:00,1242.4112212,0.0,0
2014-12-02 10:00:00,1286.40141992,0.0,0
2014-12-02 11:00:00,1261.41900159,0.0,0
2014-12-02 12:00:00,1350.75646583,0.0,0
2014-12-02 13:00:00,1334.13382997,0.0,0
2014-12-02 14:00:00,1374.35895322,0.0,0
2014-12-02 15:00:00,1386.06712098,0.0,0
2014-12-02 16:00:00,1443.48760768,1.0,0
2014-12-02 17:00:00,1398.242056,0.0,0
2014-12-02 18:00:00,1443.60448811,0.0,0
2014-12-02 19:00:00,1440.03265674,0.0,0
2014-12-02 20:00:00,1485.64884948,0.0,0
2014-12-02 21:00:00,1536.9511868,0.0,0
2014-12-02 22:00:00,1469.86542291,0.0,0
2014-12-02 23:00:00,1510.40308182,0.0,0
2014-12-03 00:00:00,1517.1208301,0.0,0
2014-12-03 01:00:00,1559.57832264,0.0,0
2014-12-03 02:00:00,1512.04697164,0.0,0
2014-12-03 03:00:00,1547.01950938,0.0,0
2014-12-03 04:00:00,1574.61337957,0.0,0
2014-12-03 05:00:00,1534.34681692,0.0,0
2014-12-03 06:00:00,1524.30100047,0.0,0
2014-12-03 07:00:00,1533.5038042,0.0,0
2014-12-03 08:00:00,1543.6423046,0.0,0
2014-12-03 09:00:00,1506.52395114,0.0,0
2014-12-03 10:00:00,1554.88605437,0.0,0
2014-12-03 11:00:00,1512.74511826,1.0,0
2014-12-03 12:00:00,1441.76638335,0.0,0
2014-12-03 13:00:00,1468.16517961,0.0,0
2014-12-03 14:00:00,1511.07782367,0.0,0
2014-12-03 15:00:00,1443.7604412,0.0,0
2014-12-03 16:00:00,1446.38534987,0.0,0
2014-12-03 17:00:00,1432.22170334,1.0,0
2014-12-03 18:00:00,1379.18975564,0.0,0
2014-12-03 19:00:00,1403.03273001,0.0,0
2014-12-03 20:00:00,1380.20713207,0.0,0
2014-12-03 21:00:00,1387.99013326,0.0,0
2014-12-03 22:00:00,1346.32694736,0.0,0
2014-12-03 23:00:00,1300.99057918,0.0,0
2014-12-04 00:00:00,1270.94494095,0.0,0
2014-12-04 01:00:00,1257.57575378,0.0,0
2014-12-04 02:00:00,1197.17884835,0.0,0
2014-12-04 03:00:00,1187.82378719,0.0,0
2014-12-04 04:00:00,1161.67828421,0.0,0
2014-12-04 05:00:00,1133.38203988,0.0,0
2014-12-04 06:00:00,1064.49293969,0.0,0
2014-12-04 07:00:00,1084.485183,0.0,0
2014-12-04 08:00:00,1032.99264288,0.0,0
2014-12-04 09:00:00,1034.42016827,0.0,0
2014-12-04 10:00:00,904.693973407,0.0,0
2014-12-04 11:00:00,893.74506825,0.0,0
2014-12-04 12:00:00,831.048838127,0.0,0
2014-12-04 13:00:00,818.354015825,0.0,0
2014-12-04 14:00:00,793.113401083,0.0,0
2014-12-04 15:00:00,781.069100153,0.0,0
2014-12-04 16:00:00,694.074058474,0.0,0
2014-12-04 17:00:00,635.686778561,0.0,0
2014-12-04 18:00:00,611.324131408,0.0,0
2014-12-04 19:00:00,587.240802495,0.0,0
2014-12-04 20:00:00,533.984502315,0.0,0
2014-12-04 21:00:00,513.412363981,0.0,0
2014-12-04 22:00:00,434.655316129,0.0,0
2014-12-04 23:00:00,361.221275486,0.0,0
2014-12-05 00:00:00,370.462283098,0.0,0
2014-12-05 01:00:00,281.548069323,0.0,0
2014-12-05 02:00:00,272.169551198,0.0,0
2014-12-05 03:00:00,224.183978465,0.0,0
2014-12-05 04:00:00,175.295454312,0.0,0
2014-12-05 05:00:00,157.874792592,0.0,0
2014-12-05 06:00:00,71.5313351598,0.0,0
2014-12-05 07:00:00,2.55187699252,0.0,0
2014-12-05 08:00:00,-14.0742329455,0.0,0
2014-12-05 09:00:00,-65.6318322777,0.0,0
2014-12-05 10:00:00,-92.5225185634,0.0,0
2014-12-05 11:00:00,-116.324788163,0.0,0
2014-12-05 12:00:00,-233.065809194,0.0,0
2014-12-05 13:00:00,-243.61664295,0.0,0
2014-12-05 14:00:00,-281.227815372,0.0,0
2014-12-05 15:00:00,-314.239829982,0.0,0
2014-12-05 16:00:00,-382.944807564,0.0,0
2014-12-05 17:00:00,-402.039606789,0.0,0
2014-12-05 18:00:00,-443.517169468,0.0,0
2014-12-05 19:00:00,-492.381173577,0.0,0
2014-12-05 20:00:00,-534.592894807,0.0,0
2014-12-05 21:00:00,-540.255874119,0.0,0
2014-12-05 22:00:00,-595.158414949,0.0,0
2014-12-05 23:00:00,-605.612277357,0.0,0
2014-12-06 00:00:00,-688.82442695,0.0,0
2014-12-06 01:00:00,-744.837756301,0.0,0
2014-12-06 02:00:00,-761.550025133,0.0,0
2014-12-06 03:00:00,-784.704823339,0.0,0
2014-12-06 04:00:00,-824.200419956,0.0,0
2014-12-06 05:00:00,-859.184698819,0.0,0
2014-12-06 06:00:00,-913.862624164,0.0,0
2014-12-06 07:00:00,-926.51738347,0.0,0
2014-12-06 08:00:00,-960.625286126,0.0,0
2014-12-06 09:00:00,-957.724452672,0.0,0
2014-12-06 10:00:00,-982.287822689,0.0,0
2014-12-06 11:00:00,-981.231915279,0.0,0
2014-12-06 12:00:00,-1043.19963317,0.0,0
2014-12-06 13:00:00,-1037.73261255,0.0,0
2014-12-06 14:00:00,-1087.711575,0.0,0
2014-12-06 15:00:00,-1128.06504452,0.0,0
2014-12-06 16:00:00,-1104.31802623,0.0,0
2014-12-06 17:00:00,-1140.1105223,0.0,0
2014-12-06 18:00:00,-1161.03103151,0.0,0
2014-12-06 19:00:00,-1172.23161434,0.0,0
2014-12-06 20:00:00,-1144.81606395,0.0,0
2014-12-06 21:00:00,-1144.53191905,0.0,0
2014-12-06 22:00:00,-1164.74797948,0.0,0
2014-12-06 23:00:00,-1198.47097581,0.0,0
2014-12-07 00:00:00,-1225.54419033,0.0,0
2014-12-07 01:00:00,-1197.14087611,0.0,0
2014-12-07 02:00:00,-1180.66977765,0.0,0
2014-12-07 03:00:00,-1187.16337079,0.0,0
2014-12-07 04:00:00,-1197.29899567,0.0,0
2014-12-07 05:00:00,-1196.85116197,0.0,0
2014-12-07 06:00:00,-1215.3082376,0.0,0
2014-12-07 07:00:00,-1182.81133009,0.0,0
2014-12-07 08:00:00,-1183.96815109,0.0,0
2014-12-07 09:00:00,-1175.19789123,0.0,0
2014-12-07 10:00:00,-1170.8374304,0.0,0
2014-12-07 11:00:00,-1179.38137463,0.0,0
2014-12-07 12:00:00,-1154.48543451,0.0,0
2014-12-07 13:00:00,-1111.44687142,0.0,0
2014-12-07 14:00:00,-1110.75014375,0.0,0
2014-12-07 15:00:00,-1093.84734701,0.0,0
2014-12-07 16:00:00,-1079.22731593,0.0,0
2014-12-07 17:00:00,-1025.65451498,0.0,0
2014-12-07 18:00:00,-1033.04517077,0.0,0
2014-12-07 19:00:00,-1005.20405506,0.0,0
2014-12-07 20:00:00,-982.969373617,0.0,0
2014-12-07 21:00:00,-980.684927233,0.0,0
2014-12-07 22:00:00,-934.922631676,0.0,0
2014-12-07 23:00:00,-878.316051296,0.0,0
2014-12-08 00:00:00,-866.310544624,0.0,0
2014-12-08 01:00:00,-875.820445428,0.0,0
2014-12-08 02:00:00,-811.940308139,0.0,0
2014-12-08 03:00:00,-768.917638628,0.0,0
2014-12-08 04:00:00,-748.270129572,0.0,0
2014-12-08 05:00:00,-695.227051531,0.0,0
2014-12-08 06:00:00,-679.241764408,0.0,0
2014-12-08 07:00:00,-660.668533744,0.0,0
2014-12-08 08:00:00,-585.312269668,0.0,0
2014-12-08 09:00:00,-556.259055692,0.0,0
2014-12-08 10:00:00,-510.649527687,0.0,0
2014-12-08 11:00:00,-459.685510895,0.0,0
2014-12-08 12:00:00,-436.115671508,0.0,0
2014-12-08 13:00:00,-432.478872568,0.0,0
2014-12-08 14:00:00,-353.034824822,0.0,0
2014-12-08 15:00:00,-346.652338225,0.0,0
2014-12-08 16:00:00,-279.526102136,0.0,0
2014-12-08 17:00:00,-203.920239899,0.0,0
2014-12-08 18:00:00,-215.168372264,0.0,0
2014-12-08 19:00:00,-131.451852971,0.0,0
2014-12-08 20:00:00,-100.728479004,0.0,0
2014-12-08 21:00:00,-48.1951282096,0.0,0
2014-12-08 22:00:00,24.9949220432,0.0,0
2014-12-08 23:00:00,60.6733139103,0.0,0
2014-12-09 00:00:00,125.06929509,0.0,0
2014-12-09 01:00:00,121.015326854,0.0,0
2014-12-09 02:00:00,173.564979664,0.0,0
2014-12-09 03:00:00,223.014449891,0.0,0
2014-12-09 04:00:00,283.174609039,0.0,0
2014-12-09 05:00:00,311.819055135,0.0,0
2014-12-09 06:00:00,362.48032263,0.0,0
2014-12-09 07:00:00,405.902435942,0.0,0
2014-12-09 08:00:00,485.508078495,0.0,0
2014-12-09 09:00:00,530.520222386,0.0,0
2014-12-09 10:00:00,584.097226015,0.0,0
2014-12-09 11:00:00,666.229996436,0.0,0
2014-12-09 12:00:00,651.615731557,0.0,0
2014-12-09 13:00:00,714.380554784,0.0,0
2014-12-09 14:00:00,812.665692278,0.0,0
2014-12-09 15:00:00,799.353078825,0.0,0
2014-12-09 16:00:00,829.027061574,0.0,0
2014-12-09 17:00:00,852.290963035,0.0,0
2014-12-09 18:00:00,902.763807764,0.0,0
2014-12-09 19:00:00,919.55838476,0.0,0
2014-12-09 20:00:00,961.984572537,0.0,0
2014-12-09 21:00:00,1025.64444003,0.0,0
2014-12-09 22:00:00,1079.11779301,0.0,0
2014-12-09 23:00:00,1110.60271565,0.0,0
2014-12-10 00:00:00,1137.94136539,0.0,0
2014-12-10 01:00:00,1143.30319511,0.0,0
2014-12-10 02:00:00,1229.68410858,0.0,0
2014-12-10 03:00:00,1258.74981477,0.0,0
2014-12-10 04:00:00,1315.18937833,0.0,0
2014-12-10 05:00:00,1273.25396222,0.0,0
2014-12-10 06:00:00,1336.02218722,0.0,0
2014-12-10 07:00:00,1407.39938232,0.0,0
2014-12-10 08:00:00,1400.43920636,0.0,0
2014-12-10 09:00:00,1453.14102604,0.0,0
2014-12-10 10:00:00,1460.90476069,0.0,0
2014-12-10 11:00:00,1475.15742873,0.0,0
2014-12-10 12:00:00,1513.58007569,0.0,0
2014-12-10 13:00:00,1477.27634498,1.0,0
2014-12-10 14:00:00,1527.26794059,0.0,0
2014-12-10 15:00:00,1565.02768628,0.0,0
2014-12-10 16:00:00,1596.91046907,0.0,0
2014-12-10 17:00:00,1599.85280585,0.0,0
2014-12-10 18:00:00,1601.32762707,0.0,0
2014-12-10 19:00:00,1633.24323838,0.0,0
2014-12-10 20:00:00,1620.11418091,0.0,0
2014-12-10 21:00:00,1605.63206022,0.0,0
2014-12-10 22:00:00,1635.81502944,0.0,0
2014-12-10 23:00:00,1638.87814988,0.0,0
2014-12-11 00:00:00,1654.52434553,0.0,0
2014-12-11 01:00:00,1641.6552926,0.0,0
2014-12-11 02:00:00,1664.72329522,0.0,0
2014-12-11 03:00:00,1694.11648272,0.0,0
2014-12-11 04:00:00,1611.37494102,0.0,0
2014-12-11 05:00:00,1658.10800039,0.0,0
2014-12-11 06:00:00,1625.86841699,0.0,0
2014-12-11 07:00:00,1621.50951104,0.0,0
2014-12-11 08:00:00,1588.73687447,0.0,0
2014-12-11 09:00:00,1612.07614535,0.0,0
2014-12-11 10:00:00,1613.69224128,0.0,0
2014-12-11 11:00:00,1564.35052535,0.0,0
2014-12-11 12:00:00,1621.21489479,0.0,0
2014-12-11 13:00:00,1549.27866207,0.0,0
2014-12-11 14:00:00,1500.65949825,0.0,0
2014-12-11 15:00:00,1527.98269171,0.0,0
2014-12-11 16:00:00,1560.23028698,0.0,0
2014-12-11 17:00:00,1523.44931256,0.0,0
2014-12-11 18:00:00,1494.4836282,0.0,0
2014-12-11 19:00:00,1460.62694562,0.0,0
2014-12-11 20:00:00,1428.84783833,1.0,0
2014-12-11 21:00:00,1383.7814126,0.0,0
2014-12-11 22:00:00,1333.89548026,0.0,0
2014-12-11 23:00:00,1290.24172947,0.0,0
2014-12-12 00:00:00,1282.35343652,0.0,0
2014-12-12 01:00:00,1238.70082443,0.0,0
2014-12-12 02:00:00,1223.31173816,0.0,0
2014-12-12 03:00:00,1226.19754776,0.0,0
2014-12-12 04:00:00,1158.12130329,0.0,0
2014-12-12 05:00:00,1109.19028181,0.0,0
2014-12-12 06:00:00,1084.91552954,0.0,0
2014-12-12 07:00:00,1032.16352145,0.0,0
2014-12-12 08:00:00,1047.15421557,0.0,0
2014-12-12 09:00:00,959.929998041,0.0,0
2014-12-12 10:00:00,948.808947467,0.0,0
2014-12-12 11:00:00,923.67889438,0.0,0
2014-12-12 12:00:00,895.682157686,0.0,0
2014-12-12 13:00:00,868.50198839,0.0,0
2014-12-12 14:00:00,749.431323802,0.0,0
2014-12-12 15:00:00,762.91151412,0.0,0
2014-12-12 16:00:00,688.390227906,0.0,0
2014-12-12 17:00:00,652.39701627,0.0,0
2014-12-12 18:00:00,642.276263584,0.0,0
2014-12-12 19:00:00,554.44949683,0.0,0
2014-12-12 20:00:00,536.463463188,0.0,0
2014-12-12 21:00:00,474.958295511,0.0,0
2014-12-12 22:00:00,421.136409476,0.0,0
2014-12-12 23:00:00,415.387092272,0.0,0
2014-12-13 00:00:00,335.262960787,0.0,0
2014-12-13 01:00:00,289.66417665,0.0,0
2014-12-13 02:00:00,262.881047824,0.0,0
2014-12-13 03:00:00,221.640555572,0.0,0
2014-12-13 04:00:00,137.280711755,0.0,0
2014-12-13 05:00:00,135.142014023,0.0,0
2014-12-13 06:00:00,52.2777437011,0.0,0
2014-12-13 07:00:00,1.82663646397,0.0,0
2014-12-13 08:00:00,-73.4546765039,0.0,0
2014-12-13 09:00:00,-72.0765615014,0.0,0
2014-12-13 10:00:00,-106.539435541,0.0,0
2014-12-13 11:00:00,-171.789660021,0.0,0
2014-12-13 12:00:00,-174.098508003,0.0,0
2014-12-13 13:00:00,-229.877162007,0.0,0
2014-12-13 14:00:00,-282.936889226,0.0,0
2014-12-13 15:00:00,-288.578442302,0.0,0
2014-12-13 16:00:00,-398.921120366,0.0,0
2014-12-13 17:00:00,-401.480420531,0.0,0
2014-12-13 18:00:00,-429.061892684,0.0,0
2014-12-13 19:00:00,-506.25692045,0.0,0
2014-12-13 20:00:00,-528.428685476,0.0,0
2014-12-13 21:00:00,-560.99264671,0.0,0
2014-12-13 22:00:00,-605.013443072,0.0,0
2014-12-13 23:00:00,-629.077017556,0.0,0
2014-12-14 00:00:00,-667.64557203,0.0,0
2014-12-14 01:00:00,-714.657489674,0.0,0
2014-12-14 02:00:00,-712.921885288,0.0,0
2014-12-14 03:00:00,-771.608620716,0.0,0
2014-12-14 04:00:00,-802.083334727,0.0,0
2014-12-14 05:00:00,-807.056102253,0.0,0
2014-12-14 06:00:00,-808.573169652,0.0,0
2014-12-14 07:00:00,-906.914118677,0.0,0
2014-12-14 08:00:00,-890.240374875,0.0,0
2014-12-14 09:00:00,-909.212782422,0.0,0
2014-12-14 10:00:00,-938.763877611,0.0,0
2014-12-14 11:00:00,-906.06972951,0.0,0
2014-12-14 12:00:00,-952.507829052,0.0,0
2014-12-14 13:00:00,-1007.79737592,0.0,0
2014-12-14 14:00:00,-1025.93886772,0.0,0
2014-12-14 15:00:00,-1008.40918264,0.0,0
2014-12-14 16:00:00,-1019.77669927,0.0,0
2014-12-14 17:00:00,-1037.67229273,0.0,0
2014-12-14 18:00:00,-1075.83384848,0.0,0
2014-12-14 19:00:00,-1060.66814173,0.0,0
2014-12-14 20:00:00,-1080.94061493,0.0,0
2014-12-14 21:00:00,-1046.29451014,0.0,0
2014-12-14 22:00:00,-1107.38125504,0.0,0
2014-12-14 23:00:00,-1091.4925434,0.0,0
2014-12-15 00:00:00,-1114.91458508,0.0,0
2014-12-15 01:00:00,-1113.68467496,0.0,0
2014-12-15 02:00:00,-1091.09882772,0.0,0
2014-12-15 03:00:00,-1092.67429467,0.0,0
2014-12-15 04:00:00,-1093.299273,0.0,0
2014-12-15 05:00:00,-1043.79668924,0.0,0
2014-12-15 06:00:00,-1066.49550248,0.0,0
2014-12-15 07:00:00,-1031.11489621,0.0,0
2014-12-15 08:00:00,-1068.38025656,0.0,0
2014-12-15 09:00:00,-1040.40330465,0.0,0
2014-12-15 10:00:00,-1050.71542123,0.0,0
2014-12-15 11:00:00,-975.493318101,0.0,0
2014-12-15 12:00:00,-1009.42798078,0.0,0
2014-12-15 13:00:00,-939.49370688,0.0,0
2014-12-15 14:00:00,-971.487080924,0.0,0
2014-12-15 15:00:00,-931.482267319,0.0,0
2014-12-15 16:00:00,-967.331147721,0.0,0
2014-12-15 17:00:00,-888.24635353,0.0,0
2014-12-15 18:00:00,-857.540829362,0.0,0
2014-12-15 19:00:00,-871.646024591,0.0,0
2014-12-15 20:00:00,-809.618951798,0.0,0
2014-12-15 21:00:00,-781.84882438,0.0,0
2014-12-15 22:00:00,-782.991561039,0.0,0
2014-12-15 23:00:00,-694.109402662,0.0,0
2014-12-16 00:00:00,-705.932010991,0.0,0
2014-12-16 01:00:00,-651.440466773,0.0,0
2014-12-16 02:00:00,-600.307000274,0.0,0
2014-12-16 03:00:00,-587.476967258,0.0,0
2014-12-16 04:00:00,-524.107680986,0.0,0
2014-12-16 05:00:00,-499.377868152,0.0,0
2014-12-16 06:00:00,-432.270737911,0.0,0
2014-12-16 07:00:00,-438.011714766,0.0,0
2014-12-16 08:00:00,-408.215701405,0.0,0
2014-12-16 09:00:00,-335.273575834,0.0,0
2014-12-16 10:00:00,-305.12937239,0.0,0
2014-12-16 11:00:00,-264.777509226,0.0,0
2014-12-16 12:00:00,-205.041462744,0.0,0
2014-12-16 13:00:00,-161.584224101,0.0,0
2014-12-16 14:00:00,-127.119034503,0.0,0
2014-12-16 15:00:00,-69.4270798523,0.0,0
2014-12-16 16:00:00,-21.7042149952,0.0,0
2014-12-16 17:00:00,25.572137701,0.0,0
2014-12-16 18:00:00,74.316984839,0.0,0
2014-12-16 19:00:00,127.481653519,0.0,0
2014-12-16 20:00:00,143.971416525,0.0,0
2014-12-16 21:00:00,184.328936344,0.0,0
2014-12-16 22:00:00,214.684979654,0.0,0
2014-12-16 23:00:00,282.455569122,0.0,0
2014-12-17 00:00:00,315.02175651,0.0,0
2014-12-17 01:00:00,390.161214492,0.0,0
2014-12-17 02:00:00,424.337457631,0.0,0
2014-12-17 03:00:00,463.693264381,0.0,0
2014-12-17 04:00:00,501.612268068,0.0,0
2014-12-17 05:00:00,569.936821633,0.0,0
2014-12-17 06:00:00,602.393738912,0.0,0
2014-12-17 07:00:00,634.466864986,0.0,0
2014-12-17 08:00:00,676.908105204,0.0,0
2014-12-17 09:00:00,774.85628698,0.0,0
2014-12-17 10:00:00,782.262982065,0.0,0
2014-12-17 11:00:00,824.733304596,0.0,0
2014-12-17 12:00:00,878.315746601,0.0,0
2014-12-17 13:00:00,915.469183543,0.0,0
2014-12-17 14:00:00,960.686374692,0.0,0
2014-12-17 15:00:00,1005.21541104,0.0,0
2014-12-17 16:00:00,1040.15040902,0.0,0
2014-12-17 17:00:00,1070.09432027,0.0,0
2014-12-17 18:00:00,1147.50488292,0.0,0
2014-12-17 19:00:00,1168.77298304,0.0,0
2014-12-17 20:00:00,1178.39133867,0.0,0
2014-12-17 21:00:00,1262.34298951,0.0,0
2014-12-17 22:00:00,1244.5916506,0.0,0
2014-12-17 23:00:00,1307.38604701,0.0,0
2014-12-18 00:00:00,1343.3943791,0.0,0
2014-12-18 01:00:00,1362.24477062,0.0,0
2014-12-18 02:00:00,1419.37276628,0.0,0
2014-12-18 03:00:00,1411.92757002,0.0,0
2014-12-18 04:00:00,1504.45165606,0.0,0
2014-12-18 05:00:00,1508.0323349,0.0,0
2014-12-18 06:00:00,1562.51912983,0.0,0
2014-12-18 07:00:00,1565.56185754,0.0,0
2014-12-18 08:00:00,1540.48090636,0.0,0
2014-12-18 09:00:00,1612.06994457,0.0,0
2014-12-18 10:00:00,1629.06817314,0.0,0
2014-12-18 11:00:00,1660.97675079,0.0,0
2014-12-18 12:00:00,1680.36551925,0.0,0
2014-12-18 13:00:00,1684.34813167,0.0,0
2014-12-18 14:00:00,1703.46768817,0.0,0
2014-12-18 15:00:00,1692.02699155,0.0,0
2014-12-18 16:00:00,1750.01414065,0.0,0
2014-12-18 17:00:00,1690.73532381,0.0,0
2014-12-18 18:00:00,1697.81143196,0.0,0
2014-12-18 19:00:00,1718.18611714,0.0,0
2014-12-18 20:00:00,1770.89725537,0.0,0
2014-12-18 21:00:00,1733.48101021,0.0,0
2014-12-18 22:00:00,1752.08992305,0.0,0
2014-12-18 23:00:00,1763.76643148,0.0,0
2014-12-19 00:00:00,1752.19835963,0.0,0
2014-12-19 01:00:00,1717.36991857,0.0,0
2014-12-19 02:00:00,1782.91907831,0.0,0
2014-12-19 03:00:00,1752.50103533,0.0,0
2014-12-19 04:00:00,1759.43757124,0.0,0
2014-12-19 05:00:00,1741.06292458,0.0,0
2014-12-19 06:00:00,1720.97159917,0.0,0
2014-12-19 07:00:00,3225.59606929,0.0,0
2014-12-19 08:00:00,3225.59606929,0.0,0
2014-12-19 09:00:00,3225.59606929,0.0,0
2014-12-19 10:00:00,1657.47986371,0.0,0
2014-12-19 11:00:00,1692.87629381,0.0,0
2014-12-19 12:00:00,1628.86061032,0.0,0
2014-12-19 13:00:00,1629.13385937,0.0,0
2014-12-19 14:00:00,1578.36105948,0.0,0
2014-12-19 15:00:00,1600.97624283,0.0,0
2014-12-19 16:00:00,1575.84833033,0.0,0
2014-12-19 17:00:00,1533.22330198,0.0,0
2014-12-19 18:00:00,1545.78101562,0.0,0
2014-12-19 19:00:00,1475.41010807,0.0,0
2014-12-19 20:00:00,1451.77246009,0.0,0
2014-12-19 21:00:00,1451.6037322,0.0,0
2014-12-19 22:00:00,1407.5178418,0.0,0
2014-12-19 23:00:00,1384.06258146,0.0,0
2014-12-20 00:00:00,1364.1592201,0.0,0
2014-12-20 01:00:00,1304.63329951,0.0,0
2014-12-20 02:00:00,1278.27774925,0.0,0
2014-12-20 03:00:00,1215.32774413,0.0,0
2014-12-20 04:00:00,1201.75995965,0.0,0
2014-12-20 05:00:00,1147.83307127,0.0,0
2014-12-20 06:00:00,1142.58972942,0.0,0
2014-12-20 07:00:00,1075.45059028,0.0,0
2014-12-20 08:00:00,1036.9737709,0.0,0
2014-12-20 09:00:00,995.436585475,0.0,0
2014-12-20 10:00:00,911.280383742,0.0,0
2014-12-20 11:00:00,891.022694495,0.0,0
2014-12-20 12:00:00,910.396349501,0.0,0
2014-12-20 13:00:00,840.741450113,0.0,0
2014-12-20 14:00:00,783.000410217,0.0,0
2014-12-20 15:00:00,734.663919823,0.0,0
2014-12-20 16:00:00,690.022953152,0.0,0
2014-12-20 17:00:00,657.744869805,0.0,0
2014-12-20 18:00:00,2114.07175319,0.0,0
2014-12-20 19:00:00,2114.07175319,0.0,0
2014-12-20 20:00:00,2114.07175319,0.0,0
2014-12-20 21:00:00,440.168604628,1.0,0
2014-12-20 22:00:00,411.704748531,0.0,0
2014-12-20 23:00:00,385.529275262,0.0,0
2014-12-21 00:00:00,298.60786063,0.0,0
2014-12-21 01:00:00,304.618079782,0.0,0
2014-12-21 02:00:00,262.292820493,0.0,0
2014-12-21 03:00:00,191.833115574,0.0,0
2014-12-21 04:00:00,152.415825744,0.0,0
2014-12-21 05:00:00,129.954904584,0.0,0
2014-12-21 06:00:00,44.8358027072,0.0,0
2014-12-21 07:00:00,-6.89474627764,0.0,0
2014-12-21 08:00:00,-55.3013560098,0.0,0
2014-12-21 09:00:00,-95.0033277091,0.0,0
2014-12-21 10:00:00,-132.364206977,0.0,0
2014-12-21 11:00:00,-151.948144271,0.0,0
2014-12-21 12:00:00,-221.292367748,1.0,0
2014-12-21 13:00:00,-248.300421389,0.0,0
2014-12-21 14:00:00,-279.649033982,0.0,0
2014-12-21 15:00:00,-349.55769024,0.0,0
2014-12-21 16:00:00,-331.502602949,0.0,0
2014-12-21 17:00:00,-371.808442853,0.0,0
2014-12-21 18:00:00,-474.265228039,0.0,0
2014-12-21 19:00:00,-482.69145602,0.0,0
2014-12-21 20:00:00,-515.565578277,0.0,0
2014-12-21 21:00:00,-538.376925754,0.0,0
2014-12-21 22:00:00,-599.719140142,0.0,0
2014-12-21 23:00:00,-615.067365002,0.0,0
2014-12-22 00:00:00,-621.688321776,0.0,0
2014-12-22 01:00:00,-647.137445234,0.0,0
2014-12-22 02:00:00,-691.772897882,0.0,0
2014-12-22 03:00:00,-716.935438887,0.0,0
2014-12-22 04:00:00,-763.777381687,0.0,0
2014-12-22 05:00:00,-784.394342324,1.0,0
2014-12-22 06:00:00,-774.288929892,0.0,0
2014-12-22 07:00:00,-819.588948873,0.0,0
2014-12-22 08:00:00,-856.201560591,0.0,0
2014-12-22 09:00:00,-827.085027375,0.0,0
2014-12-22 10:00:00,-891.824075756,0.0,0
2014-12-22 11:00:00,-872.528584931,0.0,0
2014-12-22 12:00:00,-899.326924378,0.0,0
2014-12-22 13:00:00,-917.384335202,0.0,0
2014-12-22 14:00:00,-944.218966329,0.0,0
2014-12-22 15:00:00,-929.935470785,1.0,0
2014-12-22 16:00:00,-992.384805763,0.0,0
2014-12-22 17:00:00,-986.510251975,0.0,0
2014-12-22 18:00:00,-977.198749013,0.0,0
2014-12-22 19:00:00,-973.593629734,0.0,0
2014-12-22 20:00:00,-977.989837971,0.0,0
2014-12-22 21:00:00,-987.893370799,1.0,0
2014-12-22 22:00:00,-988.196832479,0.0,0
2014-12-22 23:00:00,-970.822034041,0.0,0
2014-12-23 00:00:00,-991.695893985,0.0,0
2014-12-23 01:00:00,-1019.34156035,0.0,0
2014-12-23 02:00:00,-967.290941151,0.0,0
2014-12-23 03:00:00,-941.750129322,0.0,0
2014-12-23 04:00:00,-930.266773868,0.0,0
2014-12-23 05:00:00,-946.446002466,0.0,0
2014-12-23 06:00:00,-929.569115453,0.0,0
2014-12-23 07:00:00,-883.018980778,0.0,0
2014-12-23 08:00:00,-913.290967308,0.0,0
2014-12-23 09:00:00,-886.074534734,0.0,0
2014-12-23 10:00:00,-855.244437891,0.0,0
2014-12-23 11:00:00,-859.670973183,0.0,0
2014-12-23 12:00:00,-835.153064937,0.0,0
2014-12-23 13:00:00,-791.407322441,0.0,0
2014-12-23 14:00:00,-795.066130428,0.0,0
2014-12-23 15:00:00,-745.52657849,0.0,0
2014-12-23 16:00:00,-754.179592042,0.0,0
2014-12-23 17:00:00,-744.05285861,0.0,0
2014-12-23 18:00:00,-660.059741663,0.0,0
2014-12-23 19:00:00,-646.052413795,0.0,0
2014-12-23 20:00:00,-621.402845185,0.0,0
2014-12-23 21:00:00,-591.083041791,0.0,0
2014-12-23 22:00:00,-526.031701122,0.0,0
2014-12-23 23:00:00,-535.329176908,0.0,0
2014-12-24 00:00:00,-457.003529916,0.0,0
2014-12-24 01:00:00,-462.601400097,0.0,0
2014-12-24 02:00:00,-406.335903945,0.0,0
2014-12-24 03:00:00,-369.686491534,0.0,0
2014-12-24 04:00:00,-313.984753331,0.0,0
2014-12-24 05:00:00,-323.354803659,0.0,0
2014-12-24 06:00:00,-250.654808661,0.0,0
2014-12-24 07:00:00,-206.650272446,0.0,0
2014-12-24 08:00:00,-149.793484758,0.0,0
2014-12-24 09:00:00,-95.0396415032,0.0,0
2014-12-24 10:00:00,-95.7245231356,0.0,0
2014-12-24 11:00:00,-24.1586724184,0.0,0
2014-12-24 12:00:00,22.9747844465,0.0,0
2014-12-24 13:00:00,83.4926593922,0.0,0
2014-12-24 14:00:00,102.258460133,0.0,0
2014-12-24 15:00:00,174.062828054,0.0,0
2014-12-24 16:00:00,197.977038729,0.0,0
2014-12-24 17:00:00,236.408412099,0.0,0
2014-12-24 18:00:00,300.032990822,0.0,0
2014-12-24 19:00:00,342.064258747,0.0,0
2014-12-24 20:00:00,391.150022248,0.0,0
2014-12-24 21:00:00,451.203620701,0.0,0
2014-12-24 22:00:00,471.142626955,0.0,0
2014-12-24 23:00:00,519.174844715,0.0,0
2014-12-25 00:00:00,566.807668215,0.0,0
2014-12-25 01:00:00,640.396335867,0.0,0
2014-12-25 02:00:00,705.432720076,0.0,0
2014-12-25 03:00:00,731.09508258,0.0,0
2014-12-25 04:00:00,778.724492535,0.0,0
2014-12-25 05:00:00,839.802487269,0.0,0
2014-12-25 06:00:00,836.001610875,0.0,0
2014-12-25 07:00:00,862.043130447,0.0,0
2014-12-25 08:00:00,914.028057176,0.0,0
2014-12-25 09:00:00,986.580504003,0.0,0
2014-12-25 10:00:00,1025.0384636,0.0,0
2014-12-25 11:00:00,1010.19485295,0.0,0
2014-12-25 12:00:00,1134.12593062,0.0,0
2014-12-25 13:00:00,1145.90447361,0.0,0
2014-12-25 14:00:00,1189.84777036,0.0,0
2014-12-25 15:00:00,1239.28443609,0.0,0
2014-12-25 16:00:00,1242.10427318,0.0,0
2014-12-25 17:00:00,1292.72240297,0.0,0
2014-12-25 18:00:00,1366.29900524,0.0,0
2014-12-25 19:00:00,1422.0632391,0.0,0
2014-12-25 20:00:00,1430.10583375,0.0,0
2014-12-25 21:00:00,1465.15008851,0.0,0
2014-12-25 22:00:00,1446.66237669,0.0,0
2014-12-25 23:00:00,1536.40442254,0.0,0
2014-12-26 00:00:00,1568.49075196,0.0,0
2014-12-26 01:00:00,1566.86653764,0.0,0
2014-12-26 02:00:00,1606.45140094,0.0,0
2014-12-26 03:00:00,1648.82838662,0.0,0
2014-12-26 04:00:00,1700.28128237,0.0,0
2014-12-26 05:00:00,1656.10420071,0.0,0
2014-12-26 06:00:00,1724.02459601,0.0,0
2014-12-26 07:00:00,1752.9587277,0.0,0
2014-12-26 08:00:00,1763.4972473,0.0,0
2014-12-26 09:00:00,1769.29257773,0.0,0
2014-12-26 10:00:00,1777.35267868,0.0,0
2014-12-26 11:00:00,1799.96852032,0.0,0
2014-12-26 12:00:00,1829.24950749,0.0,0
2014-12-26 13:00:00,1801.39588554,0.0,0
2014-12-26 14:00:00,1809.89881808,0.0,0
2014-12-26 15:00:00,1830.6565284,0.0,0
2014-12-26 16:00:00,1824.20678103,0.0,0
2014-12-26 17:00:00,1826.04656488,0.0,0
2014-12-26 18:00:00,1895.5278288,0.0,0
2014-12-26 19:00:00,1851.17613084,0.0,0
2014-12-26 20:00:00,1862.28111248,0.0,0
2014-12-26 21:00:00,1849.89084066,0.0,0
2014-12-26 22:00:00,1883.79166426,0.0,0
2014-12-26 23:00:00,1881.8742466,0.0,0
2014-12-27 00:00:00,1891.96566936,0.0,0
2014-12-27 01:00:00,1852.00345005,0.0,0
2014-12-27 02:00:00,1880.93664181,0.0,0
2014-12-27 03:00:00,1849.4020185,0.0,0
2014-12-27 04:00:00,1809.37464294,0.0,0
2014-12-27 05:00:00,1849.49315794,0.0,0
2014-12-27 06:00:00,1844.25924445,0.0,0
2014-12-27 07:00:00,1815.01670329,0.0,0
2014-12-27 08:00:00,1773.37357583,0.0,0
2014-12-27 09:00:00,1736.98525769,0.0,0
2014-12-27 10:00:00,1747.40504675,0.0,0
2014-12-27 11:00:00,1698.36018695,0.0,0
2014-12-27 12:00:00,1667.1573001,0.0,0
2014-12-27 13:00:00,1697.32078489,0.0,0
2014-12-27 14:00:00,1652.22066295,0.0,0
2014-12-27 15:00:00,1624.79377477,0.0,0
2014-12-27 16:00:00,1593.06620536,0.0,0
2014-12-27 17:00:00,1606.37384722,0.0,0
2014-12-27 18:00:00,1516.42827523,0.0,0
2014-12-27 19:00:00,1510.17344241,1.0,0
2014-12-27 20:00:00,1500.05569424,0.0,0
2014-12-27 21:00:00,1461.81854785,0.0,0
2014-12-27 22:00:00,1409.28538838,0.0,0
2014-12-27 23:00:00,1386.37156582,0.0,0
2014-12-28 00:00:00,1348.10130594,0.0,0
2014-12-28 01:00:00,1351.01499641,0.0,0
2014-12-28 02:00:00,1280.43652352,0.0,0
2014-12-28 03:00:00,1226.2775246,0.0,0
2014-12-28 04:00:00,1225.86939489,0.0,0
2014-12-28 05:00:00,1134.37313791,0.0,0
2014-12-28 06:00:00,1131.79771769,0.0,0
2014-12-28 07:00:00,1105.0609054,0.0,0
2014-12-28 08:00:00,1012.80322247,0.0,0
2014-12-28 09:00:00,1001.56364506,0.0,0
2014-12-28 10:00:00,971.645274815,0.0,0
2014-12-28 11:00:00,931.56269921,0.0,0
2014-12-28 12:00:00,896.065835608,0.0,0
2014-12-28 13:00:00,859.902890363,0.0,0
2014-12-28 14:00:00,779.034064465,0.0,0
2014-12-28 15:00:00,711.940861015,0.0,0
2014-12-28 16:00:00,668.484526233,0.0,0
2014-12-28 17:00:00,653.418777615,0.0,0
2014-12-28 18:00:00,560.079909179,0.0,0
2014-12-28 19:00:00,557.803449551,0.0,0
2014-12-28 20:00:00,477.181450618,0.0,0
2014-12-28 21:00:00,436.141719388,0.0,0
2014-12-28 22:00:00,416.938296126,0.0,0
2014-12-28 23:00:00,351.665717051,0.0,0
2014-12-29 00:00:00,301.093534357,0.0,0
2014-12-29 01:00:00,259.199289125,0.0,0
2014-12-29 02:00:00,257.784401796,0.0,0
2014-12-29 03:00:00,154.44406198,0.0,0
2014-12-29 04:00:00,141.093074491,0.0,0
2014-12-29 05:00:00,84.9696240673,0.0,0
2014-12-29 06:00:00,113.389035624,0.0,0
2014-12-29 07:00:00,4.7998675081,0.0,0
2014-12-29 08:00:00,3.79434697711,0.0,0
2014-12-29 09:00:00,-58.2049686729,0.0,0
2014-12-29 10:00:00,-150.524184192,0.0,0
2014-12-29 11:00:00,-147.398840732,0.0,0
2014-12-29 12:00:00,-183.461221004,0.0,0
2014-12-29 13:00:00,-236.625738131,0.0,0
2014-12-29 14:00:00,-316.400437147,0.0,0
2014-12-29 15:00:00,-265.646745085,0.0,0
2014-12-29 16:00:00,-353.219117042,0.0,0
2014-12-29 17:00:00,-414.230520066,0.0,0
2014-12-29 18:00:00,-393.126805806,0.0,0
2014-12-29 19:00:00,-458.04086659,0.0,0
2014-12-29 20:00:00,-480.139614843,0.0,0
2014-12-29 21:00:00,-532.991577104,0.0,0
2014-12-29 22:00:00,-584.4517256,0.0,0
2014-12-29 23:00:00,-579.394657109,0.0,0
2014-12-30 00:00:00,-587.93580568,0.0,0
2014-12-30 01:00:00,-630.658498531,0.0,0
2014-12-30 02:00:00,-655.051432498,0.0,0
2014-12-30 03:00:00,-675.001526694,0.0,0
2014-12-30 04:00:00,-694.010637478,0.0,0
2014-12-30 05:00:00,-729.242746252,0.0,0
2014-12-30 06:00:00,-750.116008447,0.0,0
2014-12-30 07:00:00,-777.759499977,0.0,0
2014-12-30 08:00:00,-808.564315659,0.0,0
2014-12-30 09:00:00,-825.577757798,0.0,0
2014-12-30 10:00:00,-826.119875931,0.0,0
2014-12-30 11:00:00,-838.036212241,0.0,0
2014-12-30 12:00:00,-842.008293206,0.0,0
2014-12-30 13:00:00,631.20614015,0.0,0
2014-12-30 14:00:00,631.20614015,0.0,0
2014-12-30 15:00:00,631.20614015,0.0,0
2014-12-30 16:00:00,-856.33436929,0.0,0
2014-12-30 17:00:00,-862.433769473,0.0,0
2014-12-30 18:00:00,-870.669366164,0.0,0
2014-12-30 19:00:00,-890.122197911,0.0,0
2014-12-30 20:00:00,-882.435487041,0.0,0
2014-12-30 21:00:00,-875.410666319,0.0,0
2014-12-30 22:00:00,-861.84797568,0.0,0
2014-12-30 23:00:00,-858.962565835,0.0,0
2014-12-31 00:00:00,-813.308101436,0.0,0
2014-12-31 01:00:00,-849.872339448,0.0,0
2014-12-31 02:00:00,-848.426532847,0.0,0
2014-12-31 03:00:00,-855.586998573,0.0,0
2014-12-31 04:00:00,-829.164837699,0.0,0
2014-12-31 05:00:00,-739.125106552,0.0,0
2014-12-31 06:00:00,-771.302529746,0.0,0
2014-12-31 07:00:00,-741.173305584,0.0,0
2014-12-31 08:00:00,-737.051881368,0.0,0
2014-12-31 09:00:00,-717.430698974,0.0,0
2014-12-31 10:00:00,-703.016503375,0.0,0
2014-12-31 11:00:00,-664.84006595,0.0,0
2014-12-31 12:00:00,-621.87405726,0.0,0
2014-12-31 13:00:00,-607.630602836,1.0,0
2014-12-31 14:00:00,-604.291636019,0.0,0
2014-12-31 15:00:00,-569.213467198,0.0,0
2014-12-31 16:00:00,-572.46688324,0.0,0
2014-12-31 17:00:00,-487.520335807,0.0,0
2014-12-31 18:00:00,-441.576247694,0.0,0
2014-12-31 19:00:00,-478.509323413,0.0,0
2014-12-31 20:00:00,-413.178146302,0.0,0
2014-12-31 21:00:00,-396.249723916,0.0,0
2014-12-31 22:00:00,-366.864814318,0.0,0
2014-12-31 23:00:00,-282.24949695,0.0,0
2015-01-01 00:00:00,-242.231343161,0.0,0
2015-01-01 01:00:00,-185.247968041,0.0,0
2015-01-01 02:00:00,-177.664785837,0.0,0
2015-01-01 03:00:00,-185.927593179,0.0,0
2015-01-01 04:00:00,-96.0929891221,0.0,0
2015-01-01 05:00:00,-78.9314765387,0.0,0
2015-01-01 06:00:00,-25.8590951162,0.0,0
2015-01-01 07:00:00,26.7124877102,0.0,0
2015-01-01 08:00:00,67.0011349944,0.0,0
2015-01-01 09:00:00,126.627481188,0.0,0
2015-01-01 10:00:00,141.100268354,0.0,0
2015-01-01 11:00:00,185.986576307,0.0,0
2015-01-01 12:00:00,249.811677559,0.0,0
2015-01-01 13:00:00,310.459811366,0.0,0
2015-01-01 14:00:00,330.155749193,0.0,0
2015-01-01 15:00:00,370.947146781,0.0,0
2015-01-01 16:00:00,410.571856903,0.0,0
2015-01-01 17:00:00,462.943060005,0.0,0
2015-01-01 18:00:00,519.766963435,0.0,0
2015-01-01 19:00:00,548.284892743,0.0,0
2015-01-01 20:00:00,634.310605429,0.0,0
2015-01-01 21:00:00,623.567522267,0.0,0
2015-01-01 22:00:00,710.35782127,0.0,0
2015-01-01 23:00:00,729.923186597,0.0,0
2015-01-02 00:00:00,832.254678383,0.0,0
2015-01-02 01:00:00,842.159018492,0.0,0
2015-01-02 02:00:00,922.449383456,0.0,0
2015-01-02 03:00:00,935.422523436,0.0,0
2015-01-02 04:00:00,984.831524841,0.0,0
2015-01-02 05:00:00,1012.45929765,0.0,0
2015-01-02 06:00:00,1013.23928074,0.0,0
2015-01-02 07:00:00,1156.04740913,0.0,0
2015-01-02 08:00:00,1134.73886002,0.0,0
2015-01-02 09:00:00,1260.47808427,0.0,0
2015-01-02 10:00:00,1254.97752339,0.0,0
2015-01-02 11:00:00,1277.04255879,0.0,0
2015-01-02 12:00:00,1343.57920076,0.0,0
2015-01-02 13:00:00,1386.54211674,0.0,0
2015-01-02 14:00:00,1401.52785318,0.0,0
2015-01-02 15:00:00,1446.5139794,0.0,0
2015-01-02 16:00:00,1518.74106843,0.0,0
2015-01-02 17:00:00,1485.8915652,0.0,0
2015-01-02 18:00:00,1548.70849852,0.0,0
2015-01-02 19:00:00,1599.67293361,0.0,0
2015-01-02 20:00:00,1585.44366077,0.0,0
2015-01-02 21:00:00,1608.54341732,0.0,0
2015-01-02 22:00:00,1704.38576208,0.0,0
2015-01-02 23:00:00,1688.83745118,0.0,0
2015-01-03 00:00:00,1710.10594779,0.0,0
2015-01-03 01:00:00,1757.2100242,0.0,0
2015-01-03 02:00:00,1771.10268812,0.0,0
2015-01-03 03:00:00,1794.45284923,0.0,0
2015-01-03 04:00:00,1798.46212822,0.0,0
2015-01-03 05:00:00,1829.92447006,0.0,0
2015-01-03 06:00:00,1886.10365833,0.0,0
2015-01-03 07:00:00,1896.68278469,0.0,0
2015-01-03 08:00:00,1889.25032601,0.0,0
2015-01-03 09:00:00,1968.36331024,0.0,0
2015-01-03 10:00:00,1962.25638802,0.0,0
2015-01-03 11:00:00,1927.67065028,0.0,0
2015-01-03 12:00:00,1951.66788156,0.0,0
2015-01-03 13:00:00,1894.77731329,0.0,0
2015-01-03 14:00:00,1990.33971101,0.0,0
2015-01-03 15:00:00,1987.95923698,0.0,0
2015-01-03 16:00:00,1970.19930519,0.0,0
2015-01-03 17:00:00,1979.4769507,0.0,0
2015-01-03 18:00:00,1986.72225843,0.0,0
2015-01-03 19:00:00,2006.09389243,0.0,0
2015-01-03 20:00:00,1962.63413555,0.0,0
2015-01-03 21:00:00,2002.13371054,0.0,0
2015-01-03 22:00:00,1990.80985418,0.0,0
2015-01-03 23:00:00,1953.85160016,0.0,0
2015-01-04 00:00:00,1954.75124809,0.0,0
2015-01-04 01:00:00,1990.08239051,0.0,0
2015-01-04 02:00:00,1937.27084237,0.0,0
2015-01-04 03:00:00,1899.03311921,0.0,0
2015-01-04 04:00:00,1883.46644745,0.0,0
2015-01-04 05:00:00,1897.66682827,0.0,0
2015-01-04 06:00:00,1887.43579658,0.0,0
2015-01-04 07:00:00,1869.53450526,0.0,0
2015-01-04 08:00:00,1839.18632339,0.0,0
2015-01-04 09:00:00,1782.34110596,0.0,0
2015-01-04 10:00:00,1792.10780567,0.0,0
2015-01-04 11:00:00,1797.4122657,0.0,0
2015-01-04 12:00:00,1704.33560132,0.0,0
2015-01-04 13:00:00,1739.77139829,0.0,0
2015-01-04 14:00:00,1668.52141403,0.0,0
2015-01-04 15:00:00,1666.22149468,0.0,0
2015-01-04 16:00:00,1611.53174499,0.0,0
2015-01-04 17:00:00,1627.26991503,0.0,0
2015-01-04 18:00:00,1565.50871762,0.0,0
2015-01-04 19:00:00,1553.65855928,0.0,0
2015-01-04 20:00:00,1493.79442155,0.0,0
2015-01-04 21:00:00,1450.54825688,0.0,0
2015-01-04 22:00:00,1407.52951863,0.0,0
2015-01-04 23:00:00,1377.8675055,0.0,0
2015-01-05 00:00:00,1356.72127946,0.0,0
2015-01-05 01:00:00,1354.45993285,0.0,0
2015-01-05 02:00:00,1297.72521433,0.0,0
2015-01-05 03:00:00,1231.99979612,0.0,0
2015-01-05 04:00:00,1209.3839433,0.0,0
2015-01-05 05:00:00,1141.61152832,0.0,0
2015-01-05 06:00:00,1107.37298704,0.0,0
2015-01-05 07:00:00,1080.70629452,0.0,0
2015-01-05 08:00:00,1090.34081965,0.0,0
2015-01-05 09:00:00,994.906029171,0.0,0
2015-01-05 10:00:00,947.883294928,0.0,0
2015-01-05 11:00:00,852.744423823,0.0,0
2015-01-05 12:00:00,880.788573605,0.0,0
2015-01-05 13:00:00,837.036697724,0.0,0
2015-01-05 14:00:00,731.237986661,0.0,0
2015-01-05 15:00:00,719.605395492,0.0,0
2015-01-05 16:00:00,656.294389725,0.0,0
2015-01-05 17:00:00,630.520429403,0.0,0
2015-01-05 18:00:00,571.633875945,0.0,0
2015-01-05 19:00:00,557.851891532,0.0,0
2015-01-05 20:00:00,495.143474198,0.0,0
2015-01-05 21:00:00,446.752756601,0.0,0
2015-01-05 22:00:00,407.671988542,0.0,0
2015-01-05 23:00:00,316.169086068,0.0,0
2015-01-06 00:00:00,284.77357,0.0,0
2015-01-06 01:00:00,293.575411514,0.0,0
2015-01-06 02:00:00,224.70461041,0.0,0
2015-01-06 03:00:00,185.515145689,0.0,0
2015-01-06 04:00:00,104.196994113,0.0,0
2015-01-06 05:00:00,136.614698751,0.0,0
2015-01-06 06:00:00,37.5326774003,0.0,0
2015-01-06 07:00:00,17.582357,0.0,0
2015-01-06 08:00:00,-38.964333477,0.0,0
2015-01-06 09:00:00,-54.1913555978,0.0,0
2015-01-06 10:00:00,-132.052960862,0.0,0
2015-01-06 11:00:00,-130.796417311,0.0,0
2015-01-06 12:00:00,-168.072350748,0.0,0
2015-01-06 13:00:00,-242.527707777,0.0,0
2015-01-06 14:00:00,-296.589108732,0.0,0
2015-01-06 15:00:00,-288.221795599,0.0,0
2015-01-06 16:00:00,-379.807639405,0.0,0
2015-01-06 17:00:00,-347.962998294,0.0,0
2015-01-06 18:00:00,-379.156028067,0.0,0
2015-01-06 19:00:00,-409.044151826,0.0,0
2015-01-06 20:00:00,-462.215004972,0.0,0
2015-01-06 21:00:00,-444.965388025,0.0,0
2015-01-06 22:00:00,-513.38688317,0.0,0
2015-01-06 23:00:00,-556.433321007,0.0,0
2015-01-07 00:00:00,-568.672637177,0.0,0
2015-01-07 01:00:00,-610.195963647,0.0,0
2015-01-07 02:00:00,-632.323259302,0.0,0
2015-01-07 03:00:00,-621.64541527,0.0,0
2015-01-07 04:00:00,-644.031658949,0.0,0
2015-01-07 05:00:00,-673.988295549,0.0,0
2015-01-07 06:00:00,-683.503510247,0.0,0
2015-01-07 07:00:00,-696.963279552,0.0,0
2015-01-07 08:00:00,-713.461343977,0.0,0
2015-01-07 09:00:00,-681.724414673,0.0,0
2015-01-07 10:00:00,-741.690856166,0.0,0
2015-01-07 11:00:00,-723.612298722,0.0,0
2015-01-07 12:00:00,-752.570920922,0.0,0
2015-01-07 13:00:00,-773.536600356,0.0,0
2015-01-07 14:00:00,-775.25290442,0.0,0
2015-01-07 15:00:00,-754.984832912,0.0,0
2015-01-07 16:00:00,-771.498147957,0.0,0
2015-01-07 17:00:00,-755.837325792,0.0,0
2015-01-07 18:00:00,-750.132531697,0.0,0
2015-01-07 19:00:00,-738.431741829,0.0,0
2015-01-07 20:00:00,-770.446081796,0.0,0
2015-01-07 21:00:00,-713.812127175,0.0,0
2015-01-07 22:00:00,-774.653803573,0.0,0
2015-01-07 23:00:00,-765.310199415,0.0,0
2015-01-08 00:00:00,-690.026564562,0.0,0
2015-01-08 01:00:00,-675.28160508,0.0,0
2015-01-08 02:00:00,-711.642483963,0.0,0
2015-01-08 03:00:00,-661.425083,0.0,0
2015-01-08 04:00:00,-682.891562356,0.0,0
2015-01-08 05:00:00,-603.109719514,0.0,0
2015-01-08 06:00:00,-615.472889739,0.0,0
2015-01-08 07:00:00,-598.664756829,0.0,0
2015-01-08 08:00:00,-580.273694381,0.0,0
2015-01-08 09:00:00,-575.354826923,0.0,0
2015-01-08 10:00:00,-506.242521155,0.0,0
2015-01-08 11:00:00,-497.492007344,0.0,0
2015-01-08 12:00:00,-459.347435991,0.0,0
2015-01-08 13:00:00,-457.766212674,0.0,0
2015-01-08 14:00:00,-419.502477653,0.0,0
2015-01-08 15:00:00,-374.114198711,0.0,0
2015-01-08 16:00:00,-383.402869127,0.0,0
2015-01-08 17:00:00,-332.952749005,0.0,0
2015-01-08 18:00:00,-291.464639421,0.0,0
2015-01-08 19:00:00,-230.726559271,0.0,0
2015-01-08 20:00:00,-225.860373136,0.0,0
2015-01-08 21:00:00,-191.174261222,0.0,0
2015-01-08 22:00:00,-120.984708185,0.0,0
2015-01-08 23:00:00,-106.287298389,0.0,0
2015-01-09 00:00:00,-28.8027071849,0.0,0
2015-01-09 01:00:00,-44.5867940928,0.0,0
2015-01-09 02:00:00,24.7959227157,0.0,0
2015-01-09 03:00:00,58.3371065412,0.0,0
2015-01-09 04:00:00,107.404340847,0.0,0
2015-01-09 05:00:00,177.143167666,0.0,0
2015-01-09 06:00:00,221.127035378,0.0,0
2015-01-09 07:00:00,234.997880922,0.0,0
2015-01-09 08:00:00,256.930782465,0.0,0
2015-01-09 09:00:00,325.783722937,0.0,0
2015-01-09 10:00:00,415.947223992,0.0,0
2015-01-09 11:00:00,433.78193909,0.0,0
2015-01-09 12:00:00,462.215394576,0.0,0
2015-01-09 13:00:00,527.65306658,0.0,0
2015-01-09 14:00:00,591.6352191,0.0,0
2015-01-09 15:00:00,660.149037289,0.0,0
2015-01-09 16:00:00,679.751224576,0.0,0
2015-01-09 17:00:00,694.625061515,0.0,0
2015-01-09 18:00:00,810.230160508,0.0,0
2015-01-09 19:00:00,811.147512843,0.0,0
2015-01-09 20:00:00,885.87224836,0.0,0
2015-01-09 21:00:00,929.897073149,0.0,0
2015-01-09 22:00:00,906.037249748,0.0,0
2015-01-09 23:00:00,1029.26081829,0.0,0
2015-01-10 00:00:00,1038.10857767,0.0,0
2015-01-10 01:00:00,1068.02968339,0.0,0
2015-01-10 02:00:00,1131.95108751,0.0,0
2015-01-10 03:00:00,1176.34456454,0.0,0
2015-01-10 04:00:00,1218.87991121,0.0,0
2015-01-10 05:00:00,1258.34015622,0.0,0
2015-01-10 06:00:00,1335.46680038,0.0,0
2015-01-10 07:00:00,1367.35126168,0.0,0
2015-01-10 08:00:00,1393.79587991,0.0,0
2015-01-10 09:00:00,1414.75475956,0.0,0
2015-01-10 10:00:00,1492.53887502,0.0,0
2015-01-10 11:00:00,1519.45968603,0.0,0
2015-01-10 12:00:00,1533.85030835,0.0,0
2015-01-10 13:00:00,1569.02619402,0.0,0
2015-01-10 14:00:00,1609.9382075,0.0,0
2015-01-10 15:00:00,1646.4970461,0.0,0
2015-01-10 16:00:00,1691.52984021,0.0,0
2015-01-10 17:00:00,1734.54305488,0.0,0
2015-01-10 18:00:00,1751.95654203,0.0,0
2015-01-10 19:00:00,1742.17379853,0.0,0
2015-01-10 20:00:00,1814.00790818,0.0,0
2015-01-10 21:00:00,1857.51374218,0.0,0
2015-01-10 22:00:00,1833.2894356,0.0,0
2015-01-10 23:00:00,1846.28316052,0.0,0
2015-01-11 00:00:00,1926.49042396,0.0,0
2015-01-11 01:00:00,1924.28990658,0.0,0
2015-01-11 02:00:00,1964.35360955,0.0,0
2015-01-11 03:00:00,1968.33724994,0.0,0
2015-01-11 04:00:00,2028.26062705,0.0,0
2015-01-11 05:00:00,2033.9092869,0.0,0
2015-01-11 06:00:00,2037.87777101,0.0,0
2015-01-11 07:00:00,2055.74056021,0.0,0
2015-01-11 08:00:00,2070.77606435,0.0,0
2015-01-11 09:00:00,2085.52889587,0.0,0
2015-01-11 10:00:00,2051.76139645,0.0,0
2015-01-11 11:00:00,2112.67610802,0.0,0
2015-01-11 12:00:00,2055.9568,0.0,0
2015-01-11 13:00:00,2045.52393802,0.0,0
2015-01-11 14:00:00,2090.17008174,0.0,0
2015-01-11 15:00:00,2109.2399505,0.0,0
2015-01-11 16:00:00,2104.7070058,0.0,0
2015-01-11 17:00:00,2107.41535618,0.0,0
2015-01-11 18:00:00,2094.58265503,0.0,0
2015-01-11 19:00:00,2075.46182046,0.0,0
2015-01-11 20:00:00,2085.32359659,0.0,0
2015-01-11 21:00:00,2112.89886732,0.0,0
2015-01-11 22:00:00,2060.31204258,0.0,0
2015-01-11 23:00:00,2066.15444599,0.0,0
2015-01-12 00:00:00,2054.23891288,0.0,0
2015-01-12 01:00:00,2056.27117775,0.0,0
2015-01-12 02:00:00,1992.8025655,0.0,0
2015-01-12 03:00:00,1991.63355901,0.0,0
2015-01-12 04:00:00,1987.90460202,0.0,0
2015-01-12 05:00:00,1953.92589723,0.0,0
2015-01-12 06:00:00,1946.12736171,0.0,0
2015-01-12 07:00:00,1915.15863689,0.0,0
2015-01-12 08:00:00,1877.12248825,0.0,0
2015-01-12 09:00:00,1838.7712018,0.0,0
2015-01-12 10:00:00,1864.31612647,0.0,0
2015-01-12 11:00:00,1822.31659509,0.0,0
2015-01-12 12:00:00,1807.77997692,0.0,0
2015-01-12 13:00:00,1713.94007249,0.0,0
2015-01-12 14:00:00,1754.12874941,0.0,0
2015-01-12 15:00:00,1707.27874229,0.0,0
2015-01-12 16:00:00,1657.71835692,0.0,0
2015-01-12 17:00:00,1644.70469568,0.0,0
2015-01-12 18:00:00,1604.4109917,0.0,0
2015-01-12 19:00:00,1575.95123086,0.0,0
2015-01-12 20:00:00,1537.02641076,0.0,0
2015-01-12 21:00:00,1491.70581903,0.0,0
2015-01-12 22:00:00,1452.6977765,0.0,0
2015-01-12 23:00:00,1397.62066217,0.0,0
2015-01-13 00:00:00,1379.82671238,0.0,0
2015-01-13 01:00:00,1318.19503563,0.0,0
2015-01-13 02:00:00,1315.4700053,0.0,0
2015-01-13 03:00:00,1248.01395299,0.0,0
2015-01-13 04:00:00,1233.39303606,0.0,0
2015-01-13 05:00:00,1152.45596152,0.0,0
2015-01-13 06:00:00,1111.80263612,0.0,0
2015-01-13 07:00:00,1089.60054076,0.0,0
2015-01-13 08:00:00,1051.14838027,0.0,0
2015-01-13 09:00:00,958.610471361,0.0,0
2015-01-13 10:00:00,954.875771342,0.0,0
2015-01-13 11:00:00,914.87919706,0.0,0
2015-01-13 12:00:00,836.944750946,0.0,0
2015-01-13 13:00:00,815.249207744,0.0,0
2015-01-13 14:00:00,740.945361659,0.0,0
2015-01-13 15:00:00,697.606702248,0.0,0
2015-01-13 16:00:00,659.172740751,0.0,0
2015-01-13 17:00:00,602.452825269,0.0,0
2015-01-13 18:00:00,602.420267436,0.0,0
2015-01-13 19:00:00,525.017683049,0.0,0
2015-01-13 20:00:00,471.740706332,0.0,0
2015-01-13 21:00:00,401.252666658,0.0,0
2015-01-13 22:00:00,392.359930559,0.0,0
2015-01-13 23:00:00,330.327497383,0.0,0
2015-01-14 00:00:00,294.050065425,0.0,0
2015-01-14 01:00:00,251.851406083,0.0,0
2015-01-14 02:00:00,181.167358319,0.0,0
2015-01-14 03:00:00,183.748471775,0.0,0
2015-01-14 04:00:00,136.67921032,0.0,0
2015-01-14 05:00:00,99.797864223,0.0,0
2015-01-14 06:00:00,32.914319387,0.0,0
2015-01-14 07:00:00,-27.9247173725,0.0,0
2015-01-14 08:00:00,13.2928422699,0.0,0
2015-01-14 09:00:00,-35.9008669024,0.0,0
2015-01-14 10:00:00,-112.245330438,0.0,0
2015-01-14 11:00:00,-169.107289223,0.0,0
2015-01-14 12:00:00,-177.905807015,0.0,0
2015-01-14 13:00:00,-209.142369306,0.0,0
2015-01-14 14:00:00,-284.986851639,0.0,0
2015-01-14 15:00:00,-279.447257863,0.0,0
2015-01-14 16:00:00,-302.745593684,0.0,0
2015-01-14 17:00:00,-298.76651426,0.0,0
2015-01-14 18:00:00,-386.144969993,0.0,0
2015-01-14 19:00:00,-339.649161193,0.0,0
2015-01-14 20:00:00,-389.92993815,0.0,0
2015-01-14 21:00:00,-442.654765185,0.0,0
2015-01-14 22:00:00,-472.785765172,0.0,0
2015-01-14 23:00:00,-478.79240275,0.0,0
2015-01-15 00:00:00,-481.395130412,0.0,0
2015-01-15 01:00:00,-497.455628362,0.0,0
2015-01-15 02:00:00,-541.948934885,0.0,0
2015-01-15 03:00:00,-578.944735695,0.0,0
2015-01-15 04:00:00,-554.614450002,0.0,0
2015-01-15 05:00:00,-569.601120502,0.0,0
2015-01-15 06:00:00,-616.37607392,0.0,0
2015-01-15 07:00:00,-636.9779922,0.0,0
2015-01-15 08:00:00,-626.852245017,0.0,0
2015-01-15 09:00:00,-624.586684261,0.0,0
2015-01-15 10:00:00,-643.119049485,0.0,0
2015-01-15 11:00:00,-665.015588682,0.0,0
2015-01-15 12:00:00,-664.157556685,0.0,0
2015-01-15 13:00:00,-630.838158389,0.0,0
2015-01-15 14:00:00,-633.863629717,0.0,0
2015-01-15 15:00:00,-639.816893328,0.0,0
2015-01-15 16:00:00,-657.784346454,0.0,0
2015-01-15 17:00:00,-642.866458775,0.0,0
2015-01-15 18:00:00,-657.212201131,0.0,0
2015-01-15 19:00:00,-607.212721741,0.0,0
2015-01-15 20:00:00,-654.645150914,0.0,0
2015-01-15 21:00:00,-611.648796263,0.0,0
2015-01-15 22:00:00,-599.529686383,0.0,0
2015-01-15 23:00:00,-594.364298142,0.0,0
2015-01-16 00:00:00,-514.180166284,0.0,0
2015-01-16 01:00:00,-502.967727664,0.0,0
2015-01-16 02:00:00,-542.404546376,0.0,0
2015-01-16 03:00:00,-502.912941579,0.0,0
2015-01-16 04:00:00,-484.621847211,0.0,0
2015-01-16 05:00:00,-460.050397142,0.0,0
2015-01-16 06:00:00,-435.69819994,0.0,0
2015-01-16 07:00:00,-435.331087013,0.0,0
2015-01-16 08:00:00,-440.641255127,0.0,0
2015-01-16 09:00:00,-377.205496443,0.0,0
2015-01-16 10:00:00,-325.114554612,0.0,0
2015-01-16 11:00:00,-321.587943617,0.0,0
2015-01-16 12:00:00,-271.570156912,0.0,0
2015-01-16 13:00:00,-262.730851405,0.0,0
2015-01-16 14:00:00,-208.39595816,0.0,0
2015-01-16 15:00:00,-168.627528169,0.0,0
2015-01-16 16:00:00,-141.793037879,0.0,0
2015-01-16 17:00:00,-128.744464643,0.0,0
2015-01-16 18:00:00,-45.0485996353,0.0,0
2015-01-16 19:00:00,-32.8163541725,0.0,0
2015-01-16 20:00:00,-19.1215406193,0.0,0
2015-01-16 21:00:00,33.3838567227,0.0,0
2015-01-16 22:00:00,90.5394609605,0.0,0
2015-01-16 23:00:00,112.460692239,0.0,0
2015-01-17 00:00:00,133.777947157,0.0,0
2015-01-17 01:00:00,193.60526314,0.0,0
2015-01-17 02:00:00,256.396960874,0.0,0
2015-01-17 03:00:00,304.254755711,0.0,0
2015-01-17 04:00:00,378.288627557,0.0,0
2015-01-17 05:00:00,378.020026043,0.0,0
2015-01-17 06:00:00,419.00657436,0.0,0
2015-01-17 07:00:00,468.984641847,0.0,0
2015-01-17 08:00:00,550.302478528,0.0,0
2015-01-17 09:00:00,557.903113148,0.0,0
2015-01-17 10:00:00,620.043547333,0.0,0
2015-01-17 11:00:00,713.430321229,0.0,0
2015-01-17 12:00:00,689.744063712,0.0,0
2015-01-17 13:00:00,746.216780542,0.0,0
2015-01-17 14:00:00,801.151424865,0.0,0
2015-01-17 15:00:00,823.93335121,0.0,0
2015-01-17 16:00:00,908.807431993,0.0,0
2015-01-17 17:00:00,907.780548825,0.0,0
2015-01-17 18:00:00,989.769082261,0.0,0
2015-01-17 19:00:00,1026.01825627,0.0,0
2015-01-17 20:00:00,1075.42800736,0.0,0
2015-01-17 21:00:00,1159.92939106,0.0,0
2015-01-17 22:00:00,1196.23775128,0.0,0
2015-01-17 23:00:00,1263.60661717,0.0,0
2015-01-18 00:00:00,1292.59096423,0.0,0
2015-01-18 01:00:00,1318.0779465,0.0,0
2015-01-18 02:00:00,1344.89569599,0.0,0
2015-01-18 03:00:00,1405.60453341,0.0,0
2015-01-18 04:00:00,1448.91860894,0.0,0
2015-01-18 05:00:00,1478.15641497,0.0,0
2015-01-18 06:00:00,1493.5327911,0.0,0
2015-01-18 07:00:00,1579.79900736,0.0,0
2015-01-18 08:00:00,1586.12676312,0.0,0
2015-01-18 09:00:00,1614.80484582,0.0,0
2015-01-18 10:00:00,1679.19235222,0.0,0
2015-01-18 11:00:00,1705.75569104,0.0,0
2015-01-18 12:00:00,1769.49576807,0.0,0
2015-01-18 13:00:00,1774.66801722,0.0,0
2015-01-18 14:00:00,1839.89768182,0.0,0
2015-01-18 15:00:00,1854.27587424,0.0,0
2015-01-18 16:00:00,1883.01069994,0.0,0
2015-01-18 17:00:00,1903.46018491,0.0,0
2015-01-18 18:00:00,1961.45304071,0.0,0
2015-01-18 19:00:00,1953.74775571,0.0,0
2015-01-18 20:00:00,1975.06806597,0.0,0
2015-01-18 21:00:00,2017.70596652,0.0,0
2015-01-18 22:00:00,2040.52931064,0.0,0
2015-01-18 23:00:00,2099.91185073,0.0,0
2015-01-19 00:00:00,2076.98554159,0.0,0
2015-01-19 01:00:00,2113.89875825,0.0,0
2015-01-19 02:00:00,2113.51057238,0.0,0
2015-01-19 03:00:00,2162.62876596,0.0,0
2015-01-19 04:00:00,2156.81034874,0.0,0
2015-01-19 05:00:00,2171.56331029,0.0,0
2015-01-19 06:00:00,2175.47014645,0.0,0
2015-01-19 07:00:00,2160.28758867,0.0,0
2015-01-19 08:00:00,2175.21523693,0.0,0
2015-01-19 09:00:00,2206.71137283,0.0,0
2015-01-19 10:00:00,2178.73881834,0.0,0
2015-01-19 11:00:00,2230.2135121,0.0,0
2015-01-19 12:00:00,2179.63593998,0.0,0
2015-01-19 13:00:00,2182.74116235,0.0,0
2015-01-19 14:00:00,2182.89153608,0.0,0
2015-01-19 15:00:00,2206.62263502,0.0,0
2015-01-19 16:00:00,2223.88744335,0.0,0
2015-01-19 17:00:00,2162.79309915,0.0,0
2015-01-19 18:00:00,2180.25242681,0.0,0
2015-01-19 19:00:00,2181.96570867,0.0,0
2015-01-19 20:00:00,2137.26951145,0.0,0
2015-01-19 21:00:00,2153.78712624,0.0,0
2015-01-19 22:00:00,2142.22214671,0.0,0
2015-01-19 23:00:00,2153.882837,0.0,0
2015-01-20 00:00:00,2130.32625128,0.0,0
2015-01-20 01:00:00,2071.62021675,0.0,0
2015-01-20 02:00:00,2056.5765818,0.0,0
2015-01-20 03:00:00,2044.79716,0.0,0
2015-01-20 04:00:00,1994.75449898,0.0,0
2015-01-20 05:00:00,1991.8681225,0.0,0
2015-01-20 06:00:00,2009.27228673,0.0,0
2015-01-20 07:00:00,1958.4980059,0.0,0
2015-01-20 08:00:00,1956.29566903,0.0,0
2015-01-20 09:00:00,1929.37362309,0.0,0
2015-01-20 10:00:00,1867.67009888,0.0,0
2015-01-20 11:00:00,1843.72155702,0.0,0
2015-01-20 12:00:00,1862.05568666,0.0,0
2015-01-20 13:00:00,1782.29836669,0.0,0
2015-01-20 14:00:00,1760.70519851,0.0,0
2015-01-20 15:00:00,1745.61570515,0.0,0
2015-01-20 16:00:00,1683.44959124,0.0,0
2015-01-20 17:00:00,1652.66194412,0.0,0
2015-01-20 18:00:00,1586.12011224,0.0,0
2015-01-20 19:00:00,1616.01610826,0.0,0
2015-01-20 20:00:00,1518.63767405,0.0,0
2015-01-20 21:00:00,1470.2341598,0.0,0
2015-01-20 22:00:00,1442.43301349,0.0,0
2015-01-20 23:00:00,1449.96221427,0.0,0
2015-01-21 00:00:00,1333.89824244,0.0,0
2015-01-21 01:00:00,1324.2480708,0.0,0
2015-01-21 02:00:00,1259.66006357,0.0,0
2015-01-21 03:00:00,1220.35444749,0.0,0
2015-01-21 04:00:00,1198.5250133,0.0,0
2015-01-21 05:00:00,1163.51868463,0.0,0
2015-01-21 06:00:00,1143.79363081,0.0,0
2015-01-21 07:00:00,1055.32751048,0.0,0
2015-01-21 08:00:00,1027.43979839,0.0,0
2015-01-21 09:00:00,914.59422361,0.0,0
2015-01-21 10:00:00,930.013749945,0.0,0
2015-01-21 11:00:00,915.804941517,0.0,0
2015-01-21 12:00:00,845.981099994,0.0,0
