timestamp,value,anomaly_score
2015-02-26 21:42:53,35,0.0
2015-02-26 21:47:53,41,0.0
2015-02-26 21:52:53,32,0.0
2015-02-26 21:57:53,36,0.0
2015-02-26 22:02:53,32,0.0
2015-02-26 22:07:53,25,0.0
2015-02-26 22:12:53,33,0.0
2015-02-26 22:17:53,20,0.0
2015-02-26 22:22:53,38,0.0
2015-02-26 22:27:53,28,0.0
2015-02-26 22:32:53,28,0.0
2015-02-26 22:37:53,27,-27.0
2015-02-26 22:42:53,30,-30.0
2015-02-26 22:47:53,31,-31.0
2015-02-26 22:52:53,38,-38.0
2015-02-26 22:57:53,35,-35.0
2015-02-26 23:02:53,33,-33.0
2015-02-26 23:07:53,24,-24.0
2015-02-26 23:12:53,28,-28.0
2015-02-26 23:17:53,20,-20.0
2015-02-26 23:22:53,35,-35.0
2015-02-26 23:27:53,29,-29.0
2015-02-26 23:32:53,24,-24.0
2015-02-26 23:37:53,24,-24.0
2015-02-26 23:42:53,33,-33.0
2015-02-26 23:47:53,36,-36.0
2015-02-26 23:52:53,18,-18.0
2015-02-26 23:57:53,28,-28.0
2015-02-27 00:02:53,20,-20.0
2015-02-27 00:07:53,59,-59.0
2015-02-27 00:12:53,41,-41.0
2015-02-27 00:17:53,97,-97.0
2015-02-27 00:22:53,61,-61.0
2015-02-27 00:27:53,105,-105.0
2015-02-27 00:32:53,52,-52.0
2015-02-27 00:37:53,30,-30.0
2015-02-27 00:42:53,23,-23.0
2015-02-27 00:47:53,26,-26.0
2015-02-27 00:52:53,43,-43.0
2015-02-27 00:57:53,24,-24.0
2015-02-27 01:02:53,41,-41.0
2015-02-27 01:07:53,24,-24.0
2015-02-27 01:12:53,33,-33.0
2015-02-27 01:17:53,20,-20.0
2015-02-27 01:22:53,21,-21.0
2015-02-27 01:27:53,34,-34.0
2015-02-27 01:32:53,39,-39.0
2015-02-27 01:37:53,41,-41.0
2015-02-27 01:42:53,48,-48.0
2015-02-27 01:47:53,28,-28.0
2015-02-27 01:52:53,32,-32.0
2015-02-27 01:57:53,26,-26.0
2015-02-27 02:02:53,18,-18.0
2015-02-27 02:07:53,17,-17.0
2015-02-27 02:12:53,25,-25.0
2015-02-27 02:17:53,25,-25.0
2015-02-27 02:22:53,32,-32.0
2015-02-27 02:27:53,94,-94.0
2015-02-27 02:32:53,39,-39.0
2015-02-27 02:37:53,23,-23.0
2015-02-27 02:42:53,73,-73.0
2015-02-27 02:47:53,31,-31.0
2015-02-27 02:52:53,30,-30.0
2015-02-27 02:57:53,35,-35.0
2015-02-27 03:02:53,23,-23.0
2015-02-27 03:07:53,49,-49.0
2015-02-27 03:12:53,187,-187.0
2015-02-27 03:17:53,203,-203.0
2015-02-27 03:22:53,175,-175.0
2015-02-27 03:27:53,112,-112.0
2015-02-27 03:32:53,22,-22.0
2015-02-27 03:37:53,24,-24.0
2015-02-27 03:42:53,12,-12.0
2015-02-27 03:47:53,26,-26.0
2015-02-27 03:52:53,16,-16.0
2015-02-27 03:57:53,14,-14.0
2015-02-27 04:02:53,19,-19.0
2015-02-27 04:07:53,21,-21.0
2015-02-27 04:12:53,18,-18.0
2015-02-27 04:17:53,12,-12.0
2015-02-27 04:22:53,25,-25.0
2015-02-27 04:27:53,17,-17.0
2015-02-27 04:32:53,21,-21.0
2015-02-27 04:37:53,18,-18.0
2015-02-27 04:42:53,22,-22.0
2015-02-27 04:47:53,23,-23.0
2015-02-27 04:52:53,26,-26.0
2015-02-27 04:57:53,33,-33.0
2015-02-27 05:02:53,26,-26.0
2015-02-27 05:07:53,16,-16.0
2015-02-27 05:12:53,15,-15.0
2015-02-27 05:17:53,7,-7.0
2015-02-27 05:22:53,14,-14.0
2015-02-27 05:27:53,11,-11.0
2015-02-27 05:32:53,31,-31.0
2015-02-27 05:37:53,15,-15.0
2015-02-27 05:42:53,15,-15.0
2015-02-27 05:47:53,15,-15.0
2015-02-27 05:52:53,25,-25.0
2015-02-27 05:57:53,34,-34.0
2015-02-27 06:02:53,20,-20.0
2015-02-27 06:07:53,15,-15.0
2015-02-27 06:12:53,16,-16.0
2015-02-27 06:17:53,18,-18.0
2015-02-27 06:22:53,6,-6.0
2015-02-27 06:27:53,10,-10.0
2015-02-27 06:32:53,20,-20.0
2015-02-27 06:37:53,14,-14.0
2015-02-27 06:42:53,11,-11.0
2015-02-27 06:47:53,27,-27.0
2015-02-27 06:52:53,7,-7.0
2015-02-27 06:57:53,21,-21.0
2015-02-27 07:02:53,16,-16.0
2015-02-27 07:07:53,20,-20.0
2015-02-27 07:12:53,11,-11.0
2015-02-27 07:17:53,11,-11.0
2015-02-27 07:22:53,21,-21.0
2015-02-27 07:27:53,16,-16.0
2015-02-27 07:32:53,16,-16.0
2015-02-27 07:37:53,16,-16.0
2015-02-27 07:42:53,18,-18.0
2015-02-27 07:47:53,10,-10.0
2015-02-27 07:52:53,13,-13.0
2015-02-27 07:57:53,21,-21.0
2015-02-27 08:02:53,18,-18.0
2015-02-27 08:07:53,11,-11.0
2015-02-27 08:12:53,17,-17.0
2015-02-27 08:17:53,19,-19.0
2015-02-27 08:22:53,8,-8.0
2015-02-27 08:27:53,14,-14.0
2015-02-27 08:32:53,18,-18.0
2015-02-27 08:37:53,13,-13.0
2015-02-27 08:42:53,16,-16.0
2015-02-27 08:47:53,18,-18.0
2015-02-27 08:52:53,8,-8.0
2015-02-27 08:57:53,17,-17.0
2015-02-27 09:02:53,28,-28.0
2015-02-27 09:07:53,14,-14.0
2015-02-27 09:12:53,14,-14.0
2015-02-27 09:17:53,16,-16.0
2015-02-27 09:22:53,9,-9.0
2015-02-27 09:27:53,20,-20.0
2015-02-27 09:32:53,17,-17.0
2015-02-27 09:37:53,13,-13.0
2015-02-27 09:42:53,22,-22.0
2015-02-27 09:47:53,19,-19.0
2015-02-27 09:52:53,19,-19.0
2015-02-27 09:57:53,30,-30.0
2015-02-27 10:02:53,12,-12.0
2015-02-27 10:07:53,13,-13.0
2015-02-27 10:12:53,13,-13.0
2015-02-27 10:17:53,12,-12.0
2015-02-27 10:22:53,13,-13.0
2015-02-27 10:27:53,61,-61.0
2015-02-27 10:32:53,12,-12.0
2015-02-27 10:37:53,19,-19.0
2015-02-27 10:42:53,34,-34.0
2015-02-27 10:47:53,25,-25.0
2015-02-27 10:52:53,19,-19.0
2015-02-27 10:57:53,14,-14.0
2015-02-27 11:02:53,17,-17.0
2015-02-27 11:07:53,33,-33.0
2015-02-27 11:12:53,19,-19.0
2015-02-27 11:17:53,11,-11.0
2015-02-27 11:22:53,9,-9.0
2015-02-27 11:27:53,14,-14.0
2015-02-27 11:32:53,22,-22.0
2015-02-27 11:37:53,9,-9.0
2015-02-27 11:42:53,21,-21.0
2015-02-27 11:47:53,24,-24.0
2015-02-27 11:52:53,10,-10.0
2015-02-27 11:57:53,15,-15.0
2015-02-27 12:02:53,19,-19.0
2015-02-27 12:07:53,30,-30.0
2015-02-27 12:12:53,36,-36.0
2015-02-27 12:17:53,21,-21.0
2015-02-27 12:22:53,24,-24.0
2015-02-27 12:27:53,24,-24.0
2015-02-27 12:32:53,21,-21.0
2015-02-27 12:37:53,14,-14.0
2015-02-27 12:42:53,22,-22.0
2015-02-27 12:47:53,24,-24.0
2015-02-27 12:52:53,20,-20.0
2015-02-27 12:57:53,20,-20.0
2015-02-27 13:02:53,20,-20.0
2015-02-27 13:07:53,14,-14.0
2015-02-27 13:12:53,19,-19.0
2015-02-27 13:17:53,11,-11.0
2015-02-27 13:22:53,12,-12.0
2015-02-27 13:27:53,25,-25.0
2015-02-27 13:32:53,15,-15.0
2015-02-27 13:37:53,17,-17.0
2015-02-27 13:42:53,10,-10.0
2015-02-27 13:47:53,20,-20.0
2015-02-27 13:52:53,14,-14.0
2015-02-27 13:57:53,20,-20.0
2015-02-27 14:02:53,14,-14.0
2015-02-27 14:07:53,21,-21.0
2015-02-27 14:12:53,15,-15.0
2015-02-27 14:17:53,31,-31.0
2015-02-27 14:22:53,29,-29.0
2015-02-27 14:27:53,34,-34.0
2015-02-27 14:32:53,30,-30.0
2015-02-27 14:37:53,26,-26.0
2015-02-27 14:42:53,21,-21.0
2015-02-27 14:47:53,30,-30.0
2015-02-27 14:52:53,24,-24.0
2015-02-27 14:57:53,47,-47.0
2015-02-27 15:02:53,21,-21.0
2015-02-27 15:07:53,30,-30.0
2015-02-27 15:12:53,27,-27.0
2015-02-27 15:17:53,18,-18.0
2015-02-27 15:22:53,40,-40.0
2015-02-27 15:27:53,18,-18.0
2015-02-27 15:32:53,20,-20.0
2015-02-27 15:37:53,23,-23.0
2015-02-27 15:42:53,14,-14.0
2015-02-27 15:47:53,20,-20.0
2015-02-27 15:52:53,22,-22.0
2015-02-27 15:57:53,28,-28.0
2015-02-27 16:02:53,18,-18.0
2015-02-27 16:07:53,19,-19.0
2015-02-27 16:12:53,27,-27.0
2015-02-27 16:17:53,30,-30.0
2015-02-27 16:22:53,23,-23.0
2015-02-27 16:27:53,17,-17.0
2015-02-27 16:32:53,24,-24.0
2015-02-27 16:37:53,18,-18.0
2015-02-27 16:42:53,27,-27.0
2015-02-27 16:47:53,42,-42.0
2015-02-27 16:52:53,22,-22.0
2015-02-27 16:57:53,100,-100.0
2015-02-27 17:02:53,67,-67.0
2015-02-27 17:07:53,43,-43.0
2015-02-27 17:12:53,43,-43.0
2015-02-27 17:17:53,24,-24.0
2015-02-27 17:22:53,22,-22.0
2015-02-27 17:27:53,43,-43.0
2015-02-27 17:32:53,39,-39.0
2015-02-27 17:37:53,37,-37.0
2015-02-27 17:42:53,41,-41.0
2015-02-27 17:47:53,25,-25.0
2015-02-27 17:52:53,24,-24.0
2015-02-27 17:57:53,63,-63.0
2015-02-27 18:02:53,80,-80.0
2015-02-27 18:07:53,48,-48.0
2015-02-27 18:12:53,58,-58.0
2015-02-27 18:17:53,52,-52.0
2015-02-27 18:22:53,44,-44.0
2015-02-27 18:27:53,68,-68.0
2015-02-27 18:32:53,58,-58.0
2015-02-27 18:37:53,112,-112.0
2015-02-27 18:42:53,77,-77.0
2015-02-27 18:47:53,46,-46.0
2015-02-27 18:52:53,202,-202.0
2015-02-27 18:57:53,105,-105.0
2015-02-27 19:02:53,60,-60.0
2015-02-27 19:07:53,61,-61.0
2015-02-27 19:12:53,55,-55.0
2015-02-27 19:17:53,34,-34.0
2015-02-27 19:22:53,35,-35.0
2015-02-27 19:27:53,61,-61.0
2015-02-27 19:32:53,47,-47.0
2015-02-27 19:37:53,30,-30.0
2015-02-27 19:42:53,37,-37.0
2015-02-27 19:47:53,41,-41.0
2015-02-27 19:52:53,54,-54.0
2015-02-27 19:57:53,35,-35.0
2015-02-27 20:02:53,39,-39.0
2015-02-27 20:07:53,54,-54.0
2015-02-27 20:12:53,116,-116.0
2015-02-27 20:17:53,77,-77.0
2015-02-27 20:22:53,75,-75.0
2015-02-27 20:27:53,90,-90.0
2015-02-27 20:32:53,70,-70.0
2015-02-27 20:37:53,41,-41.0
2015-02-27 20:42:53,24,-24.0
2015-02-27 20:47:53,40,-40.0
2015-02-27 20:52:53,26,-26.0
2015-02-27 20:57:53,36,-36.0
2015-02-27 21:02:53,36,-36.0
2015-02-27 21:07:53,31,-31.0
2015-02-27 21:12:53,34,-34.0
2015-02-27 21:17:53,40,-40.0
2015-02-27 21:22:53,30,-30.0
2015-02-27 21:27:53,70,-70.0
2015-02-27 21:32:53,40,-40.0
2015-02-27 21:37:53,36,-36.0
2015-02-27 21:42:53,31,-31.0
2015-02-27 21:47:53,42,-42.0
2015-02-27 21:52:53,31,-31.0
2015-02-27 21:57:53,32,-32.0
2015-02-27 22:02:53,24,-24.0
2015-02-27 22:07:53,32,-32.0
2015-02-27 22:12:53,32,-32.0
2015-02-27 22:17:53,33,-33.0
2015-02-27 22:22:53,27,-27.0
2015-02-27 22:27:53,31,-31.0
2015-02-27 22:32:53,25,-25.0
2015-02-27 22:37:53,24,-24.0
2015-02-27 22:42:53,21,-21.0
2015-02-27 22:47:53,25,-25.0
2015-02-27 22:52:53,13,-13.0
2015-02-27 22:57:53,27,-27.0
2015-02-27 23:02:53,37,-37.0
2015-02-27 23:07:53,20,-20.0
2015-02-27 23:12:53,17,-17.0
2015-02-27 23:17:53,18,-18.0
2015-02-27 23:22:53,20,-20.0
2015-02-27 23:27:53,24,-24.0
2015-02-27 23:32:53,27,-27.0
2015-02-27 23:37:53,58,-58.0
2015-02-27 23:42:53,80,-80.0
2015-02-27 23:47:53,51,-51.0
2015-02-27 23:52:53,42,-42.0
2015-02-27 23:57:53,39,-39.0
2015-02-28 00:02:53,28,-28.0
2015-02-28 00:07:53,27,-27.0
2015-02-28 00:12:53,22,-22.0
2015-02-28 00:17:53,21,-21.0
2015-02-28 00:22:53,20,-20.0
2015-02-28 00:27:53,35,-35.0
2015-02-28 00:32:53,25,-25.0
2015-02-28 00:37:53,16,-16.0
2015-02-28 00:42:53,15,-15.0
2015-02-28 00:47:53,22,-22.0
2015-02-28 00:52:53,104,-104.0
2015-02-28 00:57:53,18,-18.0
2015-02-28 01:02:53,13,-13.0
2015-02-28 01:07:53,16,-16.0
2015-02-28 01:12:53,14,-14.0
2015-02-28 01:17:53,20,-20.0
2015-02-28 01:22:53,17,-17.0
2015-02-28 01:27:53,25,-25.0
2015-02-28 01:32:53,16,-16.0
2015-02-28 01:37:53,13,-13.0
2015-02-28 01:42:53,12,-12.0
2015-02-28 01:47:53,12,-12.0
2015-02-28 01:52:53,21,-21.0
2015-02-28 01:57:53,13,-13.0
2015-02-28 02:02:53,24,-24.0
2015-02-28 02:07:53,20,-20.0
2015-02-28 02:12:53,12,-12.0
2015-02-28 02:17:53,12,-12.0
2015-02-28 02:22:53,13,-13.0
2015-02-28 02:27:53,15,-15.0
2015-02-28 02:32:53,12,-12.0
2015-02-28 02:37:53,16,-16.0
2015-02-28 02:42:53,13,-13.0
2015-02-28 02:47:53,15,-15.0
2015-02-28 02:52:53,10,-10.0
2015-02-28 02:57:53,16,-16.0
2015-02-28 03:02:53,14,-14.0
2015-02-28 03:07:53,12,-12.0
2015-02-28 03:12:53,7,-7.0
2015-02-28 03:17:53,15,-15.0
2015-02-28 03:22:53,13,-13.0
2015-02-28 03:27:53,11,-11.0
2015-02-28 03:32:53,8,-8.0
2015-02-28 03:37:53,6,-6.0
2015-02-28 03:42:53,15,-15.0
2015-02-28 03:47:53,9,-9.0
2015-02-28 03:52:53,7,-7.0
2015-02-28 03:57:53,11,-11.0
2015-02-28 04:02:53,9,-9.0
2015-02-28 04:07:53,12,-12.0
2015-02-28 04:12:53,6,-6.0
2015-02-28 04:17:53,8,-8.0
2015-02-28 04:22:53,4,-4.0
2015-02-28 04:27:53,10,-10.0
2015-02-28 04:32:53,14,-14.0
2015-02-28 04:37:53,12,-12.0
2015-02-28 04:42:53,25,-25.0
2015-02-28 04:47:53,14,-14.0
2015-02-28 04:52:53,8,-8.0
2015-02-28 04:57:53,14,-14.0
2015-02-28 05:02:53,7,-7.0
2015-02-28 05:07:53,22,-22.0
2015-02-28 05:12:53,23,-23.0
2015-02-28 05:17:53,9,-9.0
2015-02-28 05:22:53,27,-27.0
2015-02-28 05:27:53,11,-11.0
2015-02-28 05:32:53,8,-8.0
2015-02-28 05:37:53,19,-19.0
2015-02-28 05:42:53,20,-20.0
2015-02-28 05:47:53,7,-7.0
2015-02-28 05:52:53,16,-16.0
2015-02-28 05:57:53,9,-9.0
2015-02-28 06:02:53,15,-15.0
2015-02-28 06:07:53,10,-10.0
2015-02-28 06:12:53,20,-20.0
2015-02-28 06:17:53,9,-9.0
2015-02-28 06:22:53,11,-11.0
2015-02-28 06:27:53,8,-8.0
2015-02-28 06:32:53,17,-17.0
2015-02-28 06:37:53,32,-32.0
2015-02-28 06:42:53,4,-4.0
2015-02-28 06:47:53,7,-7.0
2015-02-28 06:52:53,9,-9.0
2015-02-28 06:57:53,12,-12.0
2015-02-28 07:02:53,5,-5.0
2015-02-28 07:07:53,5,-5.0
2015-02-28 07:12:53,7,-7.0
2015-02-28 07:17:53,10,-10.0
2015-02-28 07:22:53,10,-10.0
2015-02-28 07:27:53,12,-12.0
2015-02-28 07:32:53,11,-11.0
2015-02-28 07:37:53,6,-6.0
2015-02-28 07:42:53,6,-6.0
2015-02-28 07:47:53,10,-10.0
2015-02-28 07:52:53,15,-15.0
2015-02-28 07:57:53,13,-13.0
2015-02-28 08:02:53,8,-8.0
2015-02-28 08:07:53,10,-10.0
2015-02-28 08:12:53,12,-12.0
2015-02-28 08:17:53,6,-6.0
2015-02-28 08:22:53,10,-10.0
2015-02-28 08:27:53,8,-8.0
2015-02-28 08:32:53,9,-9.0
2015-02-28 08:37:53,12,-12.0
2015-02-28 08:42:53,5,-5.0
2015-02-28 08:47:53,6,-6.0
2015-02-28 08:52:53,7,-7.0
2015-02-28 08:57:53,14,-14.0
2015-02-28 09:02:53,4,-4.0
2015-02-28 09:07:53,15,-15.0
2015-02-28 09:12:53,21,-21.0
2015-02-28 09:17:53,17,-17.0
2015-02-28 09:22:53,6,-6.0
2015-02-28 09:27:53,11,-11.0
2015-02-28 09:32:53,5,-5.0
2015-02-28 09:37:53,3,-3.0
2015-02-28 09:42:53,7,-7.0
2015-02-28 09:47:53,7,-7.0
2015-02-28 09:52:53,3,-3.0
2015-02-28 09:57:53,15,-15.0
2015-02-28 10:02:53,8,-8.0
2015-02-28 10:07:53,8,-8.0
2015-02-28 10:12:53,7,-7.0
2015-02-28 10:17:53,4,-4.0
2015-02-28 10:22:53,22,-22.0
2015-02-28 10:27:53,8,-8.0
2015-02-28 10:32:53,10,-10.0
2015-02-28 10:37:53,14,-14.0
2015-02-28 10:42:53,17,-17.0
2015-02-28 10:47:53,13,-13.0
2015-02-28 10:52:53,9,-9.0
2015-02-28 10:57:53,13,-13.0
2015-02-28 11:02:53,33,-33.0
2015-02-28 11:07:53,25,-25.0
2015-02-28 11:12:53,15,-15.0
2015-02-28 11:17:53,8,-8.0
2015-02-28 11:22:53,9,-9.0
2015-02-28 11:27:53,11,-11.0
2015-02-28 11:32:53,8,-8.0
2015-02-28 11:37:53,4,-4.0
2015-02-28 11:42:53,6,-6.0
2015-02-28 11:47:53,7,-7.0
2015-02-28 11:52:53,6,-6.0
2015-02-28 11:57:53,22,-22.0
2015-02-28 12:02:53,17,-17.0
2015-02-28 12:07:53,13,-13.0
2015-02-28 12:12:53,13,-13.0
2015-02-28 12:17:53,19,-19.0
2015-02-28 12:22:53,31,-31.0
2015-02-28 12:27:53,23,-23.0
2015-02-28 12:32:53,13,-13.0
2015-02-28 12:37:53,21,-21.0
2015-02-28 12:42:53,12,-12.0
2015-02-28 12:47:53,11,-11.0
2015-02-28 12:52:53,15,-15.0
2015-02-28 12:57:53,13,-13.0
2015-02-28 13:02:53,10,-10.0
2015-02-28 13:07:53,12,-12.0
2015-02-28 13:12:53,16,-16.0
2015-02-28 13:17:53,14,-14.0
2015-02-28 13:22:53,18,-18.0
2015-02-28 13:27:53,17,-17.0
2015-02-28 13:32:53,8,-8.0
2015-02-28 13:37:53,8,-8.0
2015-02-28 13:42:53,13,-13.0
2015-02-28 13:47:53,9,-9.0
2015-02-28 13:52:53,12,-12.0
2015-02-28 13:57:53,25,-25.0
2015-02-28 14:02:53,17,-17.0
2015-02-28 14:07:53,15,-15.0
2015-02-28 14:12:53,24,-24.0
2015-02-28 14:17:53,17,-17.0
2015-02-28 14:22:53,17,-17.0
2015-02-28 14:27:53,23,-23.0
2015-02-28 14:32:53,17,-17.0
2015-02-28 14:37:53,15,-15.0
2015-02-28 14:42:53,18,-18.0
2015-02-28 14:47:53,14,-14.0
2015-02-28 14:52:53,22,-22.0
2015-02-28 14:57:53,22,-22.0
2015-02-28 15:02:53,26,-26.0
2015-02-28 15:07:53,18,-18.0
2015-02-28 15:12:53,36,-36.0
2015-02-28 15:17:53,15,-15.0
2015-02-28 15:22:53,19,-19.0
2015-02-28 15:27:53,24,-24.0
2015-02-28 15:32:53,12,-12.0
2015-02-28 15:37:53,13,-13.0
2015-02-28 15:42:53,17,-17.0
2015-02-28 15:47:53,14,-14.0
2015-02-28 15:52:53,20,-20.0
2015-02-28 15:57:53,16,-16.0
2015-02-28 16:02:53,20,-20.0
2015-02-28 16:07:53,7,-7.0
2015-02-28 16:12:53,32,-32.0
2015-02-28 16:17:53,16,-16.0
2015-02-28 16:22:53,15,-15.0
2015-02-28 16:27:53,28,-28.0
2015-02-28 16:32:53,19,-19.0
2015-02-28 16:37:53,10,-10.0
2015-02-28 16:42:53,21,-21.0
2015-02-28 16:47:53,21,-21.0
2015-02-28 16:52:53,20,-20.0
2015-02-28 16:57:53,25,-25.0
2015-02-28 17:02:53,16,-16.0
2015-02-28 17:07:53,18,-18.0
2015-02-28 17:12:53,10,-10.0
2015-02-28 17:17:53,11,-11.0
2015-02-28 17:22:53,46,-46.0
2015-02-28 17:27:53,8,-8.0
2015-02-28 17:32:53,31,-31.0
2015-02-28 17:37:53,22,-22.0
2015-02-28 17:42:53,11,-11.0
2015-02-28 17:47:53,14,-14.0
2015-02-28 17:52:53,8,-8.0
2015-02-28 17:57:53,23,-23.0
2015-02-28 18:02:53,19,-19.0
2015-02-28 18:07:53,20,-20.0
2015-02-28 18:12:53,17,-17.0
2015-02-28 18:17:53,19,-19.0
2015-02-28 18:22:53,11,-11.0
2015-02-28 18:27:53,16,-16.0
2015-02-28 18:32:53,16,-16.0
2015-02-28 18:37:53,9,-9.0
2015-02-28 18:42:53,14,-14.0
2015-02-28 18:47:53,16,-16.0
2015-02-28 18:52:53,6,-6.0
2015-02-28 18:57:53,32,-32.0
2015-02-28 19:02:53,30,-30.0
2015-02-28 19:07:53,39,-39.0
2015-02-28 19:12:53,30,-30.0
2015-02-28 19:17:53,27,-27.0
2015-02-28 19:22:53,16,-16.0
2015-02-28 19:27:53,17,-17.0
2015-02-28 19:32:53,20,-20.0
2015-02-28 19:37:53,27,-27.0
2015-02-28 19:42:53,20,-20.0
2015-02-28 19:47:53,21,-21.0
2015-02-28 19:52:53,22,-22.0
2015-02-28 19:57:53,25,-25.0
2015-02-28 20:02:53,19,-19.0
2015-02-28 20:07:53,21,-21.0
2015-02-28 20:12:53,20,-20.0
2015-02-28 20:17:53,13,-13.0
2015-02-28 20:22:53,14,-14.0
2015-02-28 20:27:53,13,-13.0
2015-02-28 20:32:53,19,-19.0
2015-02-28 20:37:53,16,-16.0
2015-02-28 20:42:53,13,-13.0
2015-02-28 20:47:53,14,-14.0
2015-02-28 20:52:53,23,-23.0
2015-02-28 20:57:53,21,-21.0
2015-02-28 21:02:53,11,-11.0
2015-02-28 21:07:53,25,-25.0
2015-02-28 21:12:53,8,-8.0
2015-02-28 21:17:53,11,-11.0
2015-02-28 21:22:53,13,-13.0
2015-02-28 21:27:53,21,-21.0
2015-02-28 21:32:53,10,-10.0
2015-02-28 21:37:53,12,-12.0
2015-02-28 21:42:53,14,-14.0
2015-02-28 21:47:53,17,-17.0
2015-02-28 21:52:53,19,-19.0
2015-02-28 21:57:53,23,-23.0
2015-02-28 22:02:53,13,-13.0
2015-02-28 22:07:53,14,-14.0
2015-02-28 22:12:53,19,-19.0
2015-02-28 22:17:53,10,-10.0
2015-02-28 22:22:53,12,-12.0
2015-02-28 22:27:53,7,-7.0
2015-02-28 22:32:53,11,-11.0
2015-02-28 22:37:53,10,-10.0
2015-02-28 22:42:53,9,-9.0
2015-02-28 22:47:53,14,-14.0
2015-02-28 22:52:53,13,-13.0
2015-02-28 22:57:53,17,-17.0
2015-02-28 23:02:53,24,-24.0
2015-02-28 23:07:53,5,-5.0
2015-02-28 23:12:53,9,-9.0
2015-02-28 23:17:53,20,-20.0
2015-02-28 23:22:53,11,-11.0
2015-02-28 23:27:53,16,-16.0
2015-02-28 23:32:53,7,-7.0
2015-02-28 23:37:53,18,-18.0
2015-02-28 23:42:53,7,-7.0
2015-02-28 23:47:53,3,-3.0
2015-02-28 23:52:53,12,-12.0
2015-02-28 23:57:53,10,-10.0
2015-03-01 00:02:53,13,-13.0
2015-03-01 00:07:53,16,-16.0
2015-03-01 00:12:53,9,-9.0
2015-03-01 00:17:53,5,-5.0
2015-03-01 00:22:53,10,-10.0
2015-03-01 00:27:53,7,-7.0
2015-03-01 00:32:53,5,-5.0
2015-03-01 00:37:53,9,-9.0
2015-03-01 00:42:53,13,-13.0
2015-03-01 00:47:53,14,-14.0
2015-03-01 00:52:53,9,-9.0
2015-03-01 00:57:53,8,-8.0
2015-03-01 01:02:53,12,-12.0
2015-03-01 01:07:53,4,-4.0
2015-03-01 01:12:53,11,-11.0
2015-03-01 01:17:53,11,-11.0
2015-03-01 01:22:53,11,-11.0
2015-03-01 01:27:53,18,-18.0
2015-03-01 01:32:53,6,-6.0
2015-03-01 01:37:53,5,-5.0
2015-03-01 01:42:53,8,-8.0
2015-03-01 01:47:53,9,-9.0
2015-03-01 01:52:53,5,-5.0
2015-03-01 01:57:53,15,-15.0
2015-03-01 02:02:53,13,-13.0
2015-03-01 02:07:53,6,-6.0
2015-03-01 02:12:53,14,-14.0
2015-03-01 02:17:53,7,-7.0
2015-03-01 02:22:53,1,-1.0
2015-03-01 02:27:53,8,-8.0
2015-03-01 02:32:53,9,-9.0
2015-03-01 02:37:53,5,-5.0
2015-03-01 02:42:53,6,-6.0
2015-03-01 02:47:53,10,-10.0
2015-03-01 02:52:53,6,-6.0
2015-03-01 02:57:53,6,-6.0
2015-03-01 03:02:53,10,-10.0
2015-03-01 03:07:53,16,-16.0
2015-03-01 03:12:53,8,-8.0
2015-03-01 03:17:53,9,-9.0
2015-03-01 03:22:53,5,-5.0
2015-03-01 03:27:53,16,-16.0
2015-03-01 03:32:53,6,-6.0
2015-03-01 03:37:53,10,-10.0
2015-03-01 03:42:53,11,-11.0
2015-03-01 03:47:53,6,-6.0
2015-03-01 03:52:53,16,-16.0
2015-03-01 03:57:53,14,-14.0
2015-03-01 04:02:53,7,-7.0
2015-03-01 04:07:53,7,-7.0
2015-03-01 04:12:53,7,-7.0
2015-03-01 04:17:53,11,-11.0
2015-03-01 04:22:53,4,-4.0
2015-03-01 04:27:53,7,-7.0
2015-03-01 04:32:53,9,-9.0
2015-03-01 04:37:53,5,-5.0
2015-03-01 04:42:53,12,-12.0
2015-03-01 04:47:53,6,-6.0
2015-03-01 04:52:53,11,-11.0
2015-03-01 04:57:53,12,-12.0
2015-03-01 05:02:53,6,-6.0
2015-03-01 05:07:53,4,-4.0
2015-03-01 05:12:53,5,-5.0
2015-03-01 05:17:53,4,-4.0
2015-03-01 05:22:53,7,-7.0
2015-03-01 05:27:53,22,-22.0
2015-03-01 05:32:53,4,-4.0
2015-03-01 05:37:53,6,-6.0
2015-03-01 05:42:53,6,-6.0
2015-03-01 05:47:53,9,-9.0
2015-03-01 05:52:53,3,-3.0
2015-03-01 05:57:53,3,-3.0
2015-03-01 06:02:53,7,-7.0
2015-03-01 06:07:53,12,-12.0
2015-03-01 06:12:53,6,-6.0
2015-03-01 06:17:53,5,-5.0
2015-03-01 06:22:53,2,-2.0
2015-03-01 06:27:53,13,-13.0
2015-03-01 06:32:53,7,-7.0
2015-03-01 06:37:53,14,-14.0
2015-03-01 06:42:53,15,-15.0
2015-03-01 06:47:53,4,-4.0
2015-03-01 06:52:53,10,-10.0
2015-03-01 06:57:53,8,-8.0
2015-03-01 07:02:53,8,-8.0
2015-03-01 07:07:53,4,-4.0
2015-03-01 07:12:53,16,-16.0
2015-03-01 07:17:53,5,-5.0
2015-03-01 07:22:53,5,-5.0
2015-03-01 07:27:53,5,-5.0
2015-03-01 07:32:53,9,-9.0
2015-03-01 07:37:53,13,-13.0
2015-03-01 07:42:53,0,0.0
2015-03-01 07:47:53,2,-2.0
2015-03-01 07:52:53,5,-5.0
2015-03-01 07:57:53,7,-7.0
2015-03-01 08:02:53,11,-11.0
2015-03-01 08:07:53,9,-9.0
2015-03-01 08:12:53,6,-6.0
2015-03-01 08:17:53,15,-15.0
2015-03-01 08:22:53,11,-11.0
2015-03-01 08:27:53,3,-3.0
2015-03-01 08:32:53,8,-8.0
2015-03-01 08:37:53,7,-7.0
2015-03-01 08:42:53,3,-3.0
2015-03-01 08:47:53,5,-5.0
2015-03-01 08:52:53,7,-7.0
2015-03-01 08:57:53,14,-14.0
2015-03-01 09:02:53,5,-5.0
2015-03-01 09:07:53,5,-5.0
2015-03-01 09:12:53,9,-9.0
2015-03-01 09:17:53,3,-3.0
2015-03-01 09:22:53,6,-6.0
2015-03-01 09:27:53,6,-6.0
2015-03-01 09:32:53,8,-8.0
2015-03-01 09:37:53,10,-10.0
2015-03-01 09:42:53,12,-12.0
2015-03-01 09:47:53,9,-9.0
2015-03-01 09:52:53,16,-16.0
2015-03-01 09:57:53,17,-17.0
2015-03-01 10:02:53,7,-7.0
2015-03-01 10:07:53,11,-11.0
2015-03-01 10:12:53,14,-14.0
2015-03-01 10:17:53,11,-11.0
2015-03-01 10:22:53,5,-5.0
2015-03-01 10:27:53,12,-12.0
2015-03-01 10:32:53,10,-10.0
2015-03-01 10:37:53,14,-14.0
2015-03-01 10:42:53,13,-13.0
2015-03-01 10:47:53,22,-22.0
2015-03-01 10:52:53,16,-16.0
2015-03-01 10:57:53,13,-13.0
2015-03-01 11:02:53,4,-4.0
2015-03-01 11:07:53,13,-13.0
2015-03-01 11:12:53,12,-12.0
2015-03-01 11:17:53,6,-6.0
2015-03-01 11:22:53,16,-16.0
2015-03-01 11:27:53,10,-10.0
2015-03-01 11:32:53,4,-4.0
2015-03-01 11:37:53,11,-11.0
2015-03-01 11:42:53,7,-7.0
2015-03-01 11:47:53,7,-7.0
2015-03-01 11:52:53,81,-81.0
2015-03-01 11:57:53,41,-41.0
2015-03-01 12:02:53,27,-27.0
2015-03-01 12:07:53,12,-12.0
2015-03-01 12:12:53,15,-15.0
2015-03-01 12:17:53,7,-7.0
2015-03-01 12:22:53,9,-9.0
2015-03-01 12:27:53,9,-9.0
2015-03-01 12:32:53,21,-21.0
2015-03-01 12:37:53,4,-4.0
2015-03-01 12:42:53,11,-11.0
2015-03-01 12:47:53,14,-14.0
2015-03-01 12:52:53,18,-18.0
2015-03-01 12:57:53,12,-12.0
2015-03-01 13:02:53,8,-8.0
2015-03-01 13:07:53,6,-6.0
2015-03-01 13:12:53,7,-7.0
2015-03-01 13:17:53,13,-13.0
2015-03-01 13:22:53,7,-7.0
2015-03-01 13:27:53,8,-8.0
2015-03-01 13:32:53,8,-8.0
2015-03-01 13:37:53,12,-12.0
2015-03-01 13:42:53,18,-18.0
2015-03-01 13:47:53,24,-24.0
2015-03-01 13:52:53,12,-12.0
2015-03-01 13:57:53,12,-12.0
2015-03-01 14:02:53,6,-6.0
2015-03-01 14:07:53,17,-17.0
2015-03-01 14:12:53,19,-19.0
2015-03-01 14:17:53,14,-14.0
2015-03-01 14:22:53,17,-17.0
2015-03-01 14:27:53,12,-12.0
2015-03-01 14:32:53,17,-17.0
2015-03-01 14:37:53,12,-12.0
2015-03-01 14:42:53,13,-13.0
2015-03-01 14:47:53,15,-15.0
2015-03-01 14:52:53,11,-11.0
2015-03-01 14:57:53,19,-19.0
2015-03-01 15:02:53,10,-10.0
2015-03-01 15:07:53,10,-10.0
2015-03-01 15:12:53,12,-12.0
2015-03-01 15:17:53,10,-10.0
2015-03-01 15:22:53,20,-20.0
2015-03-01 15:27:53,13,-13.0
2015-03-01 15:32:53,11,-11.0
2015-03-01 15:37:53,14,-14.0
2015-03-01 15:42:53,15,-15.0
2015-03-01 15:47:53,9,-9.0
2015-03-01 15:52:53,17,-17.0
2015-03-01 15:57:53,14,-14.0
2015-03-01 16:02:53,16,-16.0
2015-03-01 16:07:53,23,-23.0
2015-03-01 16:12:53,11,-11.0
2015-03-01 16:17:53,8,-8.0
2015-03-01 16:22:53,20,-20.0
2015-03-01 16:27:53,12,-12.0
2015-03-01 16:32:53,13,-13.0
2015-03-01 16:37:53,26,-26.0
2015-03-01 16:42:53,18,-18.0
2015-03-01 16:47:53,16,-16.0
2015-03-01 16:52:53,10,-10.0
2015-03-01 16:57:53,8,-8.0
2015-03-01 17:02:53,11,-11.0
2015-03-01 17:07:53,16,-16.0
2015-03-01 17:12:53,18,-18.0
2015-03-01 17:17:53,12,-12.0
2015-03-01 17:22:53,20,-20.0
2015-03-01 17:27:53,17,-17.0
2015-03-01 17:32:53,17,-17.0
2015-03-01 17:37:53,21,-21.0
2015-03-01 17:42:53,14,-14.0
2015-03-01 17:47:53,20,-20.0
2015-03-01 17:52:53,12,-12.0
2015-03-01 17:57:53,26,-26.0
2015-03-01 18:02:53,8,-8.0
2015-03-01 18:07:53,16,-16.0
2015-03-01 18:12:53,8,-8.0
2015-03-01 18:17:53,11,-11.0
2015-03-01 18:22:53,13,-13.0
2015-03-01 18:27:53,21,-21.0
2015-03-01 18:32:53,14,-14.0
2015-03-01 18:37:53,11,-11.0
2015-03-01 18:42:53,11,-11.0
2015-03-01 18:47:53,17,-17.0
2015-03-01 18:52:53,10,-10.0
2015-03-01 18:57:53,11,-11.0
2015-03-01 19:02:53,18,-18.0
2015-03-01 19:07:53,17,-17.0
2015-03-01 19:12:53,18,-18.0
2015-03-01 19:17:53,14,-14.0
2015-03-01 19:22:53,9,-9.0
2015-03-01 19:27:53,10,-10.0
2015-03-01 19:32:53,7,-7.0
2015-03-01 19:37:53,6,-6.0
2015-03-01 19:42:53,5,-5.0
2015-03-01 19:47:53,11,-11.0
2015-03-01 19:52:53,5,-5.0
2015-03-01 19:57:53,14,-14.0
2015-03-01 20:02:53,13,-13.0
2015-03-01 20:07:53,13,-13.0
2015-03-01 20:12:53,15,-15.0
2015-03-01 20:17:53,12,-12.0
2015-03-01 20:22:53,8,-8.0
2015-03-01 20:27:53,8,-8.0
2015-03-01 20:32:53,16,-16.0
2015-03-01 20:37:53,15,-15.0
2015-03-01 20:42:53,10,-10.0
2015-03-01 20:47:53,7,-7.0
2015-03-01 20:52:53,5,-5.0
2015-03-01 20:57:53,16,-16.0
2015-03-01 21:02:53,17,-17.0
2015-03-01 21:07:53,10,-10.0
2015-03-01 21:12:53,26,-26.0
2015-03-01 21:17:53,6,-6.0
2015-03-01 21:22:53,11,-11.0
2015-03-01 21:27:53,20,-20.0
2015-03-01 21:32:53,24,-24.0
2015-03-01 21:37:53,7,-7.0
2015-03-01 21:42:53,13,-13.0
2015-03-01 21:47:53,7,-7.0
2015-03-01 21:52:53,10,-10.0
2015-03-01 21:57:53,8,-8.0
2015-03-01 22:02:53,8,-8.0
2015-03-01 22:07:53,9,-9.0
2015-03-01 22:12:53,8,-8.0
2015-03-01 22:17:53,9,-9.0
2015-03-01 22:22:53,15,-15.0
2015-03-01 22:27:53,8,-8.0
2015-03-01 22:32:53,10,-10.0
2015-03-01 22:37:53,15,-15.0
2015-03-01 22:42:53,7,-7.0
2015-03-01 22:47:53,12,-12.0
2015-03-01 22:52:53,5,-5.0
2015-03-01 22:57:53,11,-11.0
2015-03-01 23:02:53,7,-7.0
2015-03-01 23:07:53,8,-8.0
2015-03-01 23:12:53,11,-11.0
2015-03-01 23:17:53,14,-14.0
2015-03-01 23:22:53,14,-14.0
2015-03-01 23:27:53,20,-20.0
2015-03-01 23:32:53,16,-16.0
2015-03-01 23:37:53,16,-16.0
2015-03-01 23:42:53,10,-10.0
2015-03-01 23:47:53,9,-9.0
2015-03-01 23:52:53,9,-9.0
2015-03-01 23:57:53,7,-7.0
2015-03-02 00:02:53,14,-14.0
2015-03-02 00:07:53,14,-14.0
2015-03-02 00:12:53,9,-9.0
2015-03-02 00:17:53,13,-13.0
2015-03-02 00:22:53,7,-7.0
2015-03-02 00:27:53,7,-7.0
2015-03-02 00:32:53,5,-5.0
2015-03-02 00:37:53,13,-13.0
2015-03-02 00:42:53,11,-11.0
2015-03-02 00:47:53,7,-7.0
2015-03-02 00:52:53,9,-9.0
2015-03-02 00:57:53,9,-9.0
2015-03-02 01:02:53,15,-15.0
2015-03-02 01:07:53,6,-6.0
2015-03-02 01:12:53,9,-9.0
2015-03-02 01:17:53,5,-5.0
2015-03-02 01:22:53,12,-12.0
2015-03-02 01:27:53,10,-10.0
2015-03-02 01:32:53,10,-10.0
2015-03-02 01:37:53,10,-10.0
2015-03-02 01:42:53,15,-15.0
2015-03-02 01:47:53,12,-12.0
2015-03-02 01:52:53,17,-17.0
2015-03-02 01:57:53,14,-14.0
2015-03-02 02:02:53,9,-9.0
2015-03-02 02:07:53,9,-9.0
2015-03-02 02:12:53,7,-7.0
2015-03-02 02:17:53,11,-11.0
2015-03-02 02:22:53,11,-11.0
2015-03-02 02:27:53,7,-7.0
2015-03-02 02:32:53,7,-7.0
2015-03-02 02:37:53,12,-12.0
2015-03-02 02:42:53,6,-6.0
2015-03-02 02:47:53,12,-12.0
2015-03-02 02:52:53,6,-6.0
2015-03-02 02:57:53,12,-12.0
2015-03-02 03:02:53,10,-10.0
2015-03-02 03:07:53,6,-6.0
2015-03-02 03:12:53,12,-12.0
2015-03-02 03:17:53,11,-11.0
2015-03-02 03:22:53,8,-8.0
2015-03-02 03:27:53,8,-8.0
2015-03-02 03:32:53,10,-10.0
2015-03-02 03:37:53,11,-11.0
2015-03-02 03:42:53,5,-5.0
2015-03-02 03:47:53,3,-3.0
2015-03-02 03:52:53,8,-8.0
2015-03-02 03:57:53,7,-7.0
2015-03-02 04:02:53,13,-13.0
2015-03-02 04:07:53,5,-5.0
2015-03-02 04:12:53,10,-10.0
2015-03-02 04:17:53,6,-6.0
2015-03-02 04:22:53,32,-32.0
2015-03-02 04:27:53,17,-17.0
2015-03-02 04:32:53,19,-19.0
2015-03-02 04:37:53,16,-16.0
2015-03-02 04:42:53,14,-14.0
2015-03-02 04:47:53,9,-9.0
2015-03-02 04:52:53,5,-5.0
2015-03-02 04:57:53,7,-7.0
2015-03-02 05:02:53,9,-9.0
2015-03-02 05:07:53,9,-9.0
2015-03-02 05:12:53,17,-17.0
2015-03-02 05:17:53,12,-12.0
2015-03-02 05:22:53,8,-8.0
2015-03-02 05:27:53,15,-15.0
2015-03-02 05:32:53,15,-15.0
2015-03-02 05:37:53,1,-1.0
2015-03-02 05:42:53,11,-11.0
2015-03-02 05:47:53,5,-5.0
2015-03-02 05:52:53,8,-8.0
2015-03-02 05:57:53,13,-13.0
2015-03-02 06:02:53,7,-7.0
2015-03-02 06:07:53,8,-8.0
2015-03-02 06:12:53,1,-1.0
2015-03-02 06:17:53,8,-8.0
2015-03-02 06:22:53,12,-12.0
2015-03-02 06:27:53,8,-8.0
2015-03-02 06:32:53,5,-5.0
2015-03-02 06:37:53,15,-15.0
2015-03-02 06:42:53,6,-6.0
2015-03-02 06:47:53,9,-9.0
2015-03-02 06:52:53,10,-10.0
2015-03-02 06:57:53,20,-20.0
2015-03-02 07:02:53,9,-9.0
2015-03-02 07:07:53,7,-7.0
2015-03-02 07:12:53,19,-19.0
2015-03-02 07:17:53,17,-17.0
2015-03-02 07:22:53,7,-7.0
2015-03-02 07:27:53,24,-24.0
2015-03-02 07:32:53,5,-5.0
2015-03-02 07:37:53,10,-10.0
2015-03-02 07:42:53,11,-11.0
2015-03-02 07:47:53,9,-9.0
2015-03-02 07:52:53,14,-14.0
2015-03-02 07:57:53,6,-6.0
2015-03-02 08:02:53,10,-10.0
2015-03-02 08:07:53,20,-20.0
2015-03-02 08:12:53,8,-8.0
2015-03-02 08:17:53,4,-4.0
2015-03-02 08:22:53,7,-7.0
2015-03-02 08:27:53,10,-10.0
2015-03-02 08:32:53,6,-6.0
2015-03-02 08:37:53,7,-7.0
2015-03-02 08:42:53,18,-18.0
2015-03-02 08:47:53,21,-21.0
2015-03-02 08:52:53,21,-21.0
2015-03-02 08:57:53,70,-70.0
2015-03-02 09:02:53,6,-6.0
2015-03-02 09:07:53,9,-9.0
2015-03-02 09:12:53,9,-9.0
2015-03-02 09:17:53,21,-21.0
2015-03-02 09:22:53,13,-13.0
2015-03-02 09:27:53,11,-11.0
2015-03-02 09:32:53,13,-13.0
2015-03-02 09:37:53,11,-11.0
2015-03-02 09:42:53,5,-5.0
2015-03-02 09:47:53,6,-6.0
2015-03-02 09:52:53,10,-10.0
2015-03-02 09:57:53,14,-14.0
2015-03-02 10:02:53,13,-13.0
2015-03-02 10:07:53,21,-21.0
2015-03-02 10:12:53,10,-10.0
2015-03-02 10:17:53,13,-13.0
2015-03-02 10:22:53,11,-11.0
2015-03-02 10:27:53,6,-6.0
2015-03-02 10:32:53,14,-14.0
2015-03-02 10:37:53,10,-10.0
2015-03-02 10:42:53,15,-15.0
2015-03-02 10:47:53,9,-9.0
2015-03-02 10:52:53,11,-11.0
2015-03-02 10:57:53,22,-22.0
2015-03-02 11:02:53,21,-21.0
2015-03-02 11:07:53,10,-10.0
2015-03-02 11:12:53,11,-11.0
2015-03-02 11:17:53,22,-22.0
2015-03-02 11:22:53,9,-9.0
2015-03-02 11:27:53,13,-13.0
2015-03-02 11:32:53,11,-11.0
2015-03-02 11:37:53,12,-12.0
2015-03-02 11:42:53,8,-8.0
2015-03-02 11:47:53,12,-12.0
2015-03-02 11:52:53,17,-17.0
2015-03-02 11:57:53,22,-22.0
2015-03-02 12:02:53,24,-24.0
2015-03-02 12:07:53,14,-14.0
2015-03-02 12:12:53,30,-30.0
2015-03-02 12:17:53,19,-19.0
2015-03-02 12:22:53,13,-13.0
2015-03-02 12:27:53,15,-15.0
2015-03-02 12:32:53,18,-18.0
2015-03-02 12:37:53,31,-31.0
2015-03-02 12:42:53,25,-25.0
2015-03-02 12:47:53,29,-29.0
2015-03-02 12:52:53,29,-29.0
2015-03-02 12:57:53,35,-35.0
2015-03-02 13:02:53,40,-40.0
2015-03-02 13:07:53,28,-28.0
2015-03-02 13:12:53,22,-22.0
2015-03-02 13:17:53,19,-19.0
2015-03-02 13:22:53,23,-23.0
2015-03-02 13:27:53,16,-16.0
2015-03-02 13:32:53,17,-17.0
2015-03-02 13:37:53,18,-18.0
2015-03-02 13:42:53,40,-40.0
2015-03-02 13:47:53,28,-28.0
2015-03-02 13:52:53,29,-29.0
2015-03-02 13:57:53,35,-35.0
2015-03-02 14:02:53,27,-27.0
2015-03-02 14:07:53,15,-15.0
2015-03-02 14:12:53,29,-29.0
2015-03-02 14:17:53,23,-23.0
2015-03-02 14:22:53,19,-19.0
2015-03-02 14:27:53,13,-13.0
2015-03-02 14:32:53,17,-17.0
2015-03-02 14:37:53,19,-19.0
2015-03-02 14:42:53,23,-23.0
2015-03-02 14:47:53,20,-20.0
2015-03-02 14:52:53,25,-25.0
2015-03-02 14:57:53,35,-35.0
2015-03-02 15:02:53,46,-46.0
2015-03-02 15:07:53,66,-66.0
2015-03-02 15:12:53,72,-72.0
2015-03-02 15:17:53,52,-52.0
2015-03-02 15:22:53,40,-40.0
2015-03-02 15:27:53,42,-42.0
2015-03-02 15:32:53,39,-39.0
2015-03-02 15:37:53,32,-32.0
2015-03-02 15:42:53,28,-28.0
2015-03-02 15:47:53,36,-36.0
2015-03-02 15:52:53,37,-37.0
2015-03-02 15:57:53,30,-30.0
2015-03-02 16:02:53,19,-19.0
2015-03-02 16:07:53,31,-31.0
2015-03-02 16:12:53,28,-28.0
2015-03-02 16:17:53,59,-59.0
2015-03-02 16:22:53,50,-50.0
2015-03-02 16:27:53,35,-35.0
2015-03-02 16:32:53,33,-33.0
2015-03-02 16:37:53,31,-31.0
2015-03-02 16:42:53,47,-47.0
2015-03-02 16:47:53,36,-36.0
2015-03-02 16:52:53,31,-31.0
2015-03-02 16:57:53,39,-39.0
2015-03-02 17:02:53,48,-48.0
2015-03-02 17:07:53,42,-42.0
2015-03-02 17:12:53,33,-33.0
2015-03-02 17:17:53,25,-25.0
2015-03-02 17:22:53,28,-28.0
2015-03-02 17:27:53,24,-24.0
2015-03-02 17:32:53,54,-54.0
2015-03-02 17:37:53,32,-32.0
2015-03-02 17:42:53,25,-25.0
2015-03-02 17:47:53,17,-17.0
2015-03-02 17:52:53,21,-21.0
2015-03-02 17:57:53,46,-46.0
2015-03-02 18:02:53,42,-42.0
2015-03-02 18:07:53,21,-21.0
2015-03-02 18:12:53,28,-28.0
2015-03-02 18:17:53,53,-53.0
2015-03-02 18:22:53,26,-26.0
2015-03-02 18:27:53,31,-31.0
2015-03-02 18:32:53,28,-28.0
2015-03-02 18:37:53,39,-39.0
2015-03-02 18:42:53,25,-25.0
2015-03-02 18:47:53,20,-20.0
2015-03-02 18:52:53,40,-40.0
2015-03-02 18:57:53,37,-37.0
2015-03-02 19:02:53,61,-61.0
2015-03-02 19:07:53,53,-53.0
2015-03-02 19:12:53,33,-33.0
2015-03-02 19:17:53,40,-40.0
2015-03-02 19:22:53,61,-61.0
2015-03-02 19:27:53,49,-49.0
2015-03-02 19:32:53,51,-51.0
2015-03-02 19:37:53,43,-43.0
2015-03-02 19:42:53,41,-41.0
2015-03-02 19:47:53,27,-27.0
2015-03-02 19:52:53,47,-47.0
2015-03-02 19:57:53,47,-47.0
2015-03-02 20:02:53,72,-72.0
2015-03-02 20:07:53,40,-40.0
2015-03-02 20:12:53,37,-37.0
2015-03-02 20:17:53,33,-33.0
2015-03-02 20:22:53,51,-51.0
2015-03-02 20:27:53,49,-49.0
2015-03-02 20:32:53,32,-32.0
2015-03-02 20:37:53,42,-42.0
2015-03-02 20:42:53,30,-30.0
2015-03-02 20:47:53,33,-33.0
2015-03-02 20:52:53,29,-29.0
2015-03-02 20:57:53,35,-35.0
2015-03-02 21:02:53,30,-30.0
2015-03-02 21:07:53,20,-20.0
2015-03-02 21:12:53,32,-32.0
2015-03-02 21:17:53,25,-25.0
2015-03-02 21:22:53,52,-52.0
2015-03-02 21:27:53,55,-55.0
2015-03-02 21:32:53,32,-32.0
2015-03-02 21:37:53,17,-17.0
2015-03-02 21:42:53,25,-25.0
2015-03-02 21:47:53,33,-33.0
2015-03-02 21:52:53,22,-22.0
2015-03-02 21:57:53,19,-19.0
2015-03-02 22:02:53,28,-28.0
2015-03-02 22:07:53,30,-30.0
2015-03-02 22:12:53,26,-26.0
2015-03-02 22:17:53,20,-20.0
2015-03-02 22:22:53,21,-21.0
2015-03-02 22:27:53,20,-20.0
2015-03-02 22:32:53,15,-15.0
2015-03-02 22:37:53,26,-26.0
2015-03-02 22:42:53,38,-38.0
2015-03-02 22:47:53,26,-26.0
2015-03-02 22:52:53,22,-22.0
2015-03-02 22:57:53,26,-26.0
2015-03-02 23:02:53,18,-18.0
2015-03-02 23:07:53,16,-16.0
2015-03-02 23:12:53,10,-10.0
2015-03-02 23:17:53,33,-33.0
2015-03-02 23:22:53,21,-21.0
2015-03-02 23:27:53,20,-20.0
2015-03-02 23:32:53,11,-11.0
2015-03-02 23:37:53,15,-15.0
2015-03-02 23:42:53,11,-11.0
2015-03-02 23:47:53,21,-21.0
2015-03-02 23:52:53,22,-22.0
2015-03-02 23:57:53,24,-24.0
2015-03-03 00:02:53,27,-27.0
2015-03-03 00:07:53,18,-18.0
2015-03-03 00:12:53,14,-14.0
2015-03-03 00:17:53,47,-47.0
2015-03-03 00:22:53,21,-21.0
2015-03-03 00:27:53,30,-30.0
2015-03-03 00:32:53,22,-22.0
2015-03-03 00:37:53,17,-17.0
2015-03-03 00:42:53,18,-18.0
2015-03-03 00:47:53,28,-28.0
2015-03-03 00:52:53,26,-26.0
2015-03-03 00:57:53,22,-22.0
2015-03-03 01:02:53,19,-19.0
2015-03-03 01:07:53,47,-47.0
2015-03-03 01:12:53,21,-21.0
2015-03-03 01:17:53,18,-18.0
2015-03-03 01:22:53,18,-18.0
2015-03-03 01:27:53,26,-26.0
2015-03-03 01:32:53,14,-14.0
2015-03-03 01:37:53,12,-12.0
2015-03-03 01:42:53,13,-13.0
2015-03-03 01:47:53,16,-16.0
2015-03-03 01:52:53,33,-33.0
2015-03-03 01:57:53,21,-21.0
2015-03-03 02:02:53,12,-12.0
2015-03-03 02:07:53,15,-15.0
2015-03-03 02:12:53,10,-10.0
2015-03-03 02:17:53,22,-22.0
2015-03-03 02:22:53,10,-10.0
2015-03-03 02:27:53,24,-24.0
2015-03-03 02:32:53,33,-33.0
2015-03-03 02:37:53,25,-25.0
2015-03-03 02:42:53,16,-16.0
2015-03-03 02:47:53,23,-23.0
2015-03-03 02:52:53,22,-22.0
2015-03-03 02:57:53,14,-14.0
2015-03-03 03:02:53,14,-14.0
2015-03-03 03:07:53,15,-15.0
2015-03-03 03:12:53,23,-23.0
2015-03-03 03:17:53,13,-13.0
2015-03-03 03:22:53,14,-14.0
2015-03-03 03:27:53,20,-20.0
2015-03-03 03:32:53,15,-15.0
2015-03-03 03:37:53,20,-20.0
2015-03-03 03:42:53,9,-9.0
2015-03-03 03:47:53,15,-15.0
2015-03-03 03:52:53,16,-16.0
2015-03-03 03:57:53,22,-22.0
2015-03-03 04:02:53,16,-16.0
2015-03-03 04:07:53,21,-21.0
2015-03-03 04:12:53,23,-23.0
2015-03-03 04:17:53,18,-18.0
2015-03-03 04:22:53,14,-14.0
2015-03-03 04:27:53,9,-9.0
2015-03-03 04:32:53,9,-9.0
2015-03-03 04:37:53,8,-8.0
2015-03-03 04:42:53,6,-6.0
2015-03-03 04:47:53,12,-12.0
2015-03-03 04:52:53,16,-16.0
2015-03-03 04:57:53,14,-14.0
2015-03-03 05:02:53,12,-12.0
2015-03-03 05:07:53,8,-8.0
2015-03-03 05:12:53,6,-6.0
2015-03-03 05:17:53,5,-5.0
2015-03-03 05:22:53,8,-8.0
2015-03-03 05:27:53,15,-15.0
2015-03-03 05:32:53,12,-12.0
2015-03-03 05:37:53,15,-15.0
2015-03-03 05:42:53,8,-8.0
2015-03-03 05:47:53,11,-11.0
2015-03-03 05:52:53,8,-8.0
2015-03-03 05:57:53,14,-14.0
2015-03-03 06:02:53,8,-8.0
2015-03-03 06:07:53,13,-13.0
2015-03-03 06:12:53,7,-7.0
2015-03-03 06:17:53,13,-13.0
2015-03-03 06:22:53,16,-16.0
2015-03-03 06:27:53,10,-10.0
2015-03-03 06:32:53,8,-8.0
2015-03-03 06:37:53,6,-6.0
2015-03-03 06:42:53,18,-18.0
2015-03-03 06:47:53,13,-13.0
2015-03-03 06:52:53,9,-9.0
2015-03-03 06:57:53,21,-21.0
2015-03-03 07:02:53,9,-9.0
2015-03-03 07:07:53,5,-5.0
2015-03-03 07:12:53,18,-18.0
2015-03-03 07:17:53,12,-12.0
2015-03-03 07:22:53,5,-5.0
2015-03-03 07:27:53,12,-12.0
2015-03-03 07:32:53,15,-15.0
2015-03-03 07:37:53,6,-6.0
2015-03-03 07:42:53,20,-20.0
2015-03-03 07:47:53,16,-16.0
2015-03-03 07:52:53,14,-14.0
2015-03-03 07:57:53,8,-8.0
2015-03-03 08:02:53,9,-9.0
2015-03-03 08:07:53,13,-13.0
2015-03-03 08:12:53,7,-7.0
2015-03-03 08:17:53,11,-11.0
2015-03-03 08:22:53,7,-7.0
2015-03-03 08:27:53,12,-12.0
2015-03-03 08:32:53,18,-18.0
2015-03-03 08:37:53,15,-15.0
2015-03-03 08:42:53,17,-17.0
2015-03-03 08:47:53,15,-15.0
2015-03-03 08:52:53,15,-15.0
2015-03-03 08:57:53,19,-19.0
2015-03-03 09:02:53,14,-14.0
2015-03-03 09:07:53,13,-13.0
2015-03-03 09:12:53,10,-10.0
2015-03-03 09:17:53,11,-11.0
2015-03-03 09:22:53,12,-12.0
2015-03-03 09:27:53,21,-21.0
2015-03-03 09:32:53,9,-9.0
2015-03-03 09:37:53,8,-8.0
2015-03-03 09:42:53,10,-10.0
2015-03-03 09:47:53,15,-15.0
2015-03-03 09:52:53,14,-14.0
2015-03-03 09:57:53,23,-23.0
2015-03-03 10:02:53,14,-14.0
2015-03-03 10:07:53,7,-7.0
2015-03-03 10:12:53,10,-10.0
2015-03-03 10:17:53,15,-15.0
2015-03-03 10:22:53,9,-9.0
2015-03-03 10:27:53,20,-20.0
2015-03-03 10:32:53,14,-14.0
2015-03-03 10:37:53,14,-14.0
2015-03-03 10:42:53,15,-15.0
2015-03-03 10:47:53,6,-6.0
2015-03-03 10:52:53,7,-7.0
2015-03-03 10:57:53,29,-29.0
2015-03-03 11:02:53,11,-11.0
2015-03-03 11:07:53,19,-19.0
2015-03-03 11:12:53,18,-18.0
2015-03-03 11:17:53,12,-12.0
2015-03-03 11:22:53,11,-11.0
2015-03-03 11:27:53,13,-13.0
2015-03-03 11:32:53,12,-12.0
2015-03-03 11:37:53,13,-13.0
2015-03-03 11:42:53,25,-25.0
2015-03-03 11:47:53,18,-18.0
2015-03-03 11:52:53,22,-22.0
2015-03-03 11:57:53,18,-18.0
2015-03-03 12:02:53,14,-14.0
2015-03-03 12:07:53,19,-19.0
2015-03-03 12:12:53,17,-17.0
2015-03-03 12:17:53,11,-11.0
2015-03-03 12:22:53,24,-24.0
2015-03-03 12:27:53,20,-20.0
2015-03-03 12:32:53,17,-17.0
2015-03-03 12:37:53,18,-18.0
2015-03-03 12:42:53,18,-18.0
2015-03-03 12:47:53,24,-24.0
2015-03-03 12:52:53,22,-22.0
2015-03-03 12:57:53,38,-38.0
2015-03-03 13:02:53,14,-14.0
2015-03-03 13:07:53,20,-20.0
2015-03-03 13:12:53,12,-12.0
2015-03-03 13:17:53,22,-22.0
2015-03-03 13:22:53,26,-26.0
2015-03-03 13:27:53,30,-30.0
2015-03-03 13:32:53,18,-18.0
2015-03-03 13:37:53,30,-30.0
2015-03-03 13:42:53,23,-23.0
2015-03-03 13:47:53,29,-29.0
2015-03-03 13:52:53,20,-20.0
2015-03-03 13:57:53,25,-25.0
2015-03-03 14:02:53,29,-29.0
2015-03-03 14:07:53,42,-42.0
2015-03-03 14:12:53,36,-36.0
2015-03-03 14:17:53,43,-43.0
2015-03-03 14:22:53,28,-28.0
2015-03-03 14:27:53,29,-29.0
2015-03-03 14:32:53,28,-28.0
2015-03-03 14:37:53,38,-38.0
2015-03-03 14:42:53,34,-34.0
2015-03-03 14:47:53,30,-30.0
2015-03-03 14:52:53,29,-29.0
2015-03-03 14:57:53,25,-25.0
2015-03-03 15:02:53,20,-20.0
2015-03-03 15:07:53,30,-30.0
2015-03-03 15:12:53,30,-30.0
2015-03-03 15:17:53,18,-18.0
2015-03-03 15:22:53,20,-20.0
2015-03-03 15:27:53,25,-25.0
2015-03-03 15:32:53,28,-28.0
2015-03-03 15:37:53,19,-19.0
2015-03-03 15:42:53,23,-23.0
2015-03-03 15:47:53,20,-20.0
2015-03-03 15:52:53,11,-11.0
2015-03-03 15:57:53,25,-25.0
2015-03-03 16:02:53,42,-42.0
2015-03-03 16:07:53,28,-28.0
2015-03-03 16:12:53,26,-26.0
2015-03-03 16:17:53,23,-23.0
2015-03-03 16:22:53,23,-23.0
2015-03-03 16:27:53,34,-34.0
2015-03-03 16:32:53,26,-26.0
2015-03-03 16:37:53,25,-25.0
2015-03-03 16:42:53,20,-20.0
2015-03-03 16:47:53,21,-21.0
2015-03-03 16:52:53,34,-34.0
2015-03-03 16:57:53,31,-31.0
2015-03-03 17:02:53,59,-59.0
2015-03-03 17:07:53,35,-35.0
2015-03-03 17:12:53,45,-45.0
2015-03-03 17:17:53,34,-34.0
2015-03-03 17:22:53,28,-28.0
2015-03-03 17:27:53,26,-26.0
2015-03-03 17:32:53,24,-24.0
2015-03-03 17:37:53,21,-21.0
2015-03-03 17:42:53,26,-26.0
2015-03-03 17:47:53,17,-17.0
2015-03-03 17:52:53,19,-19.0
2015-03-03 17:57:53,27,-27.0
2015-03-03 18:02:53,23,-23.0
2015-03-03 18:07:53,23,-23.0
2015-03-03 18:12:53,35,-35.0
2015-03-03 18:17:53,18,-18.0
2015-03-03 18:22:53,33,-33.0
2015-03-03 18:27:53,25,-25.0
2015-03-03 18:32:53,26,-26.0
2015-03-03 18:37:53,32,-32.0
2015-03-03 18:42:53,39,-39.0
2015-03-03 18:47:53,22,-22.0
2015-03-03 18:52:53,28,-28.0
2015-03-03 18:57:53,71,-71.0
2015-03-03 19:02:53,41,-41.0
2015-03-03 19:07:53,37,-37.0
2015-03-03 19:12:53,27,-27.0
2015-03-03 19:17:53,30,-30.0
2015-03-03 19:22:53,21,-21.0
2015-03-03 19:27:53,25,-25.0
2015-03-03 19:32:53,30,-30.0
2015-03-03 19:37:53,32,-32.0
2015-03-03 19:42:53,31,-31.0
2015-03-03 19:47:53,30,-30.0
2015-03-03 19:52:53,26,-26.0
2015-03-03 19:57:53,35,-35.0
2015-03-03 20:02:53,27,-27.0
2015-03-03 20:07:53,21,-21.0
2015-03-03 20:12:53,13,-13.0
2015-03-03 20:17:53,16,-16.0
2015-03-03 20:22:53,23,-23.0
2015-03-03 20:27:53,16,-16.0
2015-03-03 20:32:53,15,-15.0
2015-03-03 20:37:53,24,-24.0
2015-03-03 20:42:53,43,-43.0
2015-03-03 20:47:53,42,-42.0
2015-03-03 20:52:53,38,-38.0
2015-03-03 20:57:53,55,-55.0
2015-03-03 21:02:53,44,-44.0
2015-03-03 21:07:53,21,-21.0
2015-03-03 21:12:53,23,-23.0
2015-03-03 21:17:53,19,-19.0
2015-03-03 21:22:53,41,-41.0
2015-03-03 21:27:53,53,-53.0
2015-03-03 21:32:53,46,-46.0
2015-03-03 21:37:53,31,-31.0
2015-03-03 21:42:53,38,-38.0
2015-03-03 21:47:53,22,-22.0
2015-03-03 21:52:53,22,-22.0
2015-03-03 21:57:53,22,-22.0
2015-03-03 22:02:53,23,-23.0
2015-03-03 22:07:53,26,-26.0
2015-03-03 22:12:53,23,-23.0
2015-03-03 22:17:53,30,-30.0
2015-03-03 22:22:53,22,-22.0
2015-03-03 22:27:53,19,-19.0
2015-03-03 22:32:53,26,-26.0
2015-03-03 22:37:53,17,-17.0
2015-03-03 22:42:53,34,-34.0
2015-03-03 22:47:53,18,-18.0
2015-03-03 22:52:53,27,-27.0
2015-03-03 22:57:53,35,-35.0
2015-03-03 23:02:53,17,-17.0
2015-03-03 23:07:53,13,-13.0
2015-03-03 23:12:53,19,-19.0
2015-03-03 23:17:53,22,-22.0
2015-03-03 23:22:53,24,-24.0
2015-03-03 23:27:53,22,-22.0
2015-03-03 23:32:53,21,-21.0
2015-03-03 23:37:53,31,-31.0
2015-03-03 23:42:53,39,-39.0
2015-03-03 23:47:53,21,-21.0
2015-03-03 23:52:53,17,-17.0
2015-03-03 23:57:53,22,-22.0
2015-03-04 00:02:53,20,-20.0
2015-03-04 00:07:53,21,-21.0
2015-03-04 00:12:53,17,-17.0
2015-03-04 00:17:53,15,-15.0
2015-03-04 00:22:53,13,-13.0
2015-03-04 00:27:53,15,-15.0
2015-03-04 00:32:53,18,-18.0
2015-03-04 00:37:53,14,-14.0
2015-03-04 00:42:53,8,-8.0
2015-03-04 00:47:53,7,-7.0
2015-03-04 00:52:53,14,-14.0
2015-03-04 00:57:53,26,-26.0
2015-03-04 01:02:53,11,-11.0
2015-03-04 01:07:53,15,-15.0
2015-03-04 01:12:53,11,-11.0
2015-03-04 01:17:53,13,-13.0
2015-03-04 01:22:53,20,-20.0
2015-03-04 01:27:53,20,-20.0
2015-03-04 01:32:53,13,-13.0
2015-03-04 01:37:53,15,-15.0
2015-03-04 01:42:53,7,-7.0
2015-03-04 01:47:53,7,-7.0
2015-03-04 01:52:53,16,-16.0
2015-03-04 01:57:53,10,-10.0
2015-03-04 02:02:53,20,-20.0
2015-03-04 02:07:53,13,-13.0
2015-03-04 02:12:53,15,-15.0
2015-03-04 02:17:53,7,-7.0
2015-03-04 02:22:53,12,-12.0
2015-03-04 02:27:53,26,-26.0
2015-03-04 02:32:53,25,-25.0
2015-03-04 02:37:53,20,-20.0
2015-03-04 02:42:53,6,-6.0
2015-03-04 02:47:53,6,-6.0
2015-03-04 02:52:53,7,-7.0
2015-03-04 02:57:53,18,-18.0
2015-03-04 03:02:53,8,-8.0
2015-03-04 03:07:53,25,-25.0
2015-03-04 03:12:53,23,-23.0
2015-03-04 03:17:53,13,-13.0
2015-03-04 03:22:53,10,-10.0
2015-03-04 03:27:53,23,-23.0
2015-03-04 03:32:53,6,-6.0
2015-03-04 03:37:53,11,-11.0
2015-03-04 03:42:53,2,-2.0
2015-03-04 03:47:53,8,-8.0
2015-03-04 03:52:53,8,-8.0
2015-03-04 03:57:53,25,-25.0
2015-03-04 04:02:53,13,-13.0
2015-03-04 04:07:53,15,-15.0
2015-03-04 04:12:53,15,-15.0
2015-03-04 04:17:53,10,-10.0
2015-03-04 04:22:53,10,-10.0
2015-03-04 04:27:53,22,-22.0
2015-03-04 04:32:53,17,-17.0
2015-03-04 04:37:53,11,-11.0
2015-03-04 04:42:53,16,-16.0
2015-03-04 04:47:53,20,-20.0
2015-03-04 04:52:53,23,-23.0
2015-03-04 04:57:53,25,-25.0
2015-03-04 05:02:53,14,-14.0
2015-03-04 05:07:53,6,-6.0
2015-03-04 05:12:53,12,-12.0
2015-03-04 05:17:53,14,-14.0
2015-03-04 05:22:53,8,-8.0
2015-03-04 05:27:53,7,-7.0
2015-03-04 05:32:53,17,-17.0
2015-03-04 05:37:53,12,-12.0
2015-03-04 05:42:53,7,-7.0
2015-03-04 05:47:53,14,-14.0
2015-03-04 05:52:53,16,-16.0
2015-03-04 05:57:53,18,-18.0
2015-03-04 06:02:53,22,-22.0
2015-03-04 06:07:53,6,-6.0
2015-03-04 06:12:53,4,-4.0
2015-03-04 06:17:53,7,-7.0
2015-03-04 06:22:53,9,-9.0
2015-03-04 06:27:53,14,-14.0
2015-03-04 06:32:53,9,-9.0
2015-03-04 06:37:53,10,-10.0
2015-03-04 06:42:53,16,-16.0
2015-03-04 06:47:53,6,-6.0
2015-03-04 06:52:53,7,-7.0
2015-03-04 06:57:53,19,-19.0
2015-03-04 07:02:53,9,-9.0
2015-03-04 07:07:53,10,-10.0
2015-03-04 07:12:53,24,-24.0
2015-03-04 07:17:53,8,-8.0
2015-03-04 07:22:53,12,-12.0
2015-03-04 07:27:53,15,-15.0
2015-03-04 07:32:53,6,-6.0
2015-03-04 07:37:53,16,-16.0
2015-03-04 07:42:53,12,-12.0
2015-03-04 07:47:53,9,-9.0
2015-03-04 07:52:53,11,-11.0
2015-03-04 07:57:53,8,-8.0
2015-03-04 08:02:53,12,-12.0
2015-03-04 08:07:53,4,-4.0
2015-03-04 08:12:53,7,-7.0
2015-03-04 08:17:53,17,-17.0
2015-03-04 08:22:53,10,-10.0
2015-03-04 08:27:53,34,-34.0
2015-03-04 08:32:53,18,-18.0
2015-03-04 08:37:53,12,-12.0
2015-03-04 08:42:53,11,-11.0
2015-03-04 08:47:53,15,-15.0
2015-03-04 08:52:53,31,-31.0
2015-03-04 08:57:53,46,-46.0
2015-03-04 09:02:53,82,-82.0
2015-03-04 09:07:53,45,-45.0
2015-03-04 09:12:53,20,-20.0
2015-03-04 09:17:53,21,-21.0
2015-03-04 09:22:53,15,-15.0
2015-03-04 09:27:53,20,-20.0
2015-03-04 09:32:53,21,-21.0
2015-03-04 09:37:53,24,-24.0
2015-03-04 09:42:53,18,-18.0
2015-03-04 09:47:53,30,-30.0
2015-03-04 09:52:53,20,-20.0
2015-03-04 09:57:53,31,-31.0
2015-03-04 10:02:53,27,-27.0
2015-03-04 10:07:53,25,-25.0
2015-03-04 10:12:53,55,-55.0
2015-03-04 10:17:53,47,-47.0
2015-03-04 10:22:53,29,-29.0
2015-03-04 10:27:53,30,-30.0
2015-03-04 10:32:53,24,-24.0
2015-03-04 10:37:53,30,-30.0
2015-03-04 10:42:53,32,-32.0
2015-03-04 10:47:53,11,-11.0
2015-03-04 10:52:53,30,-30.0
2015-03-04 10:57:53,35,-35.0
2015-03-04 11:02:53,31,-31.0
2015-03-04 11:07:53,17,-17.0
2015-03-04 11:12:53,16,-16.0
2015-03-04 11:17:53,16,-16.0
2015-03-04 11:22:53,19,-19.0
2015-03-04 11:27:53,22,-22.0
2015-03-04 11:32:53,33,-33.0
2015-03-04 11:37:53,23,-23.0
2015-03-04 11:42:53,18,-18.0
2015-03-04 11:47:53,31,-31.0
2015-03-04 11:52:53,22,-22.0
2015-03-04 11:57:53,19,-19.0
2015-03-04 12:02:53,12,-12.0
2015-03-04 12:07:53,14,-14.0
2015-03-04 12:12:53,27,-27.0
2015-03-04 12:17:53,21,-21.0
2015-03-04 12:22:53,22,-22.0
2015-03-04 12:27:53,20,-20.0
2015-03-04 12:32:53,26,-26.0
2015-03-04 12:37:53,14,-14.0
2015-03-04 12:42:53,18,-18.0
2015-03-04 12:47:53,36,-36.0
2015-03-04 12:52:53,15,-15.0
2015-03-04 12:57:53,27,-27.0
2015-03-04 13:02:53,19,-19.0
2015-03-04 13:07:53,16,-16.0
2015-03-04 13:12:53,26,-26.0
2015-03-04 13:17:53,16,-16.0
2015-03-04 13:22:53,20,-20.0
2015-03-04 13:27:53,23,-23.0
2015-03-04 13:32:53,24,-24.0
2015-03-04 13:37:53,27,-27.0
2015-03-04 13:42:53,33,-33.0
2015-03-04 13:47:53,30,-30.0
2015-03-04 13:52:53,11,-11.0
2015-03-04 13:57:53,30,-30.0
2015-03-04 14:02:53,28,-28.0
2015-03-04 14:07:53,19,-19.0
2015-03-04 14:12:53,21,-21.0
2015-03-04 14:17:53,26,-26.0
2015-03-04 14:22:53,184,-184.0
2015-03-04 14:27:53,144,-144.0
2015-03-04 14:32:53,89,-89.0
2015-03-04 14:37:53,59,-59.0
2015-03-04 14:42:53,56,-56.0
2015-03-04 14:47:53,45,-45.0
2015-03-04 14:52:53,56,-56.0
2015-03-04 14:57:53,71,-71.0
2015-03-04 15:02:53,44,-44.0
2015-03-04 15:07:53,67,-67.0
2015-03-04 15:12:53,58,-58.0
2015-03-04 15:17:53,58,-58.0
2015-03-04 15:22:53,49,-49.0
2015-03-04 15:27:53,40,-40.0
2015-03-04 15:32:53,46,-46.0
2015-03-04 15:37:53,46,-46.0
2015-03-04 15:42:53,36,-36.0
2015-03-04 15:47:53,42,-42.0
2015-03-04 15:52:53,39,-39.0
2015-03-04 15:57:53,33,-33.0
2015-03-04 16:02:53,48,-48.0
2015-03-04 16:07:53,70,-70.0
2015-03-04 16:12:53,56,-56.0
2015-03-04 16:17:53,41,-41.0
2015-03-04 16:22:53,38,-38.0
2015-03-04 16:27:53,54,-54.0
2015-03-04 16:32:53,31,-31.0
2015-03-04 16:37:53,32,-32.0
2015-03-04 16:42:53,38,-38.0
2015-03-04 16:47:53,36,-36.0
2015-03-04 16:52:53,37,-37.0
2015-03-04 16:57:53,33,-33.0
2015-03-04 17:02:53,29,-29.0
2015-03-04 17:07:53,42,-42.0
2015-03-04 17:12:53,38,-38.0
2015-03-04 17:17:53,31,-31.0
2015-03-04 17:22:53,20,-20.0
2015-03-04 17:27:53,32,-32.0
2015-03-04 17:32:53,29,-29.0
2015-03-04 17:37:53,35,-35.0
2015-03-04 17:42:53,36,-36.0
2015-03-04 17:47:53,29,-29.0
2015-03-04 17:52:53,31,-31.0
2015-03-04 17:57:53,50,-50.0
2015-03-04 18:02:53,19,-19.0
2015-03-04 18:07:53,36,-36.0
2015-03-04 18:12:53,25,-25.0
2015-03-04 18:17:53,19,-19.0
2015-03-04 18:22:53,21,-21.0
2015-03-04 18:27:53,26,-26.0
2015-03-04 18:32:53,19,-19.0
2015-03-04 18:37:53,28,-28.0
2015-03-04 18:42:53,21,-21.0
2015-03-04 18:47:53,35,-35.0
2015-03-04 18:52:53,33,-33.0
2015-03-04 18:57:53,51,-51.0
2015-03-04 19:02:53,36,-36.0
2015-03-04 19:07:53,21,-21.0
2015-03-04 19:12:53,33,-33.0
2015-03-04 19:17:53,29,-29.0
2015-03-04 19:22:53,29,-29.0
2015-03-04 19:27:53,48,-48.0
2015-03-04 19:32:53,30,-30.0
2015-03-04 19:37:53,42,-42.0
2015-03-04 19:42:53,21,-21.0
2015-03-04 19:47:53,28,-28.0
2015-03-04 19:52:53,37,-37.0
2015-03-04 19:57:53,43,-43.0
2015-03-04 20:02:53,31,-31.0
2015-03-04 20:07:53,24,-24.0
2015-03-04 20:12:53,24,-24.0
2015-03-04 20:17:53,31,-31.0
2015-03-04 20:22:53,19,-19.0
2015-03-04 20:27:53,29,-29.0
2015-03-04 20:32:53,36,-36.0
2015-03-04 20:37:53,29,-29.0
2015-03-04 20:42:53,27,-27.0
2015-03-04 20:47:53,21,-21.0
2015-03-04 20:52:53,22,-22.0
2015-03-04 20:57:53,37,-37.0
2015-03-04 21:02:53,28,-28.0
2015-03-04 21:07:53,16,-16.0
2015-03-04 21:12:53,21,-21.0
2015-03-04 21:17:53,28,-28.0
2015-03-04 21:22:53,25,-25.0
2015-03-04 21:27:53,28,-28.0
2015-03-04 21:32:53,21,-21.0
2015-03-04 21:37:53,8,-8.0
2015-03-04 21:42:53,26,-26.0
2015-03-04 21:47:53,21,-21.0
2015-03-04 21:52:53,26,-26.0
2015-03-04 21:57:53,20,-20.0
2015-03-04 22:02:53,17,-17.0
2015-03-04 22:07:53,19,-19.0
2015-03-04 22:12:53,16,-16.0
2015-03-04 22:17:53,14,-14.0
2015-03-04 22:22:53,16,-16.0
2015-03-04 22:27:53,23,-23.0
2015-03-04 22:32:53,16,-16.0
2015-03-04 22:37:53,12,-12.0
2015-03-04 22:42:53,14,-14.0
2015-03-04 22:47:53,12,-12.0
2015-03-04 22:52:53,17,-17.0
2015-03-04 22:57:53,17,-17.0
2015-03-04 23:02:53,26,-26.0
2015-03-04 23:07:53,19,-19.0
2015-03-04 23:12:53,14,-14.0
2015-03-04 23:17:53,27,-27.0
2015-03-04 23:22:53,16,-16.0
2015-03-04 23:27:53,35,-35.0
2015-03-04 23:32:53,21,-21.0
2015-03-04 23:37:53,24,-24.0
2015-03-04 23:42:53,12,-12.0
2015-03-04 23:47:53,15,-15.0
2015-03-04 23:52:53,12,-12.0
2015-03-04 23:57:53,22,-22.0
2015-03-05 00:02:53,17,-17.0
2015-03-05 00:07:53,17,-17.0
2015-03-05 00:12:53,20,-20.0
2015-03-05 00:17:53,11,-11.0
2015-03-05 00:22:53,9,-9.0
2015-03-05 00:27:53,24,-24.0
2015-03-05 00:32:53,21,-21.0
2015-03-05 00:37:53,18,-18.0
2015-03-05 00:42:53,16,-16.0
2015-03-05 00:47:53,17,-17.0
2015-03-05 00:52:53,22,-22.0
2015-03-05 00:57:53,23,-23.0
2015-03-05 01:02:53,15,-15.0
2015-03-05 01:07:53,19,-19.0
2015-03-05 01:12:53,16,-16.0
2015-03-05 01:17:53,24,-24.0
2015-03-05 01:22:53,19,-19.0
2015-03-05 01:27:53,14,-14.0
2015-03-05 01:32:53,7,-7.0
2015-03-05 01:37:53,12,-12.0
2015-03-05 01:42:53,19,-19.0
2015-03-05 01:47:53,14,-14.0
2015-03-05 01:52:53,22,-22.0
2015-03-05 01:57:53,15,-15.0
2015-03-05 02:02:53,17,-17.0
2015-03-05 02:07:53,19,-19.0
2015-03-05 02:12:53,18,-18.0
2015-03-05 02:17:53,16,-16.0
2015-03-05 02:22:53,14,-14.0
2015-03-05 02:27:53,21,-21.0
2015-03-05 02:32:53,27,-27.0
2015-03-05 02:37:53,20,-20.0
2015-03-05 02:42:53,15,-15.0
2015-03-05 02:47:53,18,-18.0
2015-03-05 02:52:53,17,-17.0
2015-03-05 02:57:53,14,-14.0
2015-03-05 03:02:53,10,-10.0
2015-03-05 03:07:53,19,-19.0
2015-03-05 03:12:53,24,-24.0
2015-03-05 03:17:53,11,-11.0
2015-03-05 03:22:53,9,-9.0
2015-03-05 03:27:53,27,-27.0
2015-03-05 03:32:53,14,-14.0
2015-03-05 03:37:53,6,-6.0
2015-03-05 03:42:53,17,-17.0
2015-03-05 03:47:53,11,-11.0
2015-03-05 03:52:53,10,-10.0
2015-03-05 03:57:53,18,-18.0
2015-03-05 04:02:53,34,-34.0
2015-03-05 04:07:53,18,-18.0
2015-03-05 04:12:53,24,-24.0
2015-03-05 04:17:53,22,-22.0
2015-03-05 04:22:53,18,-18.0
2015-03-05 04:27:53,7,-7.0
2015-03-05 04:32:53,24,-24.0
2015-03-05 04:37:53,17,-17.0
2015-03-05 04:42:53,20,-20.0
2015-03-05 04:47:53,26,-26.0
2015-03-05 04:52:53,21,-21.0
2015-03-05 04:57:53,21,-21.0
2015-03-05 05:02:53,21,-21.0
2015-03-05 05:07:53,22,-22.0
2015-03-05 05:12:53,27,-27.0
2015-03-05 05:17:53,14,-14.0
2015-03-05 05:22:53,15,-15.0
2015-03-05 05:27:53,18,-18.0
2015-03-05 05:32:53,4,-4.0
2015-03-05 05:37:53,25,-25.0
2015-03-05 05:42:53,21,-21.0
2015-03-05 05:47:53,21,-21.0
2015-03-05 05:52:53,17,-17.0
2015-03-05 05:57:53,12,-12.0
2015-03-05 06:02:53,15,-15.0
2015-03-05 06:07:53,9,-9.0
2015-03-05 06:12:53,10,-10.0
2015-03-05 06:17:53,9,-9.0
2015-03-05 06:22:53,17,-17.0
2015-03-05 06:27:53,9,-9.0
2015-03-05 06:32:53,15,-15.0
2015-03-05 06:37:53,13,-13.0
2015-03-05 06:42:53,14,-14.0
2015-03-05 06:47:53,10,-10.0
2015-03-05 06:52:53,19,-19.0
2015-03-05 06:57:53,8,-8.0
2015-03-05 07:02:53,15,-15.0
2015-03-05 07:07:53,15,-15.0
2015-03-05 07:12:53,14,-14.0
2015-03-05 07:17:53,20,-20.0
2015-03-05 07:22:53,25,-25.0
2015-03-05 07:27:53,23,-23.0
2015-03-05 07:32:53,19,-19.0
2015-03-05 07:37:53,13,-13.0
2015-03-05 07:42:53,16,-16.0
2015-03-05 07:47:53,12,-12.0
2015-03-05 07:52:53,12,-12.0
2015-03-05 07:57:53,23,-23.0
2015-03-05 08:02:53,15,-15.0
2015-03-05 08:07:53,22,-22.0
2015-03-05 08:12:53,18,-18.0
2015-03-05 08:17:53,21,-21.0
2015-03-05 08:22:53,16,-16.0
2015-03-05 08:27:53,13,-13.0
2015-03-05 08:32:53,19,-19.0
2015-03-05 08:37:53,22,-22.0
2015-03-05 08:42:53,18,-18.0
2015-03-05 08:47:53,11,-11.0
2015-03-05 08:52:53,7,-7.0
2015-03-05 08:57:53,27,-27.0
2015-03-05 09:02:53,12,-12.0
2015-03-05 09:07:53,11,-11.0
2015-03-05 09:12:53,16,-16.0
2015-03-05 09:17:53,22,-22.0
2015-03-05 09:22:53,16,-16.0
2015-03-05 09:27:53,35,-35.0
2015-03-05 09:32:53,26,-26.0
2015-03-05 09:37:53,10,-10.0
2015-03-05 09:42:53,25,-25.0
2015-03-05 09:47:53,20,-20.0
2015-03-05 09:52:53,24,-24.0
2015-03-05 09:57:53,26,-26.0
2015-03-05 10:02:53,16,-16.0
2015-03-05 10:07:53,22,-22.0
2015-03-05 10:12:53,15,-15.0
2015-03-05 10:17:53,15,-15.0
2015-03-05 10:22:53,15,-15.0
2015-03-05 10:27:53,14,-14.0
2015-03-05 10:32:53,14,-14.0
2015-03-05 10:37:53,16,-16.0
2015-03-05 10:42:53,14,-14.0
2015-03-05 10:47:53,14,-14.0
2015-03-05 10:52:53,5,-5.0
2015-03-05 10:57:53,27,-27.0
2015-03-05 11:02:53,19,-19.0
2015-03-05 11:07:53,19,-19.0
2015-03-05 11:12:53,17,-17.0
2015-03-05 11:17:53,33,-33.0
2015-03-05 11:22:53,30,-30.0
2015-03-05 11:27:53,16,-16.0
2015-03-05 11:32:53,21,-21.0
2015-03-05 11:37:53,13,-13.0
2015-03-05 11:42:53,15,-15.0
2015-03-05 11:47:53,18,-18.0
2015-03-05 11:52:53,13,-13.0
2015-03-05 11:57:53,13,-13.0
2015-03-05 12:02:53,16,-16.0
2015-03-05 12:07:53,12,-12.0
2015-03-05 12:12:53,12,-12.0
2015-03-05 12:17:53,23,-23.0
2015-03-05 12:22:53,34,-34.0
2015-03-05 12:27:53,14,-14.0
2015-03-05 12:32:53,25,-25.0
2015-03-05 12:37:53,20,-20.0
2015-03-05 12:42:53,15,-15.0
2015-03-05 12:47:53,24,-24.0
2015-03-05 12:52:53,52,-52.0
2015-03-05 12:57:53,82,-82.0
2015-03-05 13:02:53,92,-92.0
2015-03-05 13:07:53,106,-106.0
2015-03-05 13:12:53,103,-103.0
2015-03-05 13:17:53,86,-86.0
2015-03-05 13:22:53,88,-88.0
2015-03-05 13:27:53,75,-75.0
2015-03-05 13:32:53,41,-41.0
2015-03-05 13:37:53,20,-20.0
2015-03-05 13:42:53,67,-67.0
2015-03-05 13:47:53,26,-26.0
2015-03-05 13:52:53,30,-30.0
2015-03-05 13:57:53,33,-33.0
2015-03-05 14:02:53,16,-16.0
2015-03-05 14:07:53,16,-16.0
2015-03-05 14:12:53,21,-21.0
2015-03-05 14:17:53,18,-18.0
2015-03-05 14:22:53,21,-21.0
2015-03-05 14:27:53,18,-18.0
2015-03-05 14:32:53,16,-16.0
2015-03-05 14:37:53,20,-20.0
2015-03-05 14:42:53,28,-28.0
2015-03-05 14:47:53,24,-24.0
2015-03-05 14:52:53,24,-24.0
2015-03-05 14:57:53,76,-76.0
2015-03-05 15:02:53,52,-52.0
2015-03-05 15:07:53,54,-54.0
2015-03-05 15:12:53,56,-56.0
2015-03-05 15:17:53,41,-41.0
2015-03-05 15:22:53,43,-43.0
2015-03-05 15:27:53,38,-38.0
2015-03-05 15:32:53,42,-42.0
2015-03-05 15:37:53,33,-33.0
2015-03-05 15:42:53,27,-27.0
2015-03-05 15:47:53,31,-31.0
2015-03-05 15:52:53,32,-32.0
2015-03-05 15:57:53,46,-46.0
2015-03-05 16:02:53,36,-36.0
2015-03-05 16:07:53,26,-26.0
2015-03-05 16:12:53,36,-36.0
2015-03-05 16:17:53,40,-40.0
2015-03-05 16:22:53,39,-39.0
2015-03-05 16:27:53,50,-50.0
2015-03-05 16:32:53,51,-51.0
2015-03-05 16:37:53,35,-35.0
2015-03-05 16:42:53,29,-29.0
2015-03-05 16:47:53,35,-35.0
2015-03-05 16:52:53,28,-28.0
2015-03-05 16:57:53,23,-23.0
2015-03-05 17:02:53,31,-31.0
2015-03-05 17:07:53,33,-33.0
2015-03-05 17:12:53,32,-32.0
2015-03-05 17:17:53,39,-39.0
2015-03-05 17:22:53,24,-24.0
2015-03-05 17:27:53,27,-27.0
2015-03-05 17:32:53,40,-40.0
2015-03-05 17:37:53,24,-24.0
2015-03-05 17:42:53,27,-27.0
2015-03-05 17:47:53,44,-44.0
2015-03-05 17:52:53,40,-40.0
2015-03-05 17:57:53,29,-29.0
2015-03-05 18:02:53,26,-26.0
2015-03-05 18:07:53,25,-25.0
2015-03-05 18:12:53,24,-24.0
2015-03-05 18:17:53,12,-12.0
2015-03-05 18:22:53,21,-21.0
2015-03-05 18:27:53,27,-27.0
2015-03-05 18:32:53,31,-31.0
2015-03-05 18:37:53,22,-22.0
2015-03-05 18:42:53,24,-24.0
2015-03-05 18:47:53,28,-28.0
2015-03-05 18:52:53,20,-20.0
2015-03-05 18:57:53,29,-29.0
2015-03-05 19:02:53,25,-25.0
2015-03-05 19:07:53,15,-15.0
2015-03-05 19:12:53,28,-28.0
2015-03-05 19:17:53,29,-29.0
2015-03-05 19:22:53,28,-28.0
2015-03-05 19:27:53,30,-30.0
2015-03-05 19:32:53,21,-21.0
2015-03-05 19:37:53,16,-16.0
2015-03-05 19:42:53,26,-26.0
2015-03-05 19:47:53,37,-37.0
2015-03-05 19:52:53,39,-39.0
2015-03-05 19:57:53,24,-24.0
2015-03-05 20:02:53,28,-28.0
2015-03-05 20:07:53,23,-23.0
2015-03-05 20:12:53,43,-43.0
2015-03-05 20:17:53,52,-52.0
2015-03-05 20:22:53,90,-90.0
2015-03-05 20:27:53,49,-49.0
2015-03-05 20:32:53,45,-45.0
2015-03-05 20:37:53,78,-78.0
2015-03-05 20:42:53,53,-53.0
2015-03-05 20:47:53,49,-49.0
2015-03-05 20:52:53,35,-35.0
2015-03-05 20:57:53,51,-51.0
2015-03-05 21:02:53,34,-34.0
2015-03-05 21:07:53,33,-33.0
2015-03-05 21:12:53,29,-29.0
2015-03-05 21:17:53,32,-32.0
2015-03-05 21:22:53,40,-40.0
2015-03-05 21:27:53,40,-40.0
2015-03-05 21:32:53,27,-27.0
2015-03-05 21:37:53,20,-20.0
2015-03-05 21:42:53,32,-32.0
2015-03-05 21:47:53,40,-40.0
2015-03-05 21:52:53,35,-35.0
2015-03-05 21:57:53,75,-75.0
2015-03-05 22:02:53,31,-31.0
2015-03-05 22:07:53,24,-24.0
2015-03-05 22:12:53,21,-21.0
2015-03-05 22:17:53,24,-24.0
2015-03-05 22:22:53,26,-26.0
2015-03-05 22:27:53,19,-19.0
2015-03-05 22:32:53,15,-15.0
2015-03-05 22:37:53,23,-23.0
2015-03-05 22:42:53,29,-29.0
2015-03-05 22:47:53,20,-20.0
2015-03-05 22:52:53,34,-34.0
2015-03-05 22:57:53,26,-26.0
2015-03-05 23:02:53,17,-17.0
2015-03-05 23:07:53,14,-14.0
2015-03-05 23:12:53,27,-27.0
2015-03-05 23:17:53,21,-21.0
2015-03-05 23:22:53,32,-32.0
2015-03-05 23:27:53,40,-40.0
2015-03-05 23:32:53,53,-53.0
2015-03-05 23:37:53,28,-28.0
2015-03-05 23:42:53,23,-23.0
2015-03-05 23:47:53,23,-23.0
2015-03-05 23:52:53,29,-29.0
2015-03-05 23:57:53,30,-30.0
2015-03-06 00:02:53,38,-38.0
2015-03-06 00:07:53,34,-34.0
2015-03-06 00:12:53,28,-28.0
2015-03-06 00:17:53,21,-21.0
2015-03-06 00:22:53,19,-19.0
2015-03-06 00:27:53,18,-18.0
2015-03-06 00:32:53,25,-25.0
2015-03-06 00:37:53,20,-20.0
2015-03-06 00:42:53,28,-28.0
2015-03-06 00:47:53,20,-20.0
2015-03-06 00:52:53,30,-30.0
2015-03-06 00:57:53,33,-33.0
2015-03-06 01:02:53,17,-17.0
2015-03-06 01:07:53,9,-9.0
2015-03-06 01:12:53,28,-28.0
2015-03-06 01:17:53,8,-8.0
2015-03-06 01:22:53,21,-21.0
2015-03-06 01:27:53,18,-18.0
2015-03-06 01:32:53,25,-25.0
2015-03-06 01:37:53,22,-22.0
2015-03-06 01:42:53,17,-17.0
2015-03-06 01:47:53,60,-60.0
2015-03-06 01:52:53,40,-40.0
2015-03-06 01:57:53,36,-36.0
2015-03-06 02:02:53,13,-13.0
2015-03-06 02:07:53,19,-19.0
2015-03-06 02:12:53,20,-20.0
2015-03-06 02:17:53,21,-21.0
2015-03-06 02:22:53,30,-30.0
2015-03-06 02:27:53,30,-30.0
2015-03-06 02:32:53,29,-29.0
2015-03-06 02:37:53,17,-17.0
2015-03-06 02:42:53,24,-24.0
2015-03-06 02:47:53,14,-14.0
2015-03-06 02:52:53,21,-21.0
2015-03-06 02:57:53,18,-18.0
2015-03-06 03:02:53,21,-21.0
2015-03-06 03:07:53,15,-15.0
2015-03-06 03:12:53,31,-31.0
2015-03-06 03:17:53,22,-22.0
2015-03-06 03:22:53,13,-13.0
2015-03-06 03:27:53,21,-21.0
2015-03-06 03:32:53,19,-19.0
2015-03-06 03:37:53,9,-9.0
2015-03-06 03:42:53,25,-25.0
2015-03-06 03:47:53,19,-19.0
2015-03-06 03:52:53,13,-13.0
2015-03-06 03:57:53,51,-51.0
2015-03-06 04:02:53,13,-13.0
2015-03-06 04:07:53,16,-16.0
2015-03-06 04:12:53,31,-31.0
2015-03-06 04:17:53,7,-7.0
2015-03-06 04:22:53,15,-15.0
2015-03-06 04:27:53,15,-15.0
2015-03-06 04:32:53,15,-15.0
2015-03-06 04:37:53,16,-16.0
2015-03-06 04:42:53,11,-11.0
2015-03-06 04:47:53,8,-8.0
2015-03-06 04:52:53,15,-15.0
2015-03-06 04:57:53,31,-31.0
2015-03-06 05:02:53,9,-9.0
2015-03-06 05:07:53,8,-8.0
2015-03-06 05:12:53,12,-12.0
2015-03-06 05:17:53,9,-9.0
2015-03-06 05:22:53,18,-18.0
2015-03-06 05:27:53,14,-14.0
2015-03-06 05:32:53,12,-12.0
2015-03-06 05:37:53,12,-12.0
2015-03-06 05:42:53,13,-13.0
2015-03-06 05:47:53,6,-6.0
2015-03-06 05:52:53,9,-9.0
2015-03-06 05:57:53,20,-20.0
2015-03-06 06:02:53,13,-13.0
2015-03-06 06:07:53,10,-10.0
2015-03-06 06:12:53,12,-12.0
2015-03-06 06:17:53,14,-14.0
2015-03-06 06:22:53,12,-12.0
2015-03-06 06:27:53,13,-13.0
2015-03-06 06:32:53,15,-15.0
2015-03-06 06:37:53,10,-10.0
2015-03-06 06:42:53,20,-20.0
2015-03-06 06:47:53,8,-8.0
2015-03-06 06:52:53,15,-15.0
2015-03-06 06:57:53,23,-23.0
2015-03-06 07:02:53,12,-12.0
2015-03-06 07:07:53,10,-10.0
2015-03-06 07:12:53,26,-26.0
2015-03-06 07:17:53,7,-7.0
2015-03-06 07:22:53,5,-5.0
2015-03-06 07:27:53,18,-18.0
2015-03-06 07:32:53,3,-3.0
2015-03-06 07:37:53,12,-12.0
2015-03-06 07:42:53,9,-9.0
2015-03-06 07:47:53,7,-7.0
2015-03-06 07:52:53,9,-9.0
2015-03-06 07:57:53,21,-21.0
2015-03-06 08:02:53,11,-11.0
2015-03-06 08:07:53,35,-35.0
2015-03-06 08:12:53,15,-15.0
2015-03-06 08:17:53,11,-11.0
2015-03-06 08:22:53,11,-11.0
2015-03-06 08:27:53,17,-17.0
2015-03-06 08:32:53,8,-8.0
2015-03-06 08:37:53,10,-10.0
2015-03-06 08:42:53,7,-7.0
2015-03-06 08:47:53,12,-12.0
2015-03-06 08:52:53,15,-15.0
2015-03-06 08:57:53,22,-22.0
2015-03-06 09:02:53,12,-12.0
2015-03-06 09:07:53,17,-17.0
2015-03-06 09:12:53,11,-11.0
2015-03-06 09:17:53,17,-17.0
2015-03-06 09:22:53,13,-13.0
2015-03-06 09:27:53,15,-15.0
2015-03-06 09:32:53,10,-10.0
2015-03-06 09:37:53,9,-9.0
2015-03-06 09:42:53,13,-13.0
2015-03-06 09:47:53,5,-5.0
2015-03-06 09:52:53,12,-12.0
2015-03-06 09:57:53,13,-13.0
2015-03-06 10:02:53,10,-10.0
2015-03-06 10:07:53,15,-15.0
2015-03-06 10:12:53,11,-11.0
2015-03-06 10:17:53,12,-12.0
2015-03-06 10:22:53,15,-15.0
2015-03-06 10:27:53,9,-9.0
2015-03-06 10:32:53,16,-16.0
2015-03-06 10:37:53,9,-9.0
2015-03-06 10:42:53,15,-15.0
2015-03-06 10:47:53,13,-13.0
2015-03-06 10:52:53,22,-22.0
2015-03-06 10:57:53,17,-17.0
2015-03-06 11:02:53,20,-20.0
2015-03-06 11:07:53,13,-13.0
2015-03-06 11:12:53,12,-12.0
2015-03-06 11:17:53,17,-17.0
2015-03-06 11:22:53,17,-17.0
2015-03-06 11:27:53,18,-18.0
2015-03-06 11:32:53,5,-5.0
2015-03-06 11:37:53,5,-5.0
2015-03-06 11:42:53,13,-13.0
2015-03-06 11:47:53,18,-18.0
2015-03-06 11:52:53,22,-22.0
2015-03-06 11:57:53,19,-19.0
2015-03-06 12:02:53,8,-8.0
2015-03-06 12:07:53,16,-16.0
2015-03-06 12:12:53,28,-28.0
2015-03-06 12:17:53,13,-13.0
2015-03-06 12:22:53,29,-29.0
2015-03-06 12:27:53,22,-22.0
2015-03-06 12:32:53,13,-13.0
2015-03-06 12:37:53,22,-22.0
2015-03-06 12:42:53,24,-24.0
2015-03-06 12:47:53,19,-19.0
2015-03-06 12:52:53,17,-17.0
2015-03-06 12:57:53,26,-26.0
2015-03-06 13:02:53,22,-22.0
2015-03-06 13:07:53,25,-25.0
2015-03-06 13:12:53,14,-14.0
2015-03-06 13:17:53,18,-18.0
2015-03-06 13:22:53,13,-13.0
2015-03-06 13:27:53,29,-29.0
2015-03-06 13:32:53,16,-16.0
2015-03-06 13:37:53,36,-36.0
2015-03-06 13:42:53,49,-49.0
2015-03-06 13:47:53,27,-27.0
2015-03-06 13:52:53,36,-36.0
2015-03-06 13:57:53,34,-34.0
2015-03-06 14:02:53,25,-25.0
2015-03-06 14:07:53,29,-29.0
2015-03-06 14:12:53,31,-31.0
2015-03-06 14:17:53,21,-21.0
2015-03-06 14:22:53,38,-38.0
2015-03-06 14:27:53,18,-18.0
2015-03-06 14:32:53,23,-23.0
2015-03-06 14:37:53,27,-27.0
2015-03-06 14:42:53,15,-15.0
2015-03-06 14:47:53,14,-14.0
2015-03-06 14:52:53,17,-17.0
2015-03-06 14:57:53,20,-20.0
2015-03-06 15:02:53,18,-18.0
2015-03-06 15:07:53,35,-35.0
2015-03-06 15:12:53,27,-27.0
2015-03-06 15:17:53,31,-31.0
2015-03-06 15:22:53,25,-25.0
2015-03-06 15:27:53,37,-37.0
2015-03-06 15:32:53,21,-21.0
2015-03-06 15:37:53,18,-18.0
2015-03-06 15:42:53,24,-24.0
2015-03-06 15:47:53,28,-28.0
2015-03-06 15:52:53,21,-21.0
2015-03-06 15:57:53,27,-27.0
2015-03-06 16:02:53,23,-23.0
2015-03-06 16:07:53,17,-17.0
2015-03-06 16:12:53,17,-17.0
2015-03-06 16:17:53,24,-24.0
2015-03-06 16:22:53,20,-20.0
2015-03-06 16:27:53,46,-46.0
2015-03-06 16:32:53,25,-25.0
2015-03-06 16:37:53,44,-44.0
2015-03-06 16:42:53,22,-22.0
2015-03-06 16:47:53,17,-17.0
2015-03-06 16:52:53,23,-23.0
2015-03-06 16:57:53,28,-28.0
2015-03-06 17:02:53,20,-20.0
2015-03-06 17:07:53,25,-25.0
2015-03-06 17:12:53,21,-21.0
2015-03-06 17:17:53,19,-19.0
2015-03-06 17:22:53,24,-24.0
2015-03-06 17:27:53,32,-32.0
2015-03-06 17:32:53,20,-20.0
2015-03-06 17:37:53,15,-15.0
2015-03-06 17:42:53,22,-22.0
2015-03-06 17:47:53,34,-34.0
2015-03-06 17:52:53,16,-16.0
2015-03-06 17:57:53,18,-18.0
2015-03-06 18:02:53,24,-24.0
2015-03-06 18:07:53,16,-16.0
2015-03-06 18:12:53,9,-9.0
2015-03-06 18:17:53,16,-16.0
2015-03-06 18:22:53,23,-23.0
2015-03-06 18:27:53,27,-27.0
2015-03-06 18:32:53,29,-29.0
2015-03-06 18:37:53,16,-16.0
2015-03-06 18:42:53,19,-19.0
2015-03-06 18:47:53,20,-20.0
2015-03-06 18:52:53,57,-57.0
2015-03-06 18:57:53,63,-63.0
2015-03-06 19:02:53,41,-41.0
2015-03-06 19:07:53,37,-37.0
2015-03-06 19:12:53,16,-16.0
2015-03-06 19:17:53,15,-15.0
2015-03-06 19:22:53,13,-13.0
2015-03-06 19:27:53,19,-19.0
2015-03-06 19:32:53,18,-18.0
2015-03-06 19:37:53,31,-31.0
2015-03-06 19:42:53,24,-24.0
2015-03-06 19:47:53,20,-20.0
2015-03-06 19:52:53,20,-20.0
2015-03-06 19:57:53,30,-30.0
2015-03-06 20:02:53,23,-23.0
2015-03-06 20:07:53,12,-12.0
2015-03-06 20:12:53,22,-22.0
2015-03-06 20:17:53,14,-14.0
2015-03-06 20:22:53,23,-23.0
2015-03-06 20:27:53,20,-20.0
2015-03-06 20:32:53,56,-56.0
2015-03-06 20:37:53,112,-112.0
2015-03-06 20:42:53,69,-69.0
2015-03-06 20:47:53,51,-51.0
2015-03-06 20:52:53,61,-61.0
2015-03-06 20:57:53,65,-65.0
2015-03-06 21:02:53,29,-29.0
2015-03-06 21:07:53,36,-36.0
2015-03-06 21:12:53,29,-29.0
2015-03-06 21:17:53,49,-49.0
2015-03-06 21:22:53,47,-47.0
2015-03-06 21:27:53,42,-42.0
2015-03-06 21:32:53,41,-41.0
2015-03-06 21:37:53,27,-27.0
2015-03-06 21:42:53,28,-28.0
2015-03-06 21:47:53,21,-21.0
2015-03-06 21:52:53,30,-30.0
2015-03-06 21:57:53,27,-27.0
2015-03-06 22:02:53,18,-18.0
2015-03-06 22:07:53,22,-22.0
2015-03-06 22:12:53,18,-18.0
2015-03-06 22:17:53,34,-34.0
2015-03-06 22:22:53,28,-28.0
2015-03-06 22:27:53,37,-37.0
2015-03-06 22:32:53,20,-20.0
2015-03-06 22:37:53,26,-26.0
2015-03-06 22:42:53,26,-26.0
2015-03-06 22:47:53,60,-60.0
2015-03-06 22:52:53,37,-37.0
2015-03-06 22:57:53,34,-34.0
2015-03-06 23:02:53,25,-25.0
2015-03-06 23:07:53,22,-22.0
2015-03-06 23:12:53,21,-21.0
2015-03-06 23:17:53,25,-25.0
2015-03-06 23:22:53,14,-14.0
2015-03-06 23:27:53,17,-17.0
2015-03-06 23:32:53,24,-24.0
2015-03-06 23:37:53,38,-38.0
2015-03-06 23:42:53,25,-25.0
2015-03-06 23:47:53,29,-29.0
2015-03-06 23:52:53,32,-32.0
2015-03-06 23:57:53,36,-36.0
2015-03-07 00:02:53,18,-18.0
2015-03-07 00:07:53,17,-17.0
2015-03-07 00:12:53,20,-20.0
2015-03-07 00:17:53,18,-18.0
2015-03-07 00:22:53,14,-14.0
2015-03-07 00:27:53,34,-34.0
2015-03-07 00:32:53,25,-25.0
2015-03-07 00:37:53,9,-9.0
2015-03-07 00:42:53,15,-15.0
2015-03-07 00:47:53,9,-9.0
2015-03-07 00:52:53,6,-6.0
2015-03-07 00:57:53,9,-9.0
2015-03-07 01:02:53,24,-24.0
2015-03-07 01:07:53,9,-9.0
2015-03-07 01:12:53,13,-13.0
2015-03-07 01:17:53,10,-10.0
2015-03-07 01:22:53,22,-22.0
2015-03-07 01:27:53,9,-9.0
2015-03-07 01:32:53,9,-9.0
2015-03-07 01:37:53,20,-20.0
2015-03-07 01:42:53,20,-20.0
2015-03-07 01:47:53,13,-13.0
2015-03-07 01:52:53,13,-13.0
2015-03-07 01:57:53,22,-22.0
2015-03-07 02:02:53,15,-15.0
2015-03-07 02:07:53,8,-8.0
2015-03-07 02:12:53,11,-11.0
2015-03-07 02:17:53,21,-21.0
2015-03-07 02:22:53,11,-11.0
2015-03-07 02:27:53,16,-16.0
2015-03-07 02:32:53,17,-17.0
2015-03-07 02:37:53,21,-21.0
2015-03-07 02:42:53,22,-22.0
2015-03-07 02:47:53,11,-11.0
2015-03-07 02:52:53,14,-14.0
2015-03-07 02:57:53,12,-12.0
2015-03-07 03:02:53,11,-11.0
2015-03-07 03:07:53,7,-7.0
2015-03-07 03:12:53,15,-15.0
2015-03-07 03:17:53,12,-12.0
2015-03-07 03:22:53,10,-10.0
2015-03-07 03:27:53,9,-9.0
2015-03-07 03:32:53,5,-5.0
2015-03-07 03:37:53,4,-4.0
2015-03-07 03:42:53,9,-9.0
2015-03-07 03:47:53,12,-12.0
2015-03-07 03:52:53,13,-13.0
2015-03-07 03:57:53,13,-13.0
2015-03-07 04:02:53,6,-6.0
2015-03-07 04:07:53,25,-25.0
2015-03-07 04:12:53,3,-3.0
2015-03-07 04:17:53,13,-13.0
2015-03-07 04:22:53,7,-7.0
2015-03-07 04:27:53,8,-8.0
2015-03-07 04:32:53,7,-7.0
2015-03-07 04:37:53,12,-12.0
2015-03-07 04:42:53,6,-6.0
2015-03-07 04:47:53,5,-5.0
2015-03-07 04:52:53,6,-6.0
2015-03-07 04:57:53,15,-15.0
2015-03-07 05:02:53,22,-22.0
2015-03-07 05:07:53,16,-16.0
2015-03-07 05:12:53,12,-12.0
2015-03-07 05:17:53,6,-6.0
2015-03-07 05:22:53,14,-14.0
2015-03-07 05:27:53,7,-7.0
2015-03-07 05:32:53,13,-13.0
2015-03-07 05:37:53,17,-17.0
2015-03-07 05:42:53,5,-5.0
2015-03-07 05:47:53,13,-13.0
2015-03-07 05:52:53,15,-15.0
2015-03-07 05:57:53,12,-12.0
2015-03-07 06:02:53,16,-16.0
2015-03-07 06:07:53,7,-7.0
2015-03-07 06:12:53,11,-11.0
2015-03-07 06:17:53,8,-8.0
2015-03-07 06:22:53,15,-15.0
2015-03-07 06:27:53,11,-11.0
2015-03-07 06:32:53,10,-10.0
2015-03-07 06:37:53,10,-10.0
2015-03-07 06:42:53,6,-6.0
2015-03-07 06:47:53,8,-8.0
2015-03-07 06:52:53,11,-11.0
2015-03-07 06:57:53,13,-13.0
2015-03-07 07:02:53,15,-15.0
2015-03-07 07:07:53,11,-11.0
2015-03-07 07:12:53,9,-9.0
2015-03-07 07:17:53,10,-10.0
2015-03-07 07:22:53,10,-10.0
2015-03-07 07:27:53,11,-11.0
2015-03-07 07:32:53,15,-15.0
2015-03-07 07:37:53,13,-13.0
2015-03-07 07:42:53,16,-16.0
2015-03-07 07:47:53,9,-9.0
2015-03-07 07:52:53,8,-8.0
2015-03-07 07:57:53,11,-11.0
2015-03-07 08:02:53,4,-4.0
2015-03-07 08:07:53,18,-18.0
2015-03-07 08:12:53,2,-2.0
2015-03-07 08:17:53,9,-9.0
2015-03-07 08:22:53,11,-11.0
2015-03-07 08:27:53,9,-9.0
2015-03-07 08:32:53,12,-12.0
2015-03-07 08:37:53,12,-12.0
2015-03-07 08:42:53,16,-16.0
2015-03-07 08:47:53,14,-14.0
2015-03-07 08:52:53,5,-5.0
2015-03-07 08:57:53,21,-21.0
2015-03-07 09:02:53,11,-11.0
2015-03-07 09:07:53,12,-12.0
2015-03-07 09:12:53,9,-9.0
2015-03-07 09:17:53,9,-9.0
2015-03-07 09:22:53,6,-6.0
2015-03-07 09:27:53,4,-4.0
2015-03-07 09:32:53,8,-8.0
2015-03-07 09:37:53,11,-11.0
2015-03-07 09:42:53,9,-9.0
2015-03-07 09:47:53,16,-16.0
2015-03-07 09:52:53,11,-11.0
2015-03-07 09:57:53,10,-10.0
2015-03-07 10:02:53,14,-14.0
2015-03-07 10:07:53,10,-10.0
2015-03-07 10:12:53,9,-9.0
2015-03-07 10:17:53,6,-6.0
2015-03-07 10:22:53,6,-6.0
2015-03-07 10:27:53,6,-6.0
2015-03-07 10:32:53,5,-5.0
2015-03-07 10:37:53,10,-10.0
2015-03-07 10:42:53,4,-4.0
2015-03-07 10:47:53,11,-11.0
2015-03-07 10:52:53,3,-3.0
2015-03-07 10:57:53,8,-8.0
2015-03-07 11:02:53,8,-8.0
2015-03-07 11:07:53,8,-8.0
2015-03-07 11:12:53,4,-4.0
2015-03-07 11:17:53,9,-9.0
2015-03-07 11:22:53,15,-15.0
2015-03-07 11:27:53,9,-9.0
2015-03-07 11:32:53,17,-17.0
2015-03-07 11:37:53,34,-34.0
2015-03-07 11:42:53,13,-13.0
2015-03-07 11:47:53,8,-8.0
2015-03-07 11:52:53,5,-5.0
2015-03-07 11:57:53,12,-12.0
2015-03-07 12:02:53,14,-14.0
2015-03-07 12:07:53,8,-8.0
2015-03-07 12:12:53,13,-13.0
2015-03-07 12:17:53,13,-13.0
2015-03-07 12:22:53,7,-7.0
2015-03-07 12:27:53,7,-7.0
2015-03-07 12:32:53,13,-13.0
2015-03-07 12:37:53,19,-19.0
2015-03-07 12:42:53,29,-29.0
2015-03-07 12:47:53,9,-9.0
2015-03-07 12:52:53,13,-13.0
2015-03-07 12:57:53,11,-11.0
2015-03-07 13:02:53,9,-9.0
2015-03-07 13:07:53,13,-13.0
2015-03-07 13:12:53,9,-9.0
2015-03-07 13:17:53,8,-8.0
2015-03-07 13:22:53,15,-15.0
2015-03-07 13:27:53,12,-12.0
2015-03-07 13:32:53,12,-12.0
2015-03-07 13:37:53,7,-7.0
2015-03-07 13:42:53,9,-9.0
2015-03-07 13:47:53,12,-12.0
2015-03-07 13:52:53,14,-14.0
2015-03-07 13:57:53,17,-17.0
2015-03-07 14:02:53,6,-6.0
2015-03-07 14:07:53,13,-13.0
2015-03-07 14:12:53,15,-15.0
2015-03-07 14:17:53,1,-1.0
2015-03-07 14:22:53,9,-9.0
2015-03-07 14:27:53,26,-26.0
2015-03-07 14:32:53,8,-8.0
2015-03-07 14:37:53,13,-13.0
2015-03-07 14:42:53,12,-12.0
2015-03-07 14:47:53,18,-18.0
2015-03-07 14:52:53,6,-6.0
2015-03-07 14:57:53,11,-11.0
2015-03-07 15:02:53,7,-7.0
2015-03-07 15:07:53,9,-9.0
2015-03-07 15:12:53,5,-5.0
2015-03-07 15:17:53,11,-11.0
2015-03-07 15:22:53,11,-11.0
2015-03-07 15:27:53,16,-16.0
2015-03-07 15:32:53,7,-7.0
2015-03-07 15:37:53,12,-12.0
2015-03-07 15:42:53,13,-13.0
2015-03-07 15:47:53,15,-15.0
2015-03-07 15:52:53,26,-26.0
2015-03-07 15:57:53,22,-22.0
2015-03-07 16:02:53,14,-14.0
2015-03-07 16:07:53,11,-11.0
2015-03-07 16:12:53,12,-12.0
2015-03-07 16:17:53,16,-16.0
2015-03-07 16:22:53,18,-18.0
2015-03-07 16:27:53,10,-10.0
2015-03-07 16:32:53,12,-12.0
2015-03-07 16:37:53,13,-13.0
2015-03-07 16:42:53,14,-14.0
2015-03-07 16:47:53,14,-14.0
2015-03-07 16:52:53,8,-8.0
2015-03-07 16:57:53,18,-18.0
2015-03-07 17:02:53,14,-14.0
2015-03-07 17:07:53,10,-10.0
2015-03-07 17:12:53,14,-14.0
2015-03-07 17:17:53,7,-7.0
2015-03-07 17:22:53,23,-23.0
2015-03-07 17:27:53,12,-12.0
2015-03-07 17:32:53,13,-13.0
2015-03-07 17:37:53,18,-18.0
2015-03-07 17:42:53,18,-18.0
2015-03-07 17:47:53,12,-12.0
2015-03-07 17:52:53,18,-18.0
2015-03-07 17:57:53,19,-19.0
2015-03-07 18:02:53,18,-18.0
2015-03-07 18:07:53,21,-21.0
2015-03-07 18:12:53,10,-10.0
2015-03-07 18:17:53,13,-13.0
2015-03-07 18:22:53,6,-6.0
2015-03-07 18:27:53,17,-17.0
2015-03-07 18:32:53,13,-13.0
2015-03-07 18:37:53,6,-6.0
2015-03-07 18:42:53,12,-12.0
2015-03-07 18:47:53,13,-13.0
2015-03-07 18:52:53,25,-25.0
2015-03-07 18:57:53,16,-16.0
2015-03-07 19:02:53,9,-9.0
2015-03-07 19:07:53,6,-6.0
2015-03-07 19:12:53,12,-12.0
2015-03-07 19:17:53,7,-7.0
2015-03-07 19:22:53,11,-11.0
2015-03-07 19:27:53,22,-22.0
2015-03-07 19:32:53,9,-9.0
2015-03-07 19:37:53,15,-15.0
2015-03-07 19:42:53,7,-7.0
2015-03-07 19:47:53,10,-10.0
2015-03-07 19:52:53,16,-16.0
2015-03-07 19:57:53,24,-24.0
2015-03-07 20:02:53,15,-15.0
2015-03-07 20:07:53,18,-18.0
2015-03-07 20:12:53,16,-16.0
2015-03-07 20:17:53,9,-9.0
2015-03-07 20:22:53,19,-19.0
2015-03-07 20:27:53,10,-10.0
2015-03-07 20:32:53,13,-13.0
2015-03-07 20:37:53,8,-8.0
2015-03-07 20:42:53,16,-16.0
2015-03-07 20:47:53,10,-10.0
2015-03-07 20:52:53,11,-11.0
2015-03-07 20:57:53,30,-30.0
2015-03-07 21:02:53,24,-24.0
2015-03-07 21:07:53,25,-25.0
2015-03-07 21:12:53,39,-39.0
2015-03-07 21:17:53,16,-16.0
2015-03-07 21:22:53,15,-15.0
2015-03-07 21:27:53,11,-11.0
2015-03-07 21:32:53,13,-13.0
2015-03-07 21:37:53,20,-20.0
2015-03-07 21:42:53,11,-11.0
2015-03-07 21:47:53,15,-15.0
2015-03-07 21:52:53,15,-15.0
2015-03-07 21:57:53,16,-16.0
2015-03-07 22:02:53,19,-19.0
2015-03-07 22:07:53,12,-12.0
2015-03-07 22:12:53,9,-9.0
2015-03-07 22:17:53,10,-10.0
2015-03-07 22:22:53,16,-16.0
2015-03-07 22:27:53,11,-11.0
2015-03-07 22:32:53,11,-11.0
2015-03-07 22:37:53,5,-5.0
2015-03-07 22:42:53,6,-6.0
2015-03-07 22:47:53,12,-12.0
2015-03-07 22:52:53,13,-13.0
2015-03-07 22:57:53,25,-25.0
2015-03-07 23:02:53,6,-6.0
2015-03-07 23:07:53,11,-11.0
2015-03-07 23:12:53,16,-16.0
2015-03-07 23:17:53,9,-9.0
2015-03-07 23:22:53,16,-16.0
2015-03-07 23:27:53,23,-23.0
2015-03-07 23:32:53,14,-14.0
2015-03-07 23:37:53,8,-8.0
2015-03-07 23:42:53,9,-9.0
2015-03-07 23:47:53,14,-14.0
2015-03-07 23:52:53,18,-18.0
2015-03-07 23:57:53,12,-12.0
2015-03-08 00:02:53,8,-8.0
2015-03-08 00:07:53,18,-18.0
2015-03-08 00:12:53,9,-9.0
2015-03-08 00:17:53,15,-15.0
2015-03-08 00:22:53,12,-12.0
2015-03-08 00:27:53,8,-8.0
2015-03-08 00:32:53,12,-12.0
2015-03-08 00:37:53,4,-4.0
2015-03-08 00:42:53,15,-15.0
2015-03-08 00:47:53,10,-10.0
2015-03-08 00:52:53,16,-16.0
2015-03-08 00:57:53,9,-9.0
2015-03-08 01:02:53,12,-12.0
2015-03-08 01:07:53,13,-13.0
2015-03-08 01:12:53,7,-7.0
2015-03-08 01:17:53,17,-17.0
2015-03-08 01:22:53,5,-5.0
2015-03-08 01:27:53,7,-7.0
2015-03-08 01:32:53,7,-7.0
2015-03-08 01:37:53,7,-7.0
2015-03-08 01:42:53,10,-10.0
2015-03-08 01:47:53,17,-17.0
2015-03-08 01:52:53,9,-9.0
2015-03-08 01:57:53,10,-10.0
2015-03-08 02:02:53,4,-4.0
2015-03-08 02:07:53,4,-4.0
2015-03-08 02:12:53,9,-9.0
2015-03-08 02:17:53,14,-14.0
2015-03-08 02:22:53,5,-5.0
2015-03-08 02:27:53,21,-21.0
2015-03-08 02:32:53,18,-18.0
2015-03-08 02:37:53,16,-16.0
2015-03-08 02:42:53,8,-8.0
2015-03-08 02:47:53,14,-14.0
2015-03-08 02:52:53,6,-6.0
2015-03-08 02:57:53,12,-12.0
2015-03-08 03:02:53,8,-8.0
2015-03-08 03:07:53,11,-11.0
2015-03-08 03:12:53,13,-13.0
2015-03-08 03:17:53,7,-7.0
2015-03-08 03:22:53,16,-16.0
2015-03-08 03:27:53,2,-2.0
2015-03-08 03:32:53,8,-8.0
2015-03-08 03:37:53,8,-8.0
2015-03-08 03:42:53,8,-8.0
2015-03-08 03:47:53,6,-6.0
2015-03-08 03:52:53,12,-12.0
2015-03-08 03:57:53,9,-9.0
2015-03-08 04:02:53,6,-6.0
2015-03-08 04:07:53,7,-7.0
2015-03-08 04:12:53,6,-6.0
2015-03-08 04:17:53,7,-7.0
2015-03-08 04:22:53,10,-10.0
2015-03-08 04:27:53,15,-15.0
2015-03-08 04:32:53,27,-27.0
2015-03-08 04:37:53,7,-7.0
2015-03-08 04:42:53,2,-2.0
2015-03-08 04:47:53,20,-20.0
2015-03-08 04:52:53,4,-4.0
2015-03-08 04:57:53,11,-11.0
2015-03-08 05:02:53,3,-3.0
2015-03-08 05:07:53,6,-6.0
2015-03-08 05:12:53,4,-4.0
2015-03-08 05:17:53,2,-2.0
2015-03-08 05:22:53,20,-20.0
2015-03-08 05:27:53,10,-10.0
2015-03-08 05:32:53,9,-9.0
2015-03-08 05:37:53,4,-4.0
2015-03-08 05:42:53,10,-10.0
2015-03-08 05:47:53,7,-7.0
2015-03-08 05:52:53,4,-4.0
2015-03-08 05:57:53,13,-13.0
2015-03-08 06:02:53,10,-10.0
2015-03-08 06:07:53,6,-6.0
2015-03-08 06:12:53,14,-14.0
2015-03-08 06:17:53,18,-18.0
2015-03-08 06:22:53,9,-9.0
2015-03-08 06:27:53,13,-13.0
2015-03-08 06:32:53,3,-3.0
2015-03-08 06:37:53,3,-3.0
2015-03-08 06:42:53,5,-5.0
2015-03-08 06:47:53,7,-7.0
2015-03-08 06:52:53,5,-5.0
2015-03-08 06:57:53,10,-10.0
2015-03-08 07:02:53,4,-4.0
2015-03-08 07:07:53,5,-5.0
2015-03-08 07:12:53,7,-7.0
2015-03-08 07:17:53,9,-9.0
2015-03-08 07:22:53,11,-11.0
2015-03-08 07:27:53,7,-7.0
2015-03-08 07:32:53,7,-7.0
2015-03-08 07:37:53,16,-16.0
2015-03-08 07:42:53,5,-5.0
2015-03-08 07:47:53,2,-2.0
2015-03-08 07:52:53,8,-8.0
2015-03-08 07:57:53,10,-10.0
2015-03-08 08:02:53,7,-7.0
2015-03-08 08:07:53,10,-10.0
2015-03-08 08:12:53,10,-10.0
2015-03-08 08:17:53,7,-7.0
2015-03-08 08:22:53,14,-14.0
2015-03-08 08:27:53,19,-19.0
2015-03-08 08:32:53,6,-6.0
2015-03-08 08:37:53,12,-12.0
2015-03-08 08:42:53,9,-9.0
2015-03-08 08:47:53,4,-4.0
2015-03-08 08:52:53,5,-5.0
2015-03-08 08:57:53,14,-14.0
2015-03-08 09:02:53,9,-9.0
2015-03-08 09:07:53,18,-18.0
2015-03-08 09:12:53,8,-8.0
2015-03-08 09:17:53,6,-6.0
2015-03-08 09:22:53,11,-11.0
2015-03-08 09:27:53,13,-13.0
2015-03-08 09:32:53,7,-7.0
2015-03-08 09:37:53,21,-21.0
2015-03-08 09:42:53,8,-8.0
2015-03-08 09:47:53,15,-15.0
2015-03-08 09:52:53,11,-11.0
2015-03-08 09:57:53,9,-9.0
2015-03-08 10:02:53,11,-11.0
2015-03-08 10:07:53,1,-1.0
2015-03-08 10:12:53,7,-7.0
2015-03-08 10:17:53,15,-15.0
2015-03-08 10:22:53,8,-8.0
2015-03-08 10:27:53,9,-9.0
2015-03-08 10:32:53,4,-4.0
2015-03-08 10:37:53,11,-11.0
2015-03-08 10:42:53,8,-8.0
2015-03-08 10:47:53,3,-3.0
2015-03-08 10:52:53,11,-11.0
2015-03-08 10:57:53,13,-13.0
2015-03-08 11:02:53,4,-4.0
2015-03-08 11:07:53,19,-19.0
2015-03-08 11:12:53,6,-6.0
2015-03-08 11:17:53,7,-7.0
2015-03-08 11:22:53,8,-8.0
2015-03-08 11:27:53,5,-5.0
2015-03-08 11:32:53,11,-11.0
2015-03-08 11:37:53,3,-3.0
2015-03-08 11:42:53,8,-8.0
2015-03-08 11:47:53,16,-16.0
2015-03-08 11:52:53,13,-13.0
2015-03-08 11:57:53,27,-27.0
2015-03-08 12:02:53,13,-13.0
2015-03-08 12:07:53,12,-12.0
2015-03-08 12:12:53,10,-10.0
2015-03-08 12:17:53,15,-15.0
2015-03-08 12:22:53,14,-14.0
2015-03-08 12:27:53,16,-16.0
2015-03-08 12:32:53,9,-9.0
2015-03-08 12:37:53,10,-10.0
2015-03-08 12:42:53,21,-21.0
2015-03-08 12:47:53,12,-12.0
2015-03-08 12:52:53,18,-18.0
2015-03-08 12:57:53,21,-21.0
2015-03-08 13:02:53,20,-20.0
2015-03-08 13:07:53,13,-13.0
2015-03-08 13:12:53,10,-10.0
2015-03-08 13:17:53,10,-10.0
2015-03-08 13:22:53,9,-9.0
2015-03-08 13:27:53,14,-14.0
2015-03-08 13:32:53,17,-17.0
2015-03-08 13:37:53,18,-18.0
2015-03-08 13:42:53,19,-19.0
2015-03-08 13:47:53,17,-17.0
2015-03-08 13:52:53,14,-14.0
2015-03-08 13:57:53,12,-12.0
2015-03-08 14:02:53,15,-15.0
2015-03-08 14:07:53,16,-16.0
2015-03-08 14:12:53,15,-15.0
2015-03-08 14:17:53,24,-24.0
2015-03-08 14:22:53,12,-12.0
2015-03-08 14:27:53,13,-13.0
2015-03-08 14:32:53,14,-14.0
2015-03-08 14:37:53,16,-16.0
2015-03-08 14:42:53,22,-22.0
2015-03-08 14:47:53,11,-11.0
2015-03-08 14:52:53,11,-11.0
2015-03-08 14:57:53,14,-14.0
2015-03-08 15:02:53,29,-29.0
2015-03-08 15:07:53,31,-31.0
2015-03-08 15:12:53,32,-32.0
2015-03-08 15:17:53,15,-15.0
2015-03-08 15:22:53,19,-19.0
2015-03-08 15:27:53,22,-22.0
2015-03-08 15:32:53,20,-20.0
2015-03-08 15:37:53,26,-26.0
2015-03-08 15:42:53,21,-21.0
2015-03-08 15:47:53,28,-28.0
2015-03-08 15:52:53,34,-34.0
2015-03-08 15:57:53,30,-30.0
2015-03-08 16:02:53,27,-27.0
2015-03-08 16:07:53,28,-28.0
2015-03-08 16:12:53,36,-36.0
2015-03-08 16:17:53,15,-15.0
2015-03-08 16:22:53,7,-7.0
2015-03-08 16:27:53,20,-20.0
2015-03-08 16:32:53,19,-19.0
2015-03-08 16:37:53,9,-9.0
2015-03-08 16:42:53,19,-19.0
2015-03-08 16:47:53,13,-13.0
2015-03-08 16:52:53,13,-13.0
2015-03-08 16:57:53,21,-21.0
2015-03-08 17:02:53,35,-35.0
2015-03-08 17:07:53,152,-152.0
2015-03-08 17:12:53,57,-57.0
2015-03-08 17:17:53,57,-57.0
2015-03-08 17:22:53,56,-56.0
2015-03-08 17:27:53,49,-49.0
2015-03-08 17:32:53,43,-43.0
2015-03-08 17:37:53,34,-34.0
2015-03-08 17:42:53,25,-25.0
2015-03-08 17:47:53,32,-32.0
2015-03-08 17:52:53,46,-46.0
2015-03-08 17:57:53,35,-35.0
2015-03-08 18:02:53,38,-38.0
2015-03-08 18:07:53,42,-42.0
2015-03-08 18:12:53,55,-55.0
2015-03-08 18:17:53,49,-49.0
2015-03-08 18:22:53,38,-38.0
2015-03-08 18:27:53,32,-32.0
2015-03-08 18:32:53,33,-33.0
2015-03-08 18:37:53,32,-32.0
2015-03-08 18:42:53,15,-15.0
2015-03-08 18:47:53,27,-27.0
2015-03-08 18:52:53,23,-23.0
2015-03-08 18:57:53,25,-25.0
2015-03-08 19:02:53,22,-22.0
2015-03-08 19:07:53,21,-21.0
2015-03-08 19:12:53,35,-35.0
2015-03-08 19:17:53,49,-49.0
2015-03-08 19:22:53,25,-25.0
2015-03-08 19:27:53,27,-27.0
2015-03-08 19:32:53,14,-14.0
2015-03-08 19:37:53,18,-18.0
2015-03-08 19:42:53,18,-18.0
2015-03-08 19:47:53,12,-12.0
2015-03-08 19:52:53,35,-35.0
2015-03-08 19:57:53,42,-42.0
2015-03-08 20:02:53,37,-37.0
2015-03-08 20:07:53,20,-20.0
2015-03-08 20:12:53,48,-48.0
2015-03-08 20:17:53,73,-73.0
2015-03-08 20:22:53,53,-53.0
2015-03-08 20:27:53,31,-31.0
2015-03-08 20:32:53,37,-37.0
2015-03-08 20:37:53,28,-28.0
2015-03-08 20:42:53,39,-39.0
2015-03-08 20:47:53,26,-26.0
2015-03-08 20:52:53,22,-22.0
2015-03-08 20:57:53,23,-23.0
2015-03-08 21:02:53,20,-20.0
2015-03-08 21:07:53,23,-23.0
2015-03-08 21:12:53,26,-26.0
2015-03-08 21:17:53,28,-28.0
2015-03-08 21:22:53,25,-25.0
2015-03-08 21:27:53,23,-23.0
2015-03-08 21:32:53,20,-20.0
2015-03-08 21:37:53,17,-17.0
2015-03-08 21:42:53,19,-19.0
2015-03-08 21:47:53,23,-23.0
2015-03-08 21:52:53,11,-11.0
2015-03-08 21:57:53,14,-14.0
2015-03-08 22:02:53,25,-25.0
2015-03-08 22:07:53,14,-14.0
2015-03-08 22:12:53,18,-18.0
2015-03-08 22:17:53,16,-16.0
2015-03-08 22:22:53,18,-18.0
2015-03-08 22:27:53,12,-12.0
2015-03-08 22:32:53,14,-14.0
2015-03-08 22:37:53,13,-13.0
2015-03-08 22:42:53,14,-14.0
2015-03-08 22:47:53,13,-13.0
2015-03-08 22:52:53,12,-12.0
2015-03-08 22:57:53,12,-12.0
2015-03-08 23:02:53,10,-10.0
2015-03-08 23:07:53,7,-7.0
2015-03-08 23:12:53,19,-19.0
2015-03-08 23:17:53,14,-14.0
2015-03-08 23:22:53,12,-12.0
2015-03-08 23:27:53,6,-6.0
2015-03-08 23:32:53,10,-10.0
2015-03-08 23:37:53,7,-7.0
2015-03-08 23:42:53,10,-10.0
2015-03-08 23:47:53,12,-12.0
2015-03-08 23:52:53,17,-17.0
2015-03-08 23:57:53,13,-13.0
2015-03-09 00:02:53,15,-15.0
2015-03-09 00:07:53,9,-9.0
2015-03-09 00:12:53,5,-5.0
2015-03-09 00:17:53,4,-4.0
2015-03-09 00:22:53,23,-23.0
2015-03-09 00:27:53,7,-7.0
2015-03-09 00:32:53,15,-15.0
2015-03-09 00:37:53,11,-11.0
2015-03-09 00:42:53,8,-8.0
2015-03-09 00:47:53,8,-8.0
2015-03-09 00:52:53,13,-13.0
2015-03-09 00:57:53,13,-13.0
2015-03-09 01:02:53,2,-2.0
2015-03-09 01:07:53,12,-12.0
2015-03-09 01:12:53,11,-11.0
2015-03-09 01:17:53,8,-8.0
2015-03-09 01:22:53,12,-12.0
2015-03-09 01:27:53,11,-11.0
2015-03-09 01:32:53,12,-12.0
2015-03-09 01:37:53,79,-79.0
2015-03-09 01:42:53,42,-42.0
2015-03-09 01:47:53,31,-31.0
2015-03-09 01:52:53,31,-31.0
2015-03-09 01:57:53,25,-25.0
2015-03-09 02:02:53,20,-20.0
2015-03-09 02:07:53,17,-17.0
2015-03-09 02:12:53,17,-17.0
2015-03-09 02:17:53,13,-13.0
2015-03-09 02:22:53,11,-11.0
2015-03-09 02:27:53,15,-15.0
2015-03-09 02:32:53,24,-24.0
2015-03-09 02:37:53,22,-22.0
2015-03-09 02:42:53,23,-23.0
2015-03-09 02:47:53,26,-26.0
2015-03-09 02:52:53,11,-11.0
2015-03-09 02:57:53,16,-16.0
2015-03-09 03:02:53,22,-22.0
2015-03-09 03:07:53,13,-13.0
2015-03-09 03:12:53,12,-12.0
2015-03-09 03:17:53,14,-14.0
2015-03-09 03:22:53,17,-17.0
2015-03-09 03:27:53,8,-8.0
2015-03-09 03:32:53,8,-8.0
2015-03-09 03:37:53,11,-11.0
2015-03-09 03:42:53,14,-14.0
2015-03-09 03:47:53,13,-13.0
2015-03-09 03:52:53,15,-15.0
2015-03-09 03:57:53,10,-10.0
2015-03-09 04:02:53,23,-23.0
2015-03-09 04:07:53,21,-21.0
2015-03-09 04:12:53,5,-5.0
2015-03-09 04:17:53,15,-15.0
2015-03-09 04:22:53,18,-18.0
2015-03-09 04:27:53,15,-15.0
2015-03-09 04:32:53,9,-9.0
2015-03-09 04:37:53,10,-10.0
2015-03-09 04:42:53,8,-8.0
2015-03-09 04:47:53,9,-9.0
2015-03-09 04:52:53,14,-14.0
2015-03-09 04:57:53,17,-17.0
2015-03-09 05:02:53,6,-6.0
2015-03-09 05:07:53,13,-13.0
2015-03-09 05:12:53,17,-17.0
2015-03-09 05:17:53,14,-14.0
2015-03-09 05:22:53,12,-12.0
2015-03-09 05:27:53,7,-7.0
2015-03-09 05:32:53,4,-4.0
2015-03-09 05:37:53,12,-12.0
2015-03-09 05:42:53,9,-9.0
2015-03-09 05:47:53,9,-9.0
2015-03-09 05:52:53,5,-5.0
2015-03-09 05:57:53,10,-10.0
2015-03-09 06:02:53,8,-8.0
2015-03-09 06:07:53,12,-12.0
2015-03-09 06:12:53,22,-22.0
2015-03-09 06:17:53,4,-4.0
2015-03-09 06:22:53,18,-18.0
2015-03-09 06:27:53,28,-28.0
2015-03-09 06:32:53,57,-57.0
2015-03-09 06:37:53,14,-14.0
2015-03-09 06:42:53,16,-16.0
2015-03-09 06:47:53,10,-10.0
2015-03-09 06:52:53,15,-15.0
2015-03-09 06:57:53,15,-15.0
2015-03-09 07:02:53,20,-20.0
2015-03-09 07:07:53,14,-14.0
2015-03-09 07:12:53,17,-17.0
2015-03-09 07:17:53,16,-16.0
2015-03-09 07:22:53,6,-6.0
2015-03-09 07:27:53,8,-8.0
2015-03-09 07:32:53,11,-11.0
2015-03-09 07:37:53,11,-11.0
2015-03-09 07:42:53,14,-14.0
2015-03-09 07:47:53,19,-19.0
2015-03-09 07:52:53,6,-6.0
2015-03-09 07:57:53,9,-9.0
2015-03-09 08:02:53,12,-12.0
2015-03-09 08:07:53,13,-13.0
2015-03-09 08:12:53,11,-11.0
2015-03-09 08:17:53,10,-10.0
2015-03-09 08:22:53,10,-10.0
2015-03-09 08:27:53,9,-9.0
2015-03-09 08:32:53,4,-4.0
2015-03-09 08:37:53,7,-7.0
2015-03-09 08:42:53,13,-13.0
2015-03-09 08:47:53,15,-15.0
2015-03-09 08:52:53,8,-8.0
2015-03-09 08:57:53,15,-15.0
2015-03-09 09:02:53,14,-14.0
2015-03-09 09:07:53,13,-13.0
2015-03-09 09:12:53,7,-7.0
2015-03-09 09:17:53,5,-5.0
2015-03-09 09:22:53,14,-14.0
2015-03-09 09:27:53,9,-9.0
2015-03-09 09:32:53,9,-9.0
2015-03-09 09:37:53,12,-12.0
2015-03-09 09:42:53,7,-7.0
2015-03-09 09:47:53,12,-12.0
2015-03-09 09:52:53,12,-12.0
2015-03-09 09:57:53,10,-10.0
2015-03-09 10:02:53,4,-4.0
2015-03-09 10:07:53,13,-13.0
2015-03-09 10:12:53,19,-19.0
2015-03-09 10:17:53,13,-13.0
2015-03-09 10:22:53,10,-10.0
2015-03-09 10:27:53,12,-12.0
2015-03-09 10:32:53,10,-10.0
2015-03-09 10:37:53,18,-18.0
2015-03-09 10:42:53,18,-18.0
2015-03-09 10:47:53,17,-17.0
2015-03-09 10:52:53,13,-13.0
2015-03-09 10:57:53,82,-82.0
2015-03-09 11:02:53,11,-11.0
2015-03-09 11:07:53,6,-6.0
2015-03-09 11:12:53,10,-10.0
2015-03-09 11:17:53,13,-13.0
2015-03-09 11:22:53,10,-10.0
2015-03-09 11:27:53,11,-11.0
2015-03-09 11:32:53,13,-13.0
2015-03-09 11:37:53,16,-16.0
2015-03-09 11:42:53,19,-19.0
2015-03-09 11:47:53,18,-18.0
2015-03-09 11:52:53,36,-36.0
2015-03-09 11:57:53,19,-19.0
2015-03-09 12:02:53,15,-15.0
2015-03-09 12:07:53,9,-9.0
2015-03-09 12:12:53,22,-22.0
2015-03-09 12:17:53,16,-16.0
2015-03-09 12:22:53,16,-16.0
2015-03-09 12:27:53,11,-11.0
2015-03-09 12:32:53,13,-13.0
2015-03-09 12:37:53,10,-10.0
2015-03-09 12:42:53,19,-19.0
2015-03-09 12:47:53,22,-22.0
2015-03-09 12:52:53,15,-15.0
2015-03-09 12:57:53,24,-24.0
2015-03-09 13:02:53,17,-17.0
2015-03-09 13:07:53,33,-33.0
2015-03-09 13:12:53,20,-20.0
2015-03-09 13:17:53,17,-17.0
2015-03-09 13:22:53,15,-15.0
2015-03-09 13:27:53,28,-28.0
2015-03-09 13:32:53,20,-20.0
2015-03-09 13:37:53,33,-33.0
2015-03-09 13:42:53,18,-18.0
2015-03-09 13:47:53,29,-29.0
2015-03-09 13:52:53,20,-20.0
2015-03-09 13:57:53,27,-27.0
2015-03-09 14:02:53,21,-21.0
2015-03-09 14:07:53,17,-17.0
2015-03-09 14:12:53,20,-20.0
2015-03-09 14:17:53,14,-14.0
2015-03-09 14:22:53,14,-14.0
2015-03-09 14:27:53,23,-23.0
2015-03-09 14:32:53,21,-21.0
2015-03-09 14:37:53,39,-39.0
2015-03-09 14:42:53,40,-40.0
2015-03-09 14:47:53,19,-19.0
2015-03-09 14:52:53,21,-21.0
2015-03-09 14:57:53,14,-14.0
2015-03-09 15:02:53,20,-20.0
2015-03-09 15:07:53,23,-23.0
2015-03-09 15:12:53,32,-32.0
2015-03-09 15:17:53,26,-26.0
2015-03-09 15:22:53,21,-21.0
2015-03-09 15:27:53,14,-14.0
2015-03-09 15:32:53,26,-26.0
2015-03-09 15:37:53,25,-25.0
2015-03-09 15:42:53,30,-30.0
2015-03-09 15:47:53,15,-15.0
2015-03-09 15:52:53,20,-20.0
2015-03-09 15:57:53,21,-21.0
2015-03-09 16:02:53,24,-24.0
2015-03-09 16:07:53,26,-26.0
2015-03-09 16:12:53,28,-28.0
2015-03-09 16:17:53,33,-33.0
2015-03-09 16:22:53,33,-33.0
2015-03-09 16:27:53,44,-44.0
2015-03-09 16:32:53,39,-39.0
2015-03-09 16:37:53,33,-33.0
2015-03-09 16:42:53,39,-39.0
2015-03-09 16:47:53,35,-35.0
2015-03-09 16:52:53,20,-20.0
2015-03-09 16:57:53,21,-21.0
2015-03-09 17:02:53,18,-18.0
2015-03-09 17:07:53,29,-29.0
2015-03-09 17:12:53,30,-30.0
2015-03-09 17:17:53,18,-18.0
2015-03-09 17:22:53,27,-27.0
2015-03-09 17:27:53,33,-33.0
2015-03-09 17:32:53,25,-25.0
2015-03-09 17:37:53,27,-27.0
2015-03-09 17:42:53,26,-26.0
2015-03-09 17:47:53,23,-23.0
2015-03-09 17:52:53,32,-32.0
2015-03-09 17:57:53,38,-38.0
2015-03-09 18:02:53,22,-22.0
2015-03-09 18:07:53,19,-19.0
2015-03-09 18:12:53,20,-20.0
2015-03-09 18:17:53,24,-24.0
2015-03-09 18:22:53,31,-31.0
2015-03-09 18:27:53,25,-25.0
2015-03-09 18:32:53,27,-27.0
2015-03-09 18:37:53,25,-25.0
2015-03-09 18:42:53,35,-35.0
2015-03-09 18:47:53,21,-21.0
2015-03-09 18:52:53,24,-24.0
2015-03-09 18:57:53,26,-26.0
2015-03-09 19:02:53,22,-22.0
2015-03-09 19:07:53,18,-18.0
2015-03-09 19:12:53,26,-26.0
2015-03-09 19:17:53,22,-22.0
2015-03-09 19:22:53,20,-20.0
2015-03-09 19:27:53,28,-28.0
2015-03-09 19:32:53,30,-30.0
2015-03-09 19:37:53,35,-35.0
2015-03-09 19:42:53,39,-39.0
2015-03-09 19:47:53,16,-16.0
2015-03-09 19:52:53,12,-12.0
2015-03-09 19:57:53,29,-29.0
2015-03-09 20:02:53,20,-20.0
2015-03-09 20:07:53,19,-19.0
2015-03-09 20:12:53,26,-26.0
2015-03-09 20:17:53,21,-21.0
2015-03-09 20:22:53,29,-29.0
2015-03-09 20:27:53,23,-23.0
2015-03-09 20:32:53,19,-19.0
2015-03-09 20:37:53,23,-23.0
2015-03-09 20:42:53,25,-25.0
2015-03-09 20:47:53,24,-24.0
2015-03-09 20:52:53,11,-11.0
2015-03-09 20:57:53,34,-34.0
2015-03-09 21:02:53,26,-26.0
2015-03-09 21:07:53,23,-23.0
2015-03-09 21:12:53,12,-12.0
2015-03-09 21:17:53,20,-20.0
2015-03-09 21:22:53,22,-22.0
2015-03-09 21:27:53,14,-14.0
2015-03-09 21:32:53,9,-9.0
2015-03-09 21:37:53,7,-7.0
2015-03-09 21:42:53,20,-20.0
2015-03-09 21:47:53,19,-19.0
2015-03-09 21:52:53,19,-19.0
2015-03-09 21:57:53,19,-19.0
2015-03-09 22:02:53,18,-18.0
2015-03-09 22:07:53,18,-18.0
2015-03-09 22:12:53,13,-13.0
2015-03-09 22:17:53,20,-20.0
2015-03-09 22:22:53,16,-16.0
2015-03-09 22:27:53,23,-23.0
2015-03-09 22:32:53,14,-14.0
2015-03-09 22:37:53,13,-13.0
2015-03-09 22:42:53,17,-17.0
2015-03-09 22:47:53,29,-29.0
2015-03-09 22:52:53,37,-37.0
2015-03-09 22:57:53,17,-17.0
2015-03-09 23:02:53,22,-22.0
2015-03-09 23:07:53,30,-30.0
2015-03-09 23:12:53,20,-20.0
2015-03-09 23:17:53,47,-47.0
2015-03-09 23:22:53,23,-23.0
2015-03-09 23:27:53,23,-23.0
2015-03-09 23:32:53,18,-18.0
2015-03-09 23:37:53,24,-24.0
2015-03-09 23:42:53,20,-20.0
2015-03-09 23:47:53,10,-10.0
2015-03-09 23:52:53,15,-15.0
2015-03-09 23:57:53,22,-22.0
2015-03-10 00:02:53,14,-14.0
2015-03-10 00:07:53,14,-14.0
2015-03-10 00:12:53,7,-7.0
2015-03-10 00:17:53,25,-25.0
2015-03-10 00:22:53,18,-18.0
2015-03-10 00:27:53,11,-11.0
2015-03-10 00:32:53,11,-11.0
2015-03-10 00:37:53,18,-18.0
2015-03-10 00:42:53,14,-14.0
2015-03-10 00:47:53,16,-16.0
2015-03-10 00:52:53,21,-21.0
2015-03-10 00:57:53,13,-13.0
2015-03-10 01:02:53,11,-11.0
2015-03-10 01:07:53,10,-10.0
2015-03-10 01:12:53,11,-11.0
2015-03-10 01:17:53,19,-19.0
2015-03-10 01:22:53,9,-9.0
2015-03-10 01:27:53,16,-16.0
2015-03-10 01:32:53,7,-7.0
2015-03-10 01:37:53,17,-17.0
2015-03-10 01:42:53,29,-29.0
2015-03-10 01:47:53,11,-11.0
2015-03-10 01:52:53,15,-15.0
2015-03-10 01:57:53,9,-9.0
2015-03-10 02:02:53,15,-15.0
2015-03-10 02:07:53,11,-11.0
2015-03-10 02:12:53,25,-25.0
2015-03-10 02:17:53,25,-25.0
2015-03-10 02:22:53,23,-23.0
2015-03-10 02:27:53,21,-21.0
2015-03-10 02:32:53,20,-20.0
2015-03-10 02:37:53,21,-21.0
2015-03-10 02:42:53,14,-14.0
2015-03-10 02:47:53,11,-11.0
2015-03-10 02:52:53,11,-11.0
2015-03-10 02:57:53,11,-11.0
2015-03-10 03:02:53,17,-17.0
2015-03-10 03:07:53,13,-13.0
2015-03-10 03:12:53,13,-13.0
2015-03-10 03:17:53,13,-13.0
2015-03-10 03:22:53,20,-20.0
2015-03-10 03:27:53,8,-8.0
2015-03-10 03:32:53,10,-10.0
2015-03-10 03:37:53,13,-13.0
2015-03-10 03:42:53,9,-9.0
2015-03-10 03:47:53,10,-10.0
2015-03-10 03:52:53,15,-15.0
2015-03-10 03:57:53,5,-5.0
2015-03-10 04:02:53,5,-5.0
2015-03-10 04:07:53,5,-5.0
2015-03-10 04:12:53,9,-9.0
2015-03-10 04:17:53,14,-14.0
2015-03-10 04:22:53,18,-18.0
2015-03-10 04:27:53,15,-15.0
2015-03-10 04:32:53,10,-10.0
2015-03-10 04:37:53,9,-9.0
2015-03-10 04:42:53,32,-32.0
2015-03-10 04:47:53,34,-34.0
2015-03-10 04:52:53,25,-25.0
2015-03-10 04:57:53,20,-20.0
2015-03-10 05:02:53,13,-13.0
2015-03-10 05:07:53,15,-15.0
2015-03-10 05:12:53,7,-7.0
2015-03-10 05:17:53,7,-7.0
2015-03-10 05:22:53,12,-12.0
2015-03-10 05:27:53,16,-16.0
2015-03-10 05:32:53,10,-10.0
2015-03-10 05:37:53,28,-28.0
2015-03-10 05:42:53,12,-12.0
2015-03-10 05:47:53,7,-7.0
2015-03-10 05:52:53,5,-5.0
2015-03-10 05:57:53,18,-18.0
2015-03-10 06:02:53,15,-15.0
2015-03-10 06:07:53,13,-13.0
2015-03-10 06:12:53,15,-15.0
2015-03-10 06:17:53,8,-8.0
2015-03-10 06:22:53,13,-13.0
2015-03-10 06:27:53,12,-12.0
2015-03-10 06:32:53,9,-9.0
2015-03-10 06:37:53,8,-8.0
2015-03-10 06:42:53,14,-14.0
2015-03-10 06:47:53,20,-20.0
2015-03-10 06:52:53,12,-12.0
2015-03-10 06:57:53,12,-12.0
2015-03-10 07:02:53,12,-12.0
2015-03-10 07:07:53,3,-3.0
2015-03-10 07:12:53,21,-21.0
2015-03-10 07:17:53,11,-11.0
2015-03-10 07:22:53,15,-15.0
2015-03-10 07:27:53,7,-7.0
2015-03-10 07:32:53,9,-9.0
2015-03-10 07:37:53,15,-15.0
2015-03-10 07:42:53,14,-14.0
2015-03-10 07:47:53,11,-11.0
2015-03-10 07:52:53,10,-10.0
2015-03-10 07:57:53,15,-15.0
2015-03-10 08:02:53,9,-9.0
2015-03-10 08:07:53,17,-17.0
2015-03-10 08:12:53,10,-10.0
2015-03-10 08:17:53,9,-9.0
2015-03-10 08:22:53,12,-12.0
2015-03-10 08:27:53,8,-8.0
2015-03-10 08:32:53,17,-17.0
2015-03-10 08:37:53,13,-13.0
2015-03-10 08:42:53,11,-11.0
2015-03-10 08:47:53,10,-10.0
2015-03-10 08:52:53,10,-10.0
2015-03-10 08:57:53,19,-19.0
2015-03-10 09:02:53,29,-29.0
2015-03-10 09:07:53,13,-13.0
2015-03-10 09:12:53,28,-28.0
2015-03-10 09:17:53,19,-19.0
2015-03-10 09:22:53,15,-15.0
2015-03-10 09:27:53,6,-6.0
2015-03-10 09:32:53,15,-15.0
2015-03-10 09:37:53,17,-17.0
2015-03-10 09:42:53,13,-13.0
2015-03-10 09:47:53,5,-5.0
2015-03-10 09:52:53,10,-10.0
2015-03-10 09:57:53,17,-17.0
2015-03-10 10:02:53,16,-16.0
2015-03-10 10:07:53,18,-18.0
2015-03-10 10:12:53,9,-9.0
2015-03-10 10:17:53,13,-13.0
2015-03-10 10:22:53,10,-10.0
2015-03-10 10:27:53,11,-11.0
2015-03-10 10:32:53,11,-11.0
2015-03-10 10:37:53,16,-16.0
2015-03-10 10:42:53,11,-11.0
2015-03-10 10:47:53,2,-2.0
2015-03-10 10:52:53,11,-11.0
2015-03-10 10:57:53,13,-13.0
2015-03-10 11:02:53,13,-13.0
2015-03-10 11:07:53,8,-8.0
2015-03-10 11:12:53,22,-22.0
2015-03-10 11:17:53,14,-14.0
2015-03-10 11:22:53,15,-15.0
2015-03-10 11:27:53,20,-20.0
2015-03-10 11:32:53,16,-16.0
2015-03-10 11:37:53,14,-14.0
2015-03-10 11:42:53,22,-22.0
2015-03-10 11:47:53,10,-10.0
2015-03-10 11:52:53,12,-12.0
2015-03-10 11:57:53,23,-23.0
2015-03-10 12:02:53,14,-14.0
2015-03-10 12:07:53,9,-9.0
2015-03-10 12:12:53,17,-17.0
2015-03-10 12:17:53,10,-10.0
2015-03-10 12:22:53,22,-22.0
2015-03-10 12:27:53,14,-14.0
2015-03-10 12:32:53,17,-17.0
2015-03-10 12:37:53,10,-10.0
2015-03-10 12:42:53,16,-16.0
2015-03-10 12:47:53,32,-32.0
2015-03-10 12:52:53,18,-18.0
2015-03-10 12:57:53,20,-20.0
2015-03-10 13:02:53,21,-21.0
2015-03-10 13:07:53,23,-23.0
2015-03-10 13:12:53,22,-22.0
2015-03-10 13:17:53,11,-11.0
2015-03-10 13:22:53,26,-26.0
2015-03-10 13:27:53,23,-23.0
2015-03-10 13:32:53,17,-17.0
2015-03-10 13:37:53,11,-11.0
2015-03-10 13:42:53,10,-10.0
2015-03-10 13:47:53,9,-9.0
2015-03-10 13:52:53,21,-21.0
2015-03-10 13:57:53,28,-28.0
2015-03-10 14:02:53,24,-24.0
2015-03-10 14:07:53,21,-21.0
2015-03-10 14:12:53,26,-26.0
2015-03-10 14:17:53,24,-24.0
2015-03-10 14:22:53,34,-34.0
2015-03-10 14:27:53,20,-20.0
2015-03-10 14:32:53,17,-17.0
2015-03-10 14:37:53,20,-20.0
2015-03-10 14:42:53,22,-22.0
2015-03-10 14:47:53,36,-36.0
2015-03-10 14:52:53,22,-22.0
2015-03-10 14:57:53,28,-28.0
2015-03-10 15:02:53,27,-27.0
2015-03-10 15:07:53,16,-16.0
2015-03-10 15:12:53,17,-17.0
2015-03-10 15:17:53,19,-19.0
2015-03-10 15:22:53,15,-15.0
2015-03-10 15:27:53,17,-17.0
2015-03-10 15:32:53,21,-21.0
2015-03-10 15:37:53,27,-27.0
2015-03-10 15:42:53,37,-37.0
2015-03-10 15:47:53,23,-23.0
2015-03-10 15:52:53,22,-22.0
2015-03-10 15:57:53,21,-21.0
2015-03-10 16:02:53,33,-33.0
2015-03-10 16:07:53,24,-24.0
2015-03-10 16:12:53,25,-25.0
2015-03-10 16:17:53,15,-15.0
2015-03-10 16:22:53,23,-23.0
2015-03-10 16:27:53,28,-28.0
2015-03-10 16:32:53,29,-29.0
2015-03-10 16:37:53,33,-33.0
2015-03-10 16:42:53,19,-19.0
2015-03-10 16:47:53,22,-22.0
2015-03-10 16:52:53,12,-12.0
2015-03-10 16:57:53,25,-25.0
2015-03-10 17:02:53,25,-25.0
2015-03-10 17:07:53,41,-41.0
2015-03-10 17:12:53,27,-27.0
2015-03-10 17:17:53,23,-23.0
2015-03-10 17:22:53,14,-14.0
2015-03-10 17:27:53,35,-35.0
2015-03-10 17:32:53,38,-38.0
2015-03-10 17:37:53,26,-26.0
2015-03-10 17:42:53,36,-36.0
2015-03-10 17:47:53,30,-30.0
2015-03-10 17:52:53,15,-15.0
2015-03-10 17:57:53,20,-20.0
2015-03-10 18:02:53,23,-23.0
2015-03-10 18:07:53,29,-29.0
2015-03-10 18:12:53,26,-26.0
2015-03-10 18:17:53,23,-23.0
2015-03-10 18:22:53,29,-29.0
2015-03-10 18:27:53,31,-31.0
2015-03-10 18:32:53,36,-36.0
2015-03-10 18:37:53,13,-13.0
2015-03-10 18:42:53,20,-20.0
2015-03-10 18:47:53,29,-29.0
2015-03-10 18:52:53,27,-27.0
2015-03-10 18:57:53,38,-38.0
2015-03-10 19:02:53,16,-16.0
2015-03-10 19:07:53,30,-30.0
2015-03-10 19:12:53,32,-32.0
2015-03-10 19:17:53,22,-22.0
2015-03-10 19:22:53,17,-17.0
2015-03-10 19:27:53,16,-16.0
2015-03-10 19:32:53,20,-20.0
2015-03-10 19:37:53,19,-19.0
2015-03-10 19:42:53,17,-17.0
2015-03-10 19:47:53,46,-46.0
2015-03-10 19:52:53,17,-17.0
2015-03-10 19:57:53,32,-32.0
2015-03-10 20:02:53,18,-18.0
2015-03-10 20:07:53,17,-17.0
2015-03-10 20:12:53,18,-18.0
2015-03-10 20:17:53,17,-17.0
2015-03-10 20:22:53,17,-17.0
2015-03-10 20:27:53,29,-29.0
2015-03-10 20:32:53,29,-29.0
2015-03-10 20:37:53,38,-38.0
2015-03-10 20:42:53,30,-30.0
2015-03-10 20:47:53,26,-26.0
2015-03-10 20:52:53,19,-19.0
2015-03-10 20:57:53,27,-27.0
2015-03-10 21:02:53,20,-20.0
2015-03-10 21:07:53,23,-23.0
2015-03-10 21:12:53,14,-14.0
2015-03-10 21:17:53,23,-23.0
2015-03-10 21:22:53,29,-29.0
2015-03-10 21:27:53,38,-38.0
2015-03-10 21:32:53,24,-24.0
2015-03-10 21:37:53,33,-33.0
2015-03-10 21:42:53,48,-48.0
2015-03-10 21:47:53,18,-18.0
2015-03-10 21:52:53,23,-23.0
2015-03-10 21:57:53,27,-27.0
2015-03-10 22:02:53,28,-28.0
2015-03-10 22:07:53,25,-25.0
2015-03-10 22:12:53,20,-20.0
2015-03-10 22:17:53,40,-40.0
2015-03-10 22:22:53,26,-26.0
2015-03-10 22:27:53,17,-17.0
2015-03-10 22:32:53,23,-23.0
2015-03-10 22:37:53,15,-15.0
2015-03-10 22:42:53,23,-23.0
2015-03-10 22:47:53,21,-21.0
2015-03-10 22:52:53,16,-16.0
2015-03-10 22:57:53,18,-18.0
2015-03-10 23:02:53,22,-22.0
2015-03-10 23:07:53,15,-15.0
2015-03-10 23:12:53,17,-17.0
2015-03-10 23:17:53,19,-19.0
2015-03-10 23:22:53,29,-29.0
2015-03-10 23:27:53,21,-21.0
2015-03-10 23:32:53,18,-18.0
2015-03-10 23:37:53,15,-15.0
2015-03-10 23:42:53,12,-12.0
2015-03-10 23:47:53,15,-15.0
2015-03-10 23:52:53,15,-15.0
2015-03-10 23:57:53,22,-22.0
2015-03-11 00:02:53,14,-14.0
2015-03-11 00:07:53,10,-10.0
2015-03-11 00:12:53,21,-21.0
2015-03-11 00:17:53,19,-19.0
2015-03-11 00:22:53,9,-9.0
2015-03-11 00:27:53,16,-16.0
2015-03-11 00:32:53,17,-17.0
2015-03-11 00:37:53,15,-15.0
2015-03-11 00:42:53,19,-19.0
2015-03-11 00:47:53,12,-12.0
2015-03-11 00:52:53,13,-13.0
2015-03-11 00:57:53,10,-10.0
2015-03-11 01:02:53,19,-19.0
2015-03-11 01:07:53,10,-10.0
2015-03-11 01:12:53,16,-16.0
2015-03-11 01:17:53,17,-17.0
2015-03-11 01:22:53,13,-13.0
2015-03-11 01:27:53,23,-23.0
2015-03-11 01:32:53,7,-7.0
2015-03-11 01:37:53,14,-14.0
2015-03-11 01:42:53,16,-16.0
2015-03-11 01:47:53,15,-15.0
2015-03-11 01:52:53,18,-18.0
2015-03-11 01:57:53,17,-17.0
2015-03-11 02:02:53,16,-16.0
2015-03-11 02:07:53,5,-5.0
2015-03-11 02:12:53,11,-11.0
2015-03-11 02:17:53,17,-17.0
2015-03-11 02:22:53,5,-5.0
2015-03-11 02:27:53,16,-16.0
2015-03-11 02:32:53,13,-13.0
2015-03-11 02:37:53,17,-17.0
2015-03-11 02:42:53,23,-23.0
2015-03-11 02:47:53,11,-11.0
2015-03-11 02:52:53,12,-12.0
2015-03-11 02:57:53,22,-22.0
2015-03-11 03:02:53,18,-18.0
2015-03-11 03:07:53,8,-8.0
2015-03-11 03:12:53,9,-9.0
2015-03-11 03:17:53,12,-12.0
2015-03-11 03:22:53,12,-12.0
2015-03-11 03:27:53,10,-10.0
2015-03-11 03:32:53,22,-22.0
2015-03-11 03:37:53,21,-21.0
2015-03-11 03:42:53,22,-22.0
2015-03-11 03:47:53,17,-17.0
2015-03-11 03:52:53,14,-14.0
2015-03-11 03:57:53,9,-9.0
2015-03-11 04:02:53,4,-4.0
2015-03-11 04:07:53,9,-9.0
2015-03-11 04:12:53,9,-9.0
2015-03-11 04:17:53,14,-14.0
2015-03-11 04:22:53,17,-17.0
2015-03-11 04:27:53,8,-8.0
2015-03-11 04:32:53,13,-13.0
2015-03-11 04:37:53,11,-11.0
2015-03-11 04:42:53,11,-11.0
2015-03-11 04:47:53,12,-12.0
2015-03-11 04:52:53,6,-6.0
2015-03-11 04:57:53,18,-18.0
2015-03-11 05:02:53,8,-8.0
2015-03-11 05:07:53,12,-12.0
2015-03-11 05:12:53,13,-13.0
2015-03-11 05:17:53,24,-24.0
2015-03-11 05:22:53,5,-5.0
2015-03-11 05:27:53,5,-5.0
2015-03-11 05:32:53,8,-8.0
2015-03-11 05:37:53,12,-12.0
2015-03-11 05:42:53,14,-14.0
2015-03-11 05:47:53,6,-6.0
2015-03-11 05:52:53,5,-5.0
2015-03-11 05:57:53,13,-13.0
2015-03-11 06:02:53,13,-13.0
2015-03-11 06:07:53,5,-5.0
2015-03-11 06:12:53,5,-5.0
2015-03-11 06:17:53,7,-7.0
2015-03-11 06:22:53,12,-12.0
2015-03-11 06:27:53,3,-3.0
2015-03-11 06:32:53,10,-10.0
2015-03-11 06:37:53,21,-21.0
2015-03-11 06:42:53,13,-13.0
2015-03-11 06:47:53,10,-10.0
2015-03-11 06:52:53,4,-4.0
2015-03-11 06:57:53,4,-4.0
2015-03-11 07:02:53,0,0.0
2015-03-11 07:07:53,0,0.0
2015-03-11 07:12:53,0,0.0
2015-03-11 07:17:53,0,0.0
2015-03-11 07:22:53,0,0.0
2015-03-11 07:27:53,0,0.0
2015-03-11 07:32:53,0,0.0
2015-03-11 07:37:53,0,0.0
2015-03-11 07:42:53,0,0.0
2015-03-11 07:47:53,0,0.0
2015-03-11 07:52:53,0,0.0
2015-03-11 07:57:53,0,0.0
2015-03-11 08:02:53,0,0.0
2015-03-11 08:07:53,0,0.0
2015-03-11 08:12:53,0,0.0
2015-03-11 08:17:53,0,0.0
2015-03-11 08:22:53,0,0.0
2015-03-11 08:27:53,0,0.0
2015-03-11 08:32:53,0,0.0
2015-03-11 08:37:53,0,0.0
2015-03-11 08:42:53,0,0.0
2015-03-11 08:47:53,0,0.0
2015-03-11 08:52:53,0,0.0
2015-03-11 08:57:53,0,0.0
2015-03-11 09:02:53,0,0.0
2015-03-11 09:07:53,0,0.0
2015-03-11 09:12:53,10,-10.0
2015-03-11 09:17:53,13,-13.0
2015-03-11 09:22:53,16,-16.0
2015-03-11 09:27:53,11,-11.0
2015-03-11 09:32:53,9,-9.0
2015-03-11 09:37:53,15,-15.0
2015-03-11 09:42:53,10,-10.0
2015-03-11 09:47:53,11,-11.0
2015-03-11 09:52:53,15,-15.0
2015-03-11 09:57:53,10,-10.0
2015-03-11 10:02:53,18,-18.0
2015-03-11 10:07:53,13,-13.0
2015-03-11 10:12:53,20,-20.0
2015-03-11 10:17:53,23,-23.0
2015-03-11 10:22:53,15,-15.0
2015-03-11 10:27:53,24,-24.0
2015-03-11 10:32:53,21,-21.0
2015-03-11 10:37:53,20,-20.0
2015-03-11 10:42:53,26,-26.0
2015-03-11 10:47:53,12,-12.0
2015-03-11 10:52:53,17,-17.0
2015-03-11 10:57:53,18,-18.0
2015-03-11 11:02:53,30,-30.0
2015-03-11 11:07:53,29,-29.0
2015-03-11 11:12:53,17,-17.0
2015-03-11 11:17:53,17,-17.0
2015-03-11 11:22:53,25,-25.0
2015-03-11 11:27:53,33,-33.0
2015-03-11 11:32:53,18,-18.0
2015-03-11 11:37:53,28,-28.0
2015-03-11 11:42:53,18,-18.0
2015-03-11 11:47:53,19,-19.0
2015-03-11 11:52:53,16,-16.0
2015-03-11 11:57:53,27,-27.0
2015-03-11 12:02:53,19,-19.0
2015-03-11 12:07:53,22,-22.0
2015-03-11 12:12:53,23,-23.0
2015-03-11 12:17:53,22,-22.0
2015-03-11 12:22:53,14,-14.0
2015-03-11 12:27:53,35,-35.0
2015-03-11 12:32:53,21,-21.0
2015-03-11 12:37:53,22,-22.0
2015-03-11 12:42:53,23,-23.0
2015-03-11 12:47:53,19,-19.0
2015-03-11 12:52:53,24,-24.0
2015-03-11 12:57:53,24,-24.0
2015-03-11 13:02:53,27,-27.0
2015-03-11 13:07:53,27,-27.0
2015-03-11 13:12:53,31,-31.0
2015-03-11 13:17:53,18,-18.0
2015-03-11 13:22:53,15,-15.0
2015-03-11 13:27:53,122,-122.0
2015-03-11 13:32:53,74,-74.0
2015-03-11 13:37:53,59,-59.0
2015-03-11 13:42:53,41,-41.0
2015-03-11 13:47:53,42,-42.0
2015-03-11 13:52:53,40,-40.0
2015-03-11 13:57:53,44,-44.0
2015-03-11 14:02:53,44,-44.0
2015-03-11 14:07:53,29,-29.0
2015-03-11 14:12:53,47,-47.0
2015-03-11 14:17:53,32,-32.0
2015-03-11 14:22:53,35,-35.0
2015-03-11 14:27:53,36,-36.0
2015-03-11 14:32:53,30,-30.0
2015-03-11 14:37:53,28,-28.0
2015-03-11 14:42:53,20,-20.0
2015-03-11 14:47:53,18,-18.0
2015-03-11 14:52:53,27,-27.0
2015-03-11 14:57:53,25,-25.0
2015-03-11 15:02:53,33,-33.0
2015-03-11 15:07:53,24,-24.0
2015-03-11 15:12:53,32,-32.0
2015-03-11 15:17:53,30,-30.0
2015-03-11 15:22:53,16,-16.0
2015-03-11 15:27:53,28,-28.0
2015-03-11 15:32:53,23,-23.0
2015-03-11 15:37:53,28,-28.0
2015-03-11 15:42:53,29,-29.0
2015-03-11 15:47:53,35,-35.0
2015-03-11 15:52:53,29,-29.0
2015-03-11 15:57:53,38,-38.0
2015-03-11 16:02:53,37,-37.0
2015-03-11 16:07:53,31,-31.0
2015-03-11 16:12:53,29,-29.0
2015-03-11 16:17:53,17,-17.0
2015-03-11 16:22:53,31,-31.0
2015-03-11 16:27:53,30,-30.0
2015-03-11 16:32:53,34,-34.0
2015-03-11 16:37:53,34,-34.0
2015-03-11 16:42:53,23,-23.0
2015-03-11 16:47:53,23,-23.0
2015-03-11 16:52:53,39,-39.0
2015-03-11 16:57:53,29,-29.0
2015-03-11 17:02:53,29,-29.0
2015-03-11 17:07:53,27,-27.0
2015-03-11 17:12:53,31,-31.0
2015-03-11 17:17:53,28,-28.0
2015-03-11 17:22:53,12,-12.0
2015-03-11 17:27:53,37,-37.0
2015-03-11 17:32:53,27,-27.0
2015-03-11 17:37:53,40,-40.0
2015-03-11 17:42:53,30,-30.0
2015-03-11 17:47:53,50,-50.0
2015-03-11 17:52:53,56,-56.0
2015-03-11 17:57:53,64,-64.0
2015-03-11 18:02:53,49,-49.0
2015-03-11 18:07:53,59,-59.0
2015-03-11 18:12:53,48,-48.0
2015-03-11 18:17:53,34,-34.0
2015-03-11 18:22:53,29,-29.0
2015-03-11 18:27:53,30,-30.0
2015-03-11 18:32:53,39,-39.0
2015-03-11 18:37:53,89,-89.0
2015-03-11 18:42:53,56,-56.0
2015-03-11 18:47:53,42,-42.0
2015-03-11 18:52:53,46,-46.0
2015-03-11 18:57:53,47,-47.0
2015-03-11 19:02:53,36,-36.0
2015-03-11 19:07:53,35,-35.0
2015-03-11 19:12:53,20,-20.0
2015-03-11 19:17:53,19,-19.0
2015-03-11 19:22:53,29,-29.0
2015-03-11 19:27:53,29,-29.0
2015-03-11 19:32:53,36,-36.0
2015-03-11 19:37:53,22,-22.0
2015-03-11 19:42:53,54,-54.0
2015-03-11 19:47:53,41,-41.0
2015-03-11 19:52:53,30,-30.0
2015-03-11 19:57:53,36,-36.0
2015-03-11 20:02:53,40,-40.0
2015-03-11 20:07:53,43,-43.0
2015-03-11 20:12:53,28,-28.0
2015-03-11 20:17:53,43,-43.0
2015-03-11 20:22:53,24,-24.0
2015-03-11 20:27:53,27,-27.0
2015-03-11 20:32:53,28,-28.0
2015-03-11 20:37:53,19,-19.0
2015-03-11 20:42:53,39,-39.0
2015-03-11 20:47:53,56,-56.0
2015-03-11 20:52:53,36,-36.0
2015-03-11 20:57:53,36,-36.0
2015-03-11 21:02:53,28,-28.0
2015-03-11 21:07:53,33,-33.0
2015-03-11 21:12:53,34,-34.0
2015-03-11 21:17:53,23,-23.0
2015-03-11 21:22:53,16,-16.0
2015-03-11 21:27:53,27,-27.0
2015-03-11 21:32:53,24,-24.0
2015-03-11 21:37:53,27,-27.0
2015-03-11 21:42:53,23,-23.0
2015-03-11 21:47:53,24,-24.0
2015-03-11 21:52:53,18,-18.0
2015-03-11 21:57:53,39,-39.0
2015-03-11 22:02:53,18,-18.0
2015-03-11 22:07:53,12,-12.0
2015-03-11 22:12:53,24,-24.0
2015-03-11 22:17:53,39,-39.0
2015-03-11 22:22:53,34,-34.0
2015-03-11 22:27:53,32,-32.0
2015-03-11 22:32:53,32,-32.0
2015-03-11 22:37:53,18,-18.0
2015-03-11 22:42:53,22,-22.0
2015-03-11 22:47:53,17,-17.0
2015-03-11 22:52:53,21,-21.0
2015-03-11 22:57:53,27,-27.0
2015-03-11 23:02:53,21,-21.0
2015-03-11 23:07:53,22,-22.0
2015-03-11 23:12:53,12,-12.0
2015-03-11 23:17:53,22,-22.0
2015-03-11 23:22:53,11,-11.0
2015-03-11 23:27:53,17,-17.0
2015-03-11 23:32:53,20,-20.0
2015-03-11 23:37:53,16,-16.0
2015-03-11 23:42:53,17,-17.0
2015-03-11 23:47:53,13,-13.0
2015-03-11 23:52:53,16,-16.0
2015-03-11 23:57:53,50,-50.0
2015-03-12 00:02:53,21,-21.0
2015-03-12 00:07:53,29,-29.0
2015-03-12 00:12:53,31,-31.0
2015-03-12 00:17:53,25,-25.0
2015-03-12 00:22:53,19,-19.0
2015-03-12 00:27:53,17,-17.0
2015-03-12 00:32:53,15,-15.0
2015-03-12 00:37:53,22,-22.0
2015-03-12 00:42:53,15,-15.0
2015-03-12 00:47:53,9,-9.0
2015-03-12 00:52:53,15,-15.0
2015-03-12 00:57:53,21,-21.0
2015-03-12 01:02:53,22,-22.0
2015-03-12 01:07:53,7,-7.0
2015-03-12 01:12:53,21,-21.0
2015-03-12 01:17:53,18,-18.0
2015-03-12 01:22:53,17,-17.0
2015-03-12 01:27:53,15,-15.0
2015-03-12 01:32:53,14,-14.0
2015-03-12 01:37:53,15,-15.0
2015-03-12 01:42:53,13,-13.0
2015-03-12 01:47:53,12,-12.0
2015-03-12 01:52:53,28,-28.0
2015-03-12 01:57:53,24,-24.0
2015-03-12 02:02:53,8,-8.0
2015-03-12 02:07:53,15,-15.0
2015-03-12 02:12:53,12,-12.0
2015-03-12 02:17:53,16,-16.0
2015-03-12 02:22:53,18,-18.0
2015-03-12 02:27:53,18,-18.0
2015-03-12 02:32:53,9,-9.0
2015-03-12 02:37:53,10,-10.0
2015-03-12 02:42:53,23,-23.0
2015-03-12 02:47:53,14,-14.0
2015-03-12 02:52:53,19,-19.0
2015-03-12 02:57:53,14,-14.0
2015-03-12 03:02:53,17,-17.0
2015-03-12 03:07:53,13,-13.0
2015-03-12 03:12:53,3,-3.0
2015-03-12 03:17:53,6,-6.0
2015-03-12 03:22:53,19,-19.0
2015-03-12 03:27:53,9,-9.0
2015-03-12 03:32:53,6,-6.0
2015-03-12 03:37:53,11,-11.0
2015-03-12 03:42:53,14,-14.0
2015-03-12 03:47:53,14,-14.0
2015-03-12 03:52:53,11,-11.0
2015-03-12 03:57:53,16,-16.0
2015-03-12 04:02:53,14,-14.0
2015-03-12 04:07:53,14,-14.0
2015-03-12 04:12:53,22,-22.0
2015-03-12 04:17:53,7,-7.0
2015-03-12 04:22:53,21,-21.0
2015-03-12 04:27:53,17,-17.0
2015-03-12 04:32:53,7,-7.0
2015-03-12 04:37:53,7,-7.0
2015-03-12 04:42:53,9,-9.0
2015-03-12 04:47:53,15,-15.0
2015-03-12 04:52:53,10,-10.0
2015-03-12 04:57:53,21,-21.0
2015-03-12 05:02:53,11,-11.0
2015-03-12 05:07:53,7,-7.0
2015-03-12 05:12:53,6,-6.0
2015-03-12 05:17:53,15,-15.0
2015-03-12 05:22:53,8,-8.0
2015-03-12 05:27:53,1,-1.0
2015-03-12 05:32:53,0,0.0
2015-03-12 05:37:53,2,-2.0
2015-03-12 05:42:53,13,-13.0
2015-03-12 05:47:53,7,-7.0
2015-03-12 05:52:53,6,-6.0
2015-03-12 05:57:53,16,-16.0
2015-03-12 06:02:53,9,-9.0
2015-03-12 06:07:53,21,-21.0
2015-03-12 06:12:53,12,-12.0
2015-03-12 06:17:53,13,-13.0
2015-03-12 06:22:53,4,-4.0
2015-03-12 06:27:53,12,-12.0
2015-03-12 06:32:53,9,-9.0
2015-03-12 06:37:53,15,-15.0
2015-03-12 06:42:53,8,-8.0
2015-03-12 06:47:53,15,-15.0
2015-03-12 06:52:53,13,-13.0
2015-03-12 06:57:53,14,-14.0
2015-03-12 07:02:53,9,-9.0
2015-03-12 07:07:53,15,-15.0
2015-03-12 07:12:53,10,-10.0
2015-03-12 07:17:53,8,-8.0
2015-03-12 07:22:53,8,-8.0
2015-03-12 07:27:53,20,-20.0
2015-03-12 07:32:53,21,-21.0
2015-03-12 07:37:53,20,-20.0
2015-03-12 07:42:53,11,-11.0
2015-03-12 07:47:53,9,-9.0
2015-03-12 07:52:53,11,-11.0
2015-03-12 07:57:53,18,-18.0
2015-03-12 08:02:53,20,-20.0
2015-03-12 08:07:53,13,-13.0
2015-03-12 08:12:53,10,-10.0
2015-03-12 08:17:53,11,-11.0
2015-03-12 08:22:53,13,-13.0
2015-03-12 08:27:53,12,-12.0
2015-03-12 08:32:53,11,-11.0
2015-03-12 08:37:53,19,-19.0
2015-03-12 08:42:53,15,-15.0
2015-03-12 08:47:53,18,-18.0
2015-03-12 08:52:53,10,-10.0
2015-03-12 08:57:53,14,-14.0
2015-03-12 09:02:53,27,-27.0
2015-03-12 09:07:53,50,-50.0
2015-03-12 09:12:53,24,-24.0
2015-03-12 09:17:53,11,-11.0
2015-03-12 09:22:53,2,-2.0
2015-03-12 09:27:53,4,-4.0
2015-03-12 09:32:53,9,-9.0
2015-03-12 09:37:53,9,-9.0
2015-03-12 09:42:53,15,-15.0
2015-03-12 09:47:53,11,-11.0
2015-03-12 09:52:53,9,-9.0
2015-03-12 09:57:53,19,-19.0
2015-03-12 10:02:53,22,-22.0
2015-03-12 10:07:53,23,-23.0
2015-03-12 10:12:53,11,-11.0
2015-03-12 10:17:53,25,-25.0
2015-03-12 10:22:53,25,-25.0
2015-03-12 10:27:53,19,-19.0
2015-03-12 10:32:53,20,-20.0
2015-03-12 10:37:53,23,-23.0
2015-03-12 10:42:53,23,-23.0
2015-03-12 10:47:53,16,-16.0
2015-03-12 10:52:53,17,-17.0
2015-03-12 10:57:53,21,-21.0
2015-03-12 11:02:53,22,-22.0
2015-03-12 11:07:53,14,-14.0
2015-03-12 11:12:53,18,-18.0
2015-03-12 11:17:53,17,-17.0
2015-03-12 11:22:53,23,-23.0
2015-03-12 11:27:53,16,-16.0
2015-03-12 11:32:53,25,-25.0
2015-03-12 11:37:53,20,-20.0
2015-03-12 11:42:53,23,-23.0
2015-03-12 11:47:53,14,-14.0
2015-03-12 11:52:53,25,-25.0
2015-03-12 11:57:53,19,-19.0
2015-03-12 12:02:53,21,-21.0
2015-03-12 12:07:53,18,-18.0
2015-03-12 12:12:53,14,-14.0
2015-03-12 12:17:53,11,-11.0
2015-03-12 12:22:53,17,-17.0
2015-03-12 12:27:53,26,-26.0
2015-03-12 12:32:53,35,-35.0
2015-03-12 12:37:53,25,-25.0
2015-03-12 12:42:53,19,-19.0
2015-03-12 12:47:53,14,-14.0
2015-03-12 12:52:53,23,-23.0
2015-03-12 12:57:53,30,-30.0
2015-03-12 13:02:53,38,-38.0
2015-03-12 13:07:53,21,-21.0
2015-03-12 13:12:53,12,-12.0
2015-03-12 13:17:53,29,-29.0
2015-03-12 13:22:53,20,-20.0
2015-03-12 13:27:53,29,-29.0
2015-03-12 13:32:53,27,-27.0
2015-03-12 13:37:53,13,-13.0
2015-03-12 13:42:53,14,-14.0
2015-03-12 13:47:53,23,-23.0
2015-03-12 13:52:53,19,-19.0
2015-03-12 13:57:53,20,-20.0
2015-03-12 14:02:53,37,-37.0
2015-03-12 14:07:53,27,-27.0
2015-03-12 14:12:53,29,-29.0
2015-03-12 14:17:53,29,-29.0
2015-03-12 14:22:53,33,-33.0
2015-03-12 14:27:53,30,-30.0
2015-03-12 14:32:53,35,-35.0
2015-03-12 14:37:53,29,-29.0
2015-03-12 14:42:53,26,-26.0
2015-03-12 14:47:53,29,-29.0
2015-03-12 14:52:53,27,-27.0
2015-03-12 14:57:53,37,-37.0
2015-03-12 15:02:53,30,-30.0
2015-03-12 15:07:53,25,-25.0
2015-03-12 15:12:53,29,-29.0
2015-03-12 15:17:53,24,-24.0
2015-03-12 15:22:53,24,-24.0
2015-03-12 15:27:53,27,-27.0
2015-03-12 15:32:53,34,-34.0
2015-03-12 15:37:53,17,-17.0
2015-03-12 15:42:53,25,-25.0
2015-03-12 15:47:53,17,-17.0
2015-03-12 15:52:53,30,-30.0
2015-03-12 15:57:53,34,-34.0
2015-03-12 16:02:53,23,-23.0
2015-03-12 16:07:53,26,-26.0
2015-03-12 16:12:53,29,-29.0
2015-03-12 16:17:53,32,-32.0
2015-03-12 16:22:53,33,-33.0
2015-03-12 16:27:53,28,-28.0
2015-03-12 16:32:53,30,-30.0
2015-03-12 16:37:53,37,-37.0
2015-03-12 16:42:53,27,-27.0
2015-03-12 16:47:53,18,-18.0
2015-03-12 16:52:53,33,-33.0
2015-03-12 16:57:53,20,-20.0
2015-03-12 17:02:53,31,-31.0
2015-03-12 17:07:53,40,-40.0
2015-03-12 17:12:53,67,-67.0
2015-03-12 17:17:53,44,-44.0
2015-03-12 17:22:53,44,-44.0
2015-03-12 17:27:53,35,-35.0
2015-03-12 17:32:53,27,-27.0
2015-03-12 17:37:53,28,-28.0
2015-03-12 17:42:53,36,-36.0
2015-03-12 17:47:53,23,-23.0
2015-03-12 17:52:53,18,-18.0
2015-03-12 17:57:53,29,-29.0
2015-03-12 18:02:53,21,-21.0
2015-03-12 18:07:53,16,-16.0
2015-03-12 18:12:53,29,-29.0
2015-03-12 18:17:53,20,-20.0
2015-03-12 18:22:53,27,-27.0
2015-03-12 18:27:53,33,-33.0
2015-03-12 18:32:53,26,-26.0
2015-03-12 18:37:53,32,-32.0
2015-03-12 18:42:53,27,-27.0
2015-03-12 18:47:53,24,-24.0
2015-03-12 18:52:53,25,-25.0
2015-03-12 18:57:53,30,-30.0
2015-03-12 19:02:53,34,-34.0
2015-03-12 19:07:53,20,-20.0
2015-03-12 19:12:53,25,-25.0
2015-03-12 19:17:53,23,-23.0
2015-03-12 19:22:53,15,-15.0
2015-03-12 19:27:53,30,-30.0
2015-03-12 19:32:53,21,-21.0
2015-03-12 19:37:53,21,-21.0
2015-03-12 19:42:53,26,-26.0
2015-03-12 19:47:53,26,-26.0
2015-03-12 19:52:53,29,-29.0
2015-03-12 19:57:53,39,-39.0
2015-03-12 20:02:53,34,-34.0
2015-03-12 20:07:53,28,-28.0
2015-03-12 20:12:53,21,-21.0
2015-03-12 20:17:53,16,-16.0
2015-03-12 20:22:53,36,-36.0
2015-03-12 20:27:53,25,-25.0
2015-03-12 20:32:53,19,-19.0
2015-03-12 20:37:53,24,-24.0
2015-03-12 20:42:53,14,-14.0
2015-03-12 20:47:53,16,-16.0
2015-03-12 20:52:53,27,-27.0
2015-03-12 20:57:53,17,-17.0
2015-03-12 21:02:53,24,-24.0
2015-03-12 21:07:53,15,-15.0
2015-03-12 21:12:53,12,-12.0
2015-03-12 21:17:53,17,-17.0
2015-03-12 21:22:53,21,-21.0
2015-03-12 21:27:53,22,-22.0
2015-03-12 21:32:53,14,-14.0
2015-03-12 21:37:53,12,-12.0
2015-03-12 21:42:53,33,-33.0
2015-03-12 21:47:53,18,-18.0
2015-03-12 21:52:53,24,-24.0
2015-03-12 21:57:53,20,-20.0
2015-03-12 22:02:53,27,-27.0
2015-03-12 22:07:53,21,-21.0
2015-03-12 22:12:53,26,-26.0
2015-03-12 22:17:53,21,-21.0
2015-03-12 22:22:53,32,-32.0
2015-03-12 22:27:53,26,-26.0
2015-03-12 22:32:53,18,-18.0
2015-03-12 22:37:53,14,-14.0
2015-03-12 22:42:53,18,-18.0
2015-03-12 22:47:53,16,-16.0
2015-03-12 22:52:53,17,-17.0
2015-03-12 22:57:53,13,-13.0
2015-03-12 23:02:53,13,-13.0
2015-03-12 23:07:53,10,-10.0
2015-03-12 23:12:53,17,-17.0
2015-03-12 23:17:53,11,-11.0
2015-03-12 23:22:53,7,-7.0
2015-03-12 23:27:53,17,-17.0
2015-03-12 23:32:53,14,-14.0
2015-03-12 23:37:53,24,-24.0
2015-03-12 23:42:53,15,-15.0
2015-03-12 23:47:53,15,-15.0
2015-03-12 23:52:53,9,-9.0
2015-03-12 23:57:53,14,-14.0
2015-03-13 00:02:53,8,-8.0
2015-03-13 00:07:53,15,-15.0
2015-03-13 00:12:53,11,-11.0
2015-03-13 00:17:53,11,-11.0
2015-03-13 00:22:53,8,-8.0
2015-03-13 00:27:53,15,-15.0
2015-03-13 00:32:53,15,-15.0
2015-03-13 00:37:53,12,-12.0
2015-03-13 00:42:53,6,-6.0
2015-03-13 00:47:53,8,-8.0
2015-03-13 00:52:53,10,-10.0
2015-03-13 00:57:53,20,-20.0
2015-03-13 01:02:53,15,-15.0
2015-03-13 01:07:53,16,-16.0
2015-03-13 01:12:53,33,-33.0
2015-03-13 01:17:53,11,-11.0
2015-03-13 01:22:53,24,-24.0
2015-03-13 01:27:53,12,-12.0
2015-03-13 01:32:53,10,-10.0
2015-03-13 01:37:53,12,-12.0
2015-03-13 01:42:53,12,-12.0
2015-03-13 01:47:53,15,-15.0
2015-03-13 01:52:53,16,-16.0
2015-03-13 01:57:53,5,-5.0
2015-03-13 02:02:53,29,-29.0
2015-03-13 02:07:53,12,-12.0
2015-03-13 02:12:53,7,-7.0
2015-03-13 02:17:53,54,-54.0
2015-03-13 02:22:53,56,-56.0
2015-03-13 02:27:53,31,-31.0
2015-03-13 02:32:53,25,-25.0
2015-03-13 02:37:53,22,-22.0
2015-03-13 02:42:53,22,-22.0
2015-03-13 02:47:53,19,-19.0
2015-03-13 02:52:53,10,-10.0
2015-03-13 02:57:53,30,-30.0
2015-03-13 03:02:53,10,-10.0
2015-03-13 03:07:53,20,-20.0
2015-03-13 03:12:53,31,-31.0
2015-03-13 03:17:53,6,-6.0
2015-03-13 03:22:53,12,-12.0
2015-03-13 03:27:53,20,-20.0
2015-03-13 03:32:53,18,-18.0
2015-03-13 03:37:53,15,-15.0
2015-03-13 03:42:53,15,-15.0
2015-03-13 03:47:53,12,-12.0
2015-03-13 03:52:53,19,-19.0
2015-03-13 03:57:53,13,-13.0
2015-03-13 04:02:53,5,-5.0
2015-03-13 04:07:53,13,-13.0
2015-03-13 04:12:53,12,-12.0
2015-03-13 04:17:53,14,-14.0
2015-03-13 04:22:53,8,-8.0
2015-03-13 04:27:53,21,-21.0
2015-03-13 04:32:53,19,-19.0
2015-03-13 04:37:53,9,-9.0
2015-03-13 04:42:53,13,-13.0
2015-03-13 04:47:53,13,-13.0
2015-03-13 04:52:53,11,-11.0
2015-03-13 04:57:53,12,-12.0
2015-03-13 05:02:53,9,-9.0
2015-03-13 05:07:53,20,-20.0
2015-03-13 05:12:53,17,-17.0
2015-03-13 05:17:53,15,-15.0
2015-03-13 05:22:53,2,-2.0
2015-03-13 05:27:53,14,-14.0
2015-03-13 05:32:53,4,-4.0
2015-03-13 05:37:53,18,-18.0
2015-03-13 05:42:53,9,-9.0
2015-03-13 05:47:53,7,-7.0
2015-03-13 05:52:53,18,-18.0
2015-03-13 05:57:53,12,-12.0
2015-03-13 06:02:53,18,-18.0
2015-03-13 06:07:53,7,-7.0
2015-03-13 06:12:53,10,-10.0
2015-03-13 06:17:53,10,-10.0
2015-03-13 06:22:53,16,-16.0
2015-03-13 06:27:53,10,-10.0
2015-03-13 06:32:53,4,-4.0
2015-03-13 06:37:53,11,-11.0
2015-03-13 06:42:53,11,-11.0
2015-03-13 06:47:53,16,-16.0
2015-03-13 06:52:53,21,-21.0
2015-03-13 06:57:53,11,-11.0
2015-03-13 07:02:53,6,-6.0
2015-03-13 07:07:53,12,-12.0
2015-03-13 07:12:53,15,-15.0
2015-03-13 07:17:53,4,-4.0
2015-03-13 07:22:53,12,-12.0
2015-03-13 07:27:53,8,-8.0
2015-03-13 07:32:53,7,-7.0
2015-03-13 07:37:53,18,-18.0
2015-03-13 07:42:53,7,-7.0
2015-03-13 07:47:53,15,-15.0
2015-03-13 07:52:53,18,-18.0
2015-03-13 07:57:53,10,-10.0
2015-03-13 08:02:53,14,-14.0
2015-03-13 08:07:53,9,-9.0
2015-03-13 08:12:53,14,-14.0
2015-03-13 08:17:53,17,-17.0
2015-03-13 08:22:53,13,-13.0
2015-03-13 08:27:53,13,-13.0
2015-03-13 08:32:53,14,-14.0
2015-03-13 08:37:53,16,-16.0
2015-03-13 08:42:53,9,-9.0
2015-03-13 08:47:53,15,-15.0
2015-03-13 08:52:53,13,-13.0
2015-03-13 08:57:53,11,-11.0
2015-03-13 09:02:53,10,-10.0
2015-03-13 09:07:53,16,-16.0
2015-03-13 09:12:53,12,-12.0
2015-03-13 09:17:53,15,-15.0
2015-03-13 09:22:53,11,-11.0
2015-03-13 09:27:53,15,-15.0
2015-03-13 09:32:53,13,-13.0
2015-03-13 09:37:53,5,-5.0
2015-03-13 09:42:53,21,-21.0
2015-03-13 09:47:53,19,-19.0
2015-03-13 09:52:53,16,-16.0
2015-03-13 09:57:53,19,-19.0
2015-03-13 10:02:53,7,-7.0
2015-03-13 10:07:53,6,-6.0
2015-03-13 10:12:53,25,-25.0
2015-03-13 10:17:53,12,-12.0
2015-03-13 10:22:53,13,-13.0
2015-03-13 10:27:53,15,-15.0
2015-03-13 10:32:53,11,-11.0
2015-03-13 10:37:53,8,-8.0
2015-03-13 10:42:53,25,-25.0
2015-03-13 10:47:53,20,-20.0
2015-03-13 10:52:53,21,-21.0
2015-03-13 10:57:53,10,-10.0
2015-03-13 11:02:53,14,-14.0
2015-03-13 11:07:53,12,-12.0
2015-03-13 11:12:53,24,-24.0
2015-03-13 11:17:53,11,-11.0
2015-03-13 11:22:53,32,-32.0
2015-03-13 11:27:53,16,-16.0
2015-03-13 11:32:53,17,-17.0
2015-03-13 11:37:53,15,-15.0
2015-03-13 11:42:53,16,-16.0
2015-03-13 11:47:53,21,-21.0
2015-03-13 11:52:53,15,-15.0
2015-03-13 11:57:53,19,-19.0
2015-03-13 12:02:53,15,-15.0
2015-03-13 12:07:53,12,-12.0
2015-03-13 12:12:53,20,-20.0
2015-03-13 12:17:53,26,-26.0
2015-03-13 12:22:53,26,-26.0
2015-03-13 12:27:53,17,-17.0
2015-03-13 12:32:53,31,-31.0
2015-03-13 12:37:53,24,-24.0
2015-03-13 12:42:53,24,-24.0
2015-03-13 12:47:53,25,-25.0
2015-03-13 12:52:53,23,-23.0
2015-03-13 12:57:53,26,-26.0
2015-03-13 13:02:53,24,-24.0
2015-03-13 13:07:53,25,-25.0
2015-03-13 13:12:53,30,-30.0
2015-03-13 13:17:53,25,-25.0
2015-03-13 13:22:53,18,-18.0
2015-03-13 13:27:53,32,-32.0
2015-03-13 13:32:53,21,-21.0
2015-03-13 13:37:53,23,-23.0
2015-03-13 13:42:53,19,-19.0
2015-03-13 13:47:53,30,-30.0
2015-03-13 13:52:53,31,-31.0
2015-03-13 13:57:53,30,-30.0
2015-03-13 14:02:53,28,-28.0
2015-03-13 14:07:53,19,-19.0
2015-03-13 14:12:53,18,-18.0
2015-03-13 14:17:53,33,-33.0
2015-03-13 14:22:53,34,-34.0
2015-03-13 14:27:53,37,-37.0
2015-03-13 14:32:53,38,-38.0
2015-03-13 14:37:53,41,-41.0
2015-03-13 14:42:53,36,-36.0
2015-03-13 14:47:53,28,-28.0
2015-03-13 14:52:53,27,-27.0
2015-03-13 14:57:53,31,-31.0
2015-03-13 15:02:53,23,-23.0
2015-03-13 15:07:53,27,-27.0
2015-03-13 15:12:53,18,-18.0
2015-03-13 15:17:53,19,-19.0
2015-03-13 15:22:53,25,-25.0
2015-03-13 15:27:53,29,-29.0
2015-03-13 15:32:53,23,-23.0
2015-03-13 15:37:53,23,-23.0
2015-03-13 15:42:53,38,-38.0
2015-03-13 15:47:53,32,-32.0
2015-03-13 15:52:53,24,-24.0
2015-03-13 15:57:53,33,-33.0
2015-03-13 16:02:53,47,-47.0
2015-03-13 16:07:53,28,-28.0
2015-03-13 16:12:53,44,-44.0
2015-03-13 16:17:53,30,-30.0
2015-03-13 16:22:53,31,-31.0
2015-03-13 16:27:53,36,-36.0
2015-03-13 16:32:53,23,-23.0
2015-03-13 16:37:53,22,-22.0
2015-03-13 16:42:53,23,-23.0
2015-03-13 16:47:53,21,-21.0
2015-03-13 16:52:53,23,-23.0
2015-03-13 16:57:53,37,-37.0
2015-03-13 17:02:53,21,-21.0
2015-03-13 17:07:53,25,-25.0
2015-03-13 17:12:53,36,-36.0
2015-03-13 17:17:53,20,-20.0
2015-03-13 17:22:53,31,-31.0
2015-03-13 17:27:53,18,-18.0
2015-03-13 17:32:53,20,-20.0
2015-03-13 17:37:53,22,-22.0
2015-03-13 17:42:53,21,-21.0
2015-03-13 17:47:53,17,-17.0
2015-03-13 17:52:53,73,-73.0
2015-03-13 17:57:53,25,-25.0
2015-03-13 18:02:53,42,-42.0
2015-03-13 18:07:53,31,-31.0
2015-03-13 18:12:53,34,-34.0
2015-03-13 18:17:53,40,-40.0
2015-03-13 18:22:53,13,-13.0
2015-03-13 18:27:53,24,-24.0
2015-03-13 18:32:53,30,-30.0
2015-03-13 18:37:53,32,-32.0
2015-03-13 18:42:53,26,-26.0
2015-03-13 18:47:53,27,-27.0
2015-03-13 18:52:53,32,-32.0
2015-03-13 18:57:53,23,-23.0
2015-03-13 19:02:53,40,-40.0
2015-03-13 19:07:53,50,-50.0
2015-03-13 19:12:53,75,-75.0
2015-03-13 19:17:53,61,-61.0
2015-03-13 19:22:53,43,-43.0
2015-03-13 19:27:53,52,-52.0
2015-03-13 19:32:53,55,-55.0
2015-03-13 19:37:53,56,-56.0
2015-03-13 19:42:53,43,-43.0
2015-03-13 19:47:53,38,-38.0
2015-03-13 19:52:53,49,-49.0
2015-03-13 19:57:53,134,-134.0
2015-03-13 20:02:53,54,-54.0
2015-03-13 20:07:53,68,-68.0
2015-03-13 20:12:53,276,-276.0
2015-03-13 20:17:53,157,-157.0
2015-03-13 20:22:53,452,-452.0
2015-03-13 20:27:53,295,-295.0
2015-03-13 20:32:53,94,-94.0
2015-03-13 20:37:53,224,-224.0
2015-03-13 20:42:53,94,-94.0
2015-03-13 20:47:53,227,-227.0
2015-03-13 20:52:53,78,-78.0
2015-03-13 20:57:53,411,-411.0
2015-03-13 21:02:53,327,-327.0
2015-03-13 21:07:53,210,-210.0
2015-03-13 21:12:53,141,-141.0
2015-03-13 21:17:53,73,-73.0
2015-03-13 21:22:53,128,-128.0
2015-03-13 21:27:53,268,-268.0
2015-03-13 21:32:53,29,-29.0
2015-03-13 21:37:53,14,-14.0
2015-03-13 21:42:53,17,-17.0
2015-03-13 21:47:53,18,-18.0
2015-03-13 21:52:53,16,-16.0
2015-03-13 21:57:53,26,-26.0
2015-03-13 22:02:53,27,-27.0
2015-03-13 22:07:53,15,-15.0
2015-03-13 22:12:53,21,-21.0
2015-03-13 22:17:53,16,-16.0
2015-03-13 22:22:53,16,-16.0
2015-03-13 22:27:53,33,-33.0
2015-03-13 22:32:53,27,-27.0
2015-03-13 22:37:53,14,-14.0
2015-03-13 22:42:53,13,-13.0
2015-03-13 22:47:53,34,-34.0
2015-03-13 22:52:53,21,-21.0
2015-03-13 22:57:53,31,-31.0
2015-03-13 23:02:53,14,-14.0
2015-03-13 23:07:53,20,-20.0
2015-03-13 23:12:53,27,-27.0
2015-03-13 23:17:53,31,-31.0
2015-03-13 23:22:53,22,-22.0
2015-03-13 23:27:53,21,-21.0
2015-03-13 23:32:53,9,-9.0
2015-03-13 23:37:53,23,-23.0
2015-03-13 23:42:53,22,-22.0
2015-03-13 23:47:53,9,-9.0
2015-03-13 23:52:53,23,-23.0
2015-03-13 23:57:53,11,-11.0
2015-03-14 00:02:53,22,-22.0
2015-03-14 00:07:53,13,-13.0
2015-03-14 00:12:53,15,-15.0
2015-03-14 00:17:53,11,-11.0
2015-03-14 00:22:53,11,-11.0
2015-03-14 00:27:53,11,-11.0
2015-03-14 00:32:53,14,-14.0
2015-03-14 00:37:53,21,-21.0
2015-03-14 00:42:53,9,-9.0
2015-03-14 00:47:53,15,-15.0
2015-03-14 00:52:53,12,-12.0
2015-03-14 00:57:53,10,-10.0
2015-03-14 01:02:53,12,-12.0
2015-03-14 01:07:53,19,-19.0
2015-03-14 01:12:53,15,-15.0
2015-03-14 01:17:53,12,-12.0
2015-03-14 01:22:53,12,-12.0
2015-03-14 01:27:53,12,-12.0
2015-03-14 01:32:53,7,-7.0
2015-03-14 01:37:53,9,-9.0
2015-03-14 01:42:53,10,-10.0
2015-03-14 01:47:53,12,-12.0
2015-03-14 01:52:53,21,-21.0
2015-03-14 01:57:53,12,-12.0
2015-03-14 02:02:53,16,-16.0
2015-03-14 02:07:53,13,-13.0
2015-03-14 02:12:53,7,-7.0
2015-03-14 02:17:53,12,-12.0
2015-03-14 02:22:53,24,-24.0
2015-03-14 02:27:53,11,-11.0
2015-03-14 02:32:53,15,-15.0
2015-03-14 02:37:53,10,-10.0
2015-03-14 02:42:53,8,-8.0
2015-03-14 02:47:53,7,-7.0
2015-03-14 02:52:53,8,-8.0
2015-03-14 02:57:53,20,-20.0
2015-03-14 03:02:53,12,-12.0
2015-03-14 03:07:53,12,-12.0
2015-03-14 03:12:53,7,-7.0
2015-03-14 03:17:53,4,-4.0
2015-03-14 03:22:53,5,-5.0
2015-03-14 03:27:53,5,-5.0
2015-03-14 03:32:53,20,-20.0
2015-03-14 03:37:53,17,-17.0
2015-03-14 03:42:53,15,-15.0
2015-03-14 03:47:53,12,-12.0
2015-03-14 03:52:53,8,-8.0
2015-03-14 03:57:53,12,-12.0
2015-03-14 04:02:53,11,-11.0
2015-03-14 04:07:53,7,-7.0
2015-03-14 04:12:53,10,-10.0
2015-03-14 04:17:53,10,-10.0
2015-03-14 04:22:53,13,-13.0
2015-03-14 04:27:53,8,-8.0
2015-03-14 04:32:53,10,-10.0
2015-03-14 04:37:53,3,-3.0
2015-03-14 04:42:53,14,-14.0
2015-03-14 04:47:53,11,-11.0
2015-03-14 04:52:53,8,-8.0
2015-03-14 04:57:53,14,-14.0
2015-03-14 05:02:53,12,-12.0
2015-03-14 05:07:53,6,-6.0
2015-03-14 05:12:53,6,-6.0
2015-03-14 05:17:53,1,-1.0
2015-03-14 05:22:53,10,-10.0
2015-03-14 05:27:53,7,-7.0
2015-03-14 05:32:53,15,-15.0
2015-03-14 05:37:53,8,-8.0
2015-03-14 05:42:53,7,-7.0
2015-03-14 05:47:53,14,-14.0
2015-03-14 05:52:53,8,-8.0
2015-03-14 05:57:53,5,-5.0
2015-03-14 06:02:53,17,-17.0
2015-03-14 06:07:53,8,-8.0
2015-03-14 06:12:53,7,-7.0
2015-03-14 06:17:53,4,-4.0
2015-03-14 06:22:53,8,-8.0
2015-03-14 06:27:53,5,-5.0
2015-03-14 06:32:53,6,-6.0
2015-03-14 06:37:53,3,-3.0
2015-03-14 06:42:53,10,-10.0
2015-03-14 06:47:53,8,-8.0
2015-03-14 06:52:53,10,-10.0
2015-03-14 06:57:53,13,-13.0
2015-03-14 07:02:53,9,-9.0
2015-03-14 07:07:53,7,-7.0
2015-03-14 07:12:53,6,-6.0
2015-03-14 07:17:53,10,-10.0
2015-03-14 07:22:53,3,-3.0
2015-03-14 07:27:53,7,-7.0
2015-03-14 07:32:53,8,-8.0
2015-03-14 07:37:53,5,-5.0
2015-03-14 07:42:53,5,-5.0
2015-03-14 07:47:53,7,-7.0
2015-03-14 07:52:53,9,-9.0
2015-03-14 07:57:53,7,-7.0
2015-03-14 08:02:53,9,-9.0
2015-03-14 08:07:53,11,-11.0
2015-03-14 08:12:53,4,-4.0
2015-03-14 08:17:53,4,-4.0
2015-03-14 08:22:53,5,-5.0
2015-03-14 08:27:53,6,-6.0
2015-03-14 08:32:53,4,-4.0
2015-03-14 08:37:53,4,-4.0
2015-03-14 08:42:53,10,-10.0
2015-03-14 08:47:53,3,-3.0
2015-03-14 08:52:53,9,-9.0
2015-03-14 08:57:53,6,-6.0
2015-03-14 09:02:53,8,-8.0
2015-03-14 09:07:53,4,-4.0
2015-03-14 09:12:53,10,-10.0
2015-03-14 09:17:53,6,-6.0
2015-03-14 09:22:53,10,-10.0
2015-03-14 09:27:53,6,-6.0
2015-03-14 09:32:53,5,-5.0
2015-03-14 09:37:53,8,-8.0
2015-03-14 09:42:53,6,-6.0
2015-03-14 09:47:53,4,-4.0
2015-03-14 09:52:53,11,-11.0
2015-03-14 09:57:53,7,-7.0
2015-03-14 10:02:53,8,-8.0
2015-03-14 10:07:53,9,-9.0
2015-03-14 10:12:53,7,-7.0
2015-03-14 10:17:53,3,-3.0
2015-03-14 10:22:53,2,-2.0
2015-03-14 10:27:53,8,-8.0
2015-03-14 10:32:53,10,-10.0
2015-03-14 10:37:53,14,-14.0
2015-03-14 10:42:53,10,-10.0
2015-03-14 10:47:53,4,-4.0
2015-03-14 10:52:53,4,-4.0
2015-03-14 10:57:53,6,-6.0
2015-03-14 11:02:53,4,-4.0
2015-03-14 11:07:53,6,-6.0
2015-03-14 11:12:53,6,-6.0
2015-03-14 11:17:53,7,-7.0
2015-03-14 11:22:53,18,-18.0
2015-03-14 11:27:53,14,-14.0
2015-03-14 11:32:53,19,-19.0
2015-03-14 11:37:53,6,-6.0
2015-03-14 11:42:53,5,-5.0
2015-03-14 11:47:53,9,-9.0
2015-03-14 11:52:53,9,-9.0
2015-03-14 11:57:53,9,-9.0
2015-03-14 12:02:53,14,-14.0
2015-03-14 12:07:53,7,-7.0
2015-03-14 12:12:53,4,-4.0
2015-03-14 12:17:53,9,-9.0
2015-03-14 12:22:53,10,-10.0
2015-03-14 12:27:53,5,-5.0
2015-03-14 12:32:53,7,-7.0
2015-03-14 12:37:53,8,-8.0
2015-03-14 12:42:53,7,-7.0
2015-03-14 12:47:53,9,-9.0
2015-03-14 12:52:53,11,-11.0
2015-03-14 12:57:53,18,-18.0
2015-03-14 13:02:53,26,-26.0
2015-03-14 13:07:53,14,-14.0
2015-03-14 13:12:53,10,-10.0
2015-03-14 13:17:53,18,-18.0
2015-03-14 13:22:53,16,-16.0
2015-03-14 13:27:53,18,-18.0
2015-03-14 13:32:53,31,-31.0
2015-03-14 13:37:53,13,-13.0
2015-03-14 13:42:53,17,-17.0
2015-03-14 13:47:53,16,-16.0
2015-03-14 13:52:53,10,-10.0
2015-03-14 13:57:53,12,-12.0
2015-03-14 14:02:53,10,-10.0
2015-03-14 14:07:53,10,-10.0
2015-03-14 14:12:53,8,-8.0
2015-03-14 14:17:53,21,-21.0
2015-03-14 14:22:53,10,-10.0
2015-03-14 14:27:53,9,-9.0
2015-03-14 14:32:53,10,-10.0
2015-03-14 14:37:53,19,-19.0
2015-03-14 14:42:53,9,-9.0
2015-03-14 14:47:53,17,-17.0
2015-03-14 14:52:53,11,-11.0
2015-03-14 14:57:53,10,-10.0
2015-03-14 15:02:53,10,-10.0
2015-03-14 15:07:53,13,-13.0
2015-03-14 15:12:53,9,-9.0
2015-03-14 15:17:53,11,-11.0
2015-03-14 15:22:53,11,-11.0
2015-03-14 15:27:53,9,-9.0
2015-03-14 15:32:53,7,-7.0
2015-03-14 15:37:53,10,-10.0
2015-03-14 15:42:53,11,-11.0
2015-03-14 15:47:53,6,-6.0
2015-03-14 15:52:53,23,-23.0
2015-03-14 15:57:53,12,-12.0
2015-03-14 16:02:53,16,-16.0
2015-03-14 16:07:53,22,-22.0
2015-03-14 16:12:53,25,-25.0
2015-03-14 16:17:53,24,-24.0
2015-03-14 16:22:53,178,-178.0
2015-03-14 16:27:53,287,-287.0
2015-03-14 16:32:53,164,-164.0
2015-03-14 16:37:53,135,-135.0
2015-03-14 16:42:53,111,-111.0
2015-03-14 16:47:53,78,-78.0
2015-03-14 16:52:53,68,-68.0
2015-03-14 16:57:53,65,-65.0
2015-03-14 17:02:53,66,-66.0
2015-03-14 17:07:53,50,-50.0
2015-03-14 17:12:53,52,-52.0
2015-03-14 17:17:53,57,-57.0
2015-03-14 17:22:53,47,-47.0
2015-03-14 17:27:53,34,-34.0
2015-03-14 17:32:53,47,-47.0
2015-03-14 17:37:53,30,-30.0
2015-03-14 17:42:53,30,-30.0
2015-03-14 17:47:53,35,-35.0
2015-03-14 17:52:53,39,-39.0
2015-03-14 17:57:53,165,-165.0
2015-03-14 18:02:53,264,-264.0
2015-03-14 18:07:53,28,-28.0
2015-03-14 18:12:53,36,-36.0
2015-03-14 18:17:53,41,-41.0
2015-03-14 18:22:53,35,-35.0
2015-03-14 18:27:53,28,-28.0
2015-03-14 18:32:53,16,-16.0
2015-03-14 18:37:53,23,-23.0
2015-03-14 18:42:53,23,-23.0
2015-03-14 18:47:53,20,-20.0
2015-03-14 18:52:53,20,-20.0
2015-03-14 18:57:53,21,-21.0
2015-03-14 19:02:53,32,-32.0
2015-03-14 19:07:53,21,-21.0
2015-03-14 19:12:53,23,-23.0
2015-03-14 19:17:53,14,-14.0
2015-03-14 19:22:53,26,-26.0
2015-03-14 19:27:53,11,-11.0
2015-03-14 19:32:53,24,-24.0
2015-03-14 19:37:53,19,-19.0
2015-03-14 19:42:53,14,-14.0
2015-03-14 19:47:53,240,-240.0
2015-03-14 19:52:53,92,-92.0
2015-03-14 19:57:53,29,-29.0
2015-03-14 20:02:53,34,-34.0
2015-03-14 20:07:53,16,-16.0
2015-03-14 20:12:53,14,-14.0
2015-03-14 20:17:53,20,-20.0
2015-03-14 20:22:53,14,-14.0
2015-03-14 20:27:53,13,-13.0
2015-03-14 20:32:53,18,-18.0
2015-03-14 20:37:53,22,-22.0
2015-03-14 20:42:53,12,-12.0
2015-03-14 20:47:53,25,-25.0
2015-03-14 20:52:53,10,-10.0
2015-03-14 20:57:53,13,-13.0
2015-03-14 21:02:53,20,-20.0
2015-03-14 21:07:53,19,-19.0
2015-03-14 21:12:53,12,-12.0
2015-03-14 21:17:53,18,-18.0
2015-03-14 21:22:53,16,-16.0
2015-03-14 21:27:53,30,-30.0
2015-03-14 21:32:53,17,-17.0
2015-03-14 21:37:53,11,-11.0
2015-03-14 21:42:53,36,-36.0
2015-03-14 21:47:53,14,-14.0
2015-03-14 21:52:53,19,-19.0
2015-03-14 21:57:53,13,-13.0
2015-03-14 22:02:53,19,-19.0
2015-03-14 22:07:53,22,-22.0
2015-03-14 22:12:53,21,-21.0
2015-03-14 22:17:53,19,-19.0
2015-03-14 22:22:53,16,-16.0
2015-03-14 22:27:53,12,-12.0
2015-03-14 22:32:53,15,-15.0
2015-03-14 22:37:53,20,-20.0
2015-03-14 22:42:53,16,-16.0
2015-03-14 22:47:53,12,-12.0
2015-03-14 22:52:53,13,-13.0
2015-03-14 22:57:53,17,-17.0
2015-03-14 23:02:53,13,-13.0
2015-03-14 23:07:53,7,-7.0
2015-03-14 23:12:53,12,-12.0
2015-03-14 23:17:53,19,-19.0
2015-03-14 23:22:53,6,-6.0
2015-03-14 23:27:53,11,-11.0
2015-03-14 23:32:53,12,-12.0
2015-03-14 23:37:53,18,-18.0
2015-03-14 23:42:53,15,-15.0
2015-03-14 23:47:53,9,-9.0
2015-03-14 23:52:53,14,-14.0
2015-03-14 23:57:53,10,-10.0
2015-03-15 00:02:53,13,-13.0
2015-03-15 00:07:53,12,-12.0
2015-03-15 00:12:53,14,-14.0
2015-03-15 00:17:53,12,-12.0
2015-03-15 00:22:53,4,-4.0
2015-03-15 00:27:53,7,-7.0
2015-03-15 00:32:53,5,-5.0
2015-03-15 00:37:53,14,-14.0
2015-03-15 00:42:53,4,-4.0
2015-03-15 00:47:53,13,-13.0
2015-03-15 00:52:53,13,-13.0
2015-03-15 00:57:53,11,-11.0
2015-03-15 01:02:53,10,-10.0
2015-03-15 01:07:53,15,-15.0
2015-03-15 01:12:53,13,-13.0
2015-03-15 01:17:53,7,-7.0
2015-03-15 01:22:53,4,-4.0
2015-03-15 01:27:53,6,-6.0
2015-03-15 01:32:53,10,-10.0
2015-03-15 01:37:53,11,-11.0
2015-03-15 01:42:53,8,-8.0
2015-03-15 01:47:53,11,-11.0
2015-03-15 01:52:53,4,-4.0
2015-03-15 01:57:53,14,-14.0
2015-03-15 02:02:53,10,-10.0
2015-03-15 02:07:53,8,-8.0
2015-03-15 02:12:53,10,-10.0
2015-03-15 02:17:53,11,-11.0
2015-03-15 02:22:53,8,-8.0
2015-03-15 02:27:53,8,-8.0
2015-03-15 02:32:53,7,-7.0
2015-03-15 02:37:53,8,-8.0
2015-03-15 02:42:53,4,-4.0
2015-03-15 02:47:53,12,-12.0
2015-03-15 02:52:53,13,-13.0
2015-03-15 02:57:53,13,-13.0
2015-03-15 03:02:53,10,-10.0
2015-03-15 03:07:53,12,-12.0
2015-03-15 03:12:53,9,-9.0
2015-03-15 03:17:53,12,-12.0
2015-03-15 03:22:53,7,-7.0
2015-03-15 03:27:53,8,-8.0
2015-03-15 03:32:53,20,-20.0
2015-03-15 03:37:53,5,-5.0
2015-03-15 03:42:53,16,-16.0
2015-03-15 03:47:53,12,-12.0
2015-03-15 03:52:53,7,-7.0
2015-03-15 03:57:53,8,-8.0
2015-03-15 04:02:53,10,-10.0
2015-03-15 04:07:53,16,-16.0
2015-03-15 04:12:53,7,-7.0
2015-03-15 04:17:53,7,-7.0
2015-03-15 04:22:53,13,-13.0
2015-03-15 04:27:53,10,-10.0
2015-03-15 04:32:53,5,-5.0
2015-03-15 04:37:53,6,-6.0
2015-03-15 04:42:53,10,-10.0
2015-03-15 04:47:53,7,-7.0
2015-03-15 04:52:53,14,-14.0
2015-03-15 04:57:53,5,-5.0
2015-03-15 05:02:53,7,-7.0
2015-03-15 05:07:53,3,-3.0
2015-03-15 05:12:53,8,-8.0
2015-03-15 05:17:53,6,-6.0
2015-03-15 05:22:53,9,-9.0
2015-03-15 05:27:53,11,-11.0
2015-03-15 05:32:53,11,-11.0
2015-03-15 05:37:53,5,-5.0
2015-03-15 05:42:53,3,-3.0
2015-03-15 05:47:53,5,-5.0
2015-03-15 05:52:53,4,-4.0
2015-03-15 05:57:53,15,-15.0
2015-03-15 06:02:53,7,-7.0
2015-03-15 06:07:53,8,-8.0
2015-03-15 06:12:53,5,-5.0
2015-03-15 06:17:53,4,-4.0
2015-03-15 06:22:53,8,-8.0
2015-03-15 06:27:53,5,-5.0
2015-03-15 06:32:53,11,-11.0
2015-03-15 06:37:53,14,-14.0
2015-03-15 06:42:53,5,-5.0
2015-03-15 06:47:53,5,-5.0
2015-03-15 06:52:53,11,-11.0
2015-03-15 06:57:53,12,-12.0
2015-03-15 07:02:53,4,-4.0
2015-03-15 07:07:53,12,-12.0
2015-03-15 07:12:53,9,-9.0
2015-03-15 07:17:53,2,-2.0
2015-03-15 07:22:53,10,-10.0
2015-03-15 07:27:53,6,-6.0
2015-03-15 07:32:53,2,-2.0
2015-03-15 07:37:53,8,-8.0
2015-03-15 07:42:53,11,-11.0
2015-03-15 07:47:53,7,-7.0
2015-03-15 07:52:53,6,-6.0
2015-03-15 07:57:53,11,-11.0
2015-03-15 08:02:53,2,-2.0
2015-03-15 08:07:53,8,-8.0
2015-03-15 08:12:53,7,-7.0
2015-03-15 08:17:53,6,-6.0
2015-03-15 08:22:53,9,-9.0
2015-03-15 08:27:53,7,-7.0
2015-03-15 08:32:53,2,-2.0
2015-03-15 08:37:53,8,-8.0
2015-03-15 08:42:53,7,-7.0
2015-03-15 08:47:53,15,-15.0
2015-03-15 08:52:53,5,-5.0
2015-03-15 08:57:53,32,-32.0
2015-03-15 09:02:53,29,-29.0
2015-03-15 09:07:53,29,-29.0
2015-03-15 09:12:53,15,-15.0
2015-03-15 09:17:53,14,-14.0
2015-03-15 09:22:53,21,-21.0
2015-03-15 09:27:53,26,-26.0
2015-03-15 09:32:53,18,-18.0
2015-03-15 09:37:53,17,-17.0
2015-03-15 09:42:53,24,-24.0
2015-03-15 09:47:53,18,-18.0
2015-03-15 09:52:53,9,-9.0
2015-03-15 09:57:53,10,-10.0
2015-03-15 10:02:53,9,-9.0
2015-03-15 10:07:53,9,-9.0
2015-03-15 10:12:53,22,-22.0
2015-03-15 10:17:53,12,-12.0
2015-03-15 10:22:53,12,-12.0
2015-03-15 10:27:53,13,-13.0
2015-03-15 10:32:53,10,-10.0
2015-03-15 10:37:53,9,-9.0
2015-03-15 10:42:53,9,-9.0
2015-03-15 10:47:53,5,-5.0
2015-03-15 10:52:53,13,-13.0
2015-03-15 10:57:53,5,-5.0
2015-03-15 11:02:53,13,-13.0
2015-03-15 11:07:53,6,-6.0
2015-03-15 11:12:53,9,-9.0
2015-03-15 11:17:53,10,-10.0
2015-03-15 11:22:53,10,-10.0
2015-03-15 11:27:53,9,-9.0
2015-03-15 11:32:53,6,-6.0
2015-03-15 11:37:53,15,-15.0
2015-03-15 11:42:53,7,-7.0
2015-03-15 11:47:53,7,-7.0
2015-03-15 11:52:53,24,-24.0
2015-03-15 11:57:53,29,-29.0
2015-03-15 12:02:53,21,-21.0
2015-03-15 12:07:53,14,-14.0
2015-03-15 12:12:53,12,-12.0
2015-03-15 12:17:53,11,-11.0
2015-03-15 12:22:53,9,-9.0
2015-03-15 12:27:53,15,-15.0
2015-03-15 12:32:53,11,-11.0
2015-03-15 12:37:53,10,-10.0
2015-03-15 12:42:53,7,-7.0
2015-03-15 12:47:53,3,-3.0
2015-03-15 12:52:53,10,-10.0
2015-03-15 12:57:53,12,-12.0
2015-03-15 13:02:53,6,-6.0
2015-03-15 13:07:53,15,-15.0
2015-03-15 13:12:53,12,-12.0
2015-03-15 13:17:53,12,-12.0
2015-03-15 13:22:53,2,-2.0
2015-03-15 13:27:53,8,-8.0
2015-03-15 13:32:53,9,-9.0
2015-03-15 13:37:53,5,-5.0
2015-03-15 13:42:53,11,-11.0
2015-03-15 13:47:53,7,-7.0
2015-03-15 13:52:53,5,-5.0
2015-03-15 13:57:53,13,-13.0
2015-03-15 14:02:53,17,-17.0
2015-03-15 14:07:53,20,-20.0
2015-03-15 14:12:53,12,-12.0
2015-03-15 14:17:53,8,-8.0
2015-03-15 14:22:53,3,-3.0
2015-03-15 14:27:53,14,-14.0
2015-03-15 14:32:53,10,-10.0
2015-03-15 14:37:53,9,-9.0
2015-03-15 14:42:53,15,-15.0
2015-03-15 14:47:53,4,-4.0
2015-03-15 14:52:53,4,-4.0
2015-03-15 14:57:53,13,-13.0
2015-03-15 15:02:53,11,-11.0
2015-03-15 15:07:53,14,-14.0
2015-03-15 15:12:53,4,-4.0
2015-03-15 15:17:53,8,-8.0
2015-03-15 15:22:53,11,-11.0
2015-03-15 15:27:53,12,-12.0
2015-03-15 15:32:53,9,-9.0
2015-03-15 15:37:53,13,-13.0
2015-03-15 15:42:53,13,-13.0
2015-03-15 15:47:53,24,-24.0
2015-03-15 15:52:53,12,-12.0
2015-03-15 15:57:53,12,-12.0
2015-03-15 16:02:53,13,-13.0
2015-03-15 16:07:53,14,-14.0
2015-03-15 16:12:53,12,-12.0
2015-03-15 16:17:53,6,-6.0
2015-03-15 16:22:53,11,-11.0
2015-03-15 16:27:53,15,-15.0
2015-03-15 16:32:53,10,-10.0
2015-03-15 16:37:53,15,-15.0
2015-03-15 16:42:53,13,-13.0
2015-03-15 16:47:53,18,-18.0
2015-03-15 16:52:53,21,-21.0
2015-03-15 16:57:53,24,-24.0
2015-03-15 17:02:53,13,-13.0
2015-03-15 17:07:53,18,-18.0
2015-03-15 17:12:53,15,-15.0
2015-03-15 17:17:53,17,-17.0
2015-03-15 17:22:53,10,-10.0
2015-03-15 17:27:53,11,-11.0
2015-03-15 17:32:53,12,-12.0
2015-03-15 17:37:53,10,-10.0
2015-03-15 17:42:53,10,-10.0
2015-03-15 17:47:53,12,-12.0
2015-03-15 17:52:53,12,-12.0
2015-03-15 17:57:53,12,-12.0
2015-03-15 18:02:53,18,-18.0
2015-03-15 18:07:53,13,-13.0
2015-03-15 18:12:53,16,-16.0
2015-03-15 18:17:53,12,-12.0
2015-03-15 18:22:53,11,-11.0
2015-03-15 18:27:53,17,-17.0
2015-03-15 18:32:53,7,-7.0
2015-03-15 18:37:53,19,-19.0
2015-03-15 18:42:53,7,-7.0
2015-03-15 18:47:53,22,-22.0
2015-03-15 18:52:53,17,-17.0
2015-03-15 18:57:53,22,-22.0
2015-03-15 19:02:53,30,-30.0
2015-03-15 19:07:53,13,-13.0
2015-03-15 19:12:53,16,-16.0
2015-03-15 19:17:53,17,-17.0
2015-03-15 19:22:53,12,-12.0
2015-03-15 19:27:53,10,-10.0
2015-03-15 19:32:53,16,-16.0
2015-03-15 19:37:53,20,-20.0
2015-03-15 19:42:53,17,-17.0
2015-03-15 19:47:53,21,-21.0
2015-03-15 19:52:53,16,-16.0
2015-03-15 19:57:53,12,-12.0
2015-03-15 20:02:53,23,-23.0
2015-03-15 20:07:53,38,-38.0
2015-03-15 20:12:53,23,-23.0
2015-03-15 20:17:53,31,-31.0
2015-03-15 20:22:53,58,-58.0
2015-03-15 20:27:53,50,-50.0
2015-03-15 20:32:53,51,-51.0
2015-03-15 20:37:53,80,-80.0
2015-03-15 20:42:53,90,-90.0
2015-03-15 20:47:53,80,-80.0
2015-03-15 20:52:53,91,-91.0
2015-03-15 20:57:53,57,-57.0
2015-03-15 21:02:53,62,-62.0
2015-03-15 21:07:53,91,-91.0
2015-03-15 21:12:53,99,-99.0
2015-03-15 21:17:53,72,-72.0
2015-03-15 21:22:53,75,-75.0
2015-03-15 21:27:53,80,-80.0
2015-03-15 21:32:53,74,-74.0
2015-03-15 21:37:53,36,-36.0
2015-03-15 21:42:53,50,-50.0
2015-03-15 21:47:53,57,-57.0
2015-03-15 21:52:53,70,-70.0
2015-03-15 21:57:53,23,-23.0
2015-03-15 22:02:53,19,-19.0
2015-03-15 22:07:53,13,-13.0
2015-03-15 22:12:53,25,-25.0
2015-03-15 22:17:53,20,-20.0
2015-03-15 22:22:53,14,-14.0
2015-03-15 22:27:53,14,-14.0
2015-03-15 22:32:53,24,-24.0
2015-03-15 22:37:53,22,-22.0
2015-03-15 22:42:53,26,-26.0
2015-03-15 22:47:53,30,-30.0
2015-03-15 22:52:53,17,-17.0
2015-03-15 22:57:53,19,-19.0
2015-03-15 23:02:53,9,-9.0
2015-03-15 23:07:53,9,-9.0
2015-03-15 23:12:53,7,-7.0
2015-03-15 23:17:53,8,-8.0
2015-03-15 23:22:53,8,-8.0
2015-03-15 23:27:53,9,-9.0
2015-03-15 23:32:53,9,-9.0
2015-03-15 23:37:53,11,-11.0
2015-03-15 23:42:53,8,-8.0
2015-03-15 23:47:53,9,-9.0
2015-03-15 23:52:53,10,-10.0
2015-03-15 23:57:53,6,-6.0
2015-03-16 00:02:53,14,-14.0
2015-03-16 00:07:53,13,-13.0
2015-03-16 00:12:53,11,-11.0
2015-03-16 00:17:53,3,-3.0
2015-03-16 00:22:53,6,-6.0
2015-03-16 00:27:53,10,-10.0
2015-03-16 00:32:53,8,-8.0
2015-03-16 00:37:53,10,-10.0
2015-03-16 00:42:53,7,-7.0
2015-03-16 00:47:53,2,-2.0
2015-03-16 00:52:53,7,-7.0
2015-03-16 00:57:53,13,-13.0
2015-03-16 01:02:53,29,-29.0
2015-03-16 01:07:53,17,-17.0
2015-03-16 01:12:53,12,-12.0
2015-03-16 01:17:53,13,-13.0
2015-03-16 01:22:53,18,-18.0
2015-03-16 01:27:53,27,-27.0
2015-03-16 01:32:53,22,-22.0
2015-03-16 01:37:53,29,-29.0
2015-03-16 01:42:53,12,-12.0
2015-03-16 01:47:53,14,-14.0
2015-03-16 01:52:53,10,-10.0
2015-03-16 01:57:53,18,-18.0
2015-03-16 02:02:53,11,-11.0
2015-03-16 02:07:53,16,-16.0
2015-03-16 02:12:53,9,-9.0
2015-03-16 02:17:53,17,-17.0
2015-03-16 02:22:53,13,-13.0
2015-03-16 02:27:53,7,-7.0
2015-03-16 02:32:53,10,-10.0
2015-03-16 02:37:53,14,-14.0
2015-03-16 02:42:53,8,-8.0
2015-03-16 02:47:53,13,-13.0
2015-03-16 02:52:53,6,-6.0
2015-03-16 02:57:53,5,-5.0
2015-03-16 03:02:53,9,-9.0
2015-03-16 03:07:53,9,-9.0
2015-03-16 03:12:53,6,-6.0
2015-03-16 03:17:53,12,-12.0
2015-03-16 03:22:53,10,-10.0
2015-03-16 03:27:53,13,-13.0
2015-03-16 03:32:53,4,-4.0
2015-03-16 03:37:53,7,-7.0
2015-03-16 03:42:53,14,-14.0
2015-03-16 03:47:53,15,-15.0
2015-03-16 03:52:53,7,-7.0
2015-03-16 03:57:53,11,-11.0
2015-03-16 04:02:53,13,-13.0
2015-03-16 04:07:53,11,-11.0
2015-03-16 04:12:53,10,-10.0
2015-03-16 04:17:53,5,-5.0
2015-03-16 04:22:53,2,-2.0
2015-03-16 04:27:53,7,-7.0
2015-03-16 04:32:53,8,-8.0
2015-03-16 04:37:53,9,-9.0
2015-03-16 04:42:53,11,-11.0
2015-03-16 04:47:53,7,-7.0
2015-03-16 04:52:53,9,-9.0
2015-03-16 04:57:53,7,-7.0
2015-03-16 05:02:53,4,-4.0
2015-03-16 05:07:53,13,-13.0
2015-03-16 05:12:53,5,-5.0
2015-03-16 05:17:53,1,-1.0
2015-03-16 05:22:53,10,-10.0
2015-03-16 05:27:53,6,-6.0
2015-03-16 05:32:53,11,-11.0
2015-03-16 05:37:53,3,-3.0
2015-03-16 05:42:53,8,-8.0
2015-03-16 05:47:53,16,-16.0
2015-03-16 05:52:53,2,-2.0
2015-03-16 05:57:53,9,-9.0
2015-03-16 06:02:53,8,-8.0
2015-03-16 06:07:53,8,-8.0
2015-03-16 06:12:53,5,-5.0
2015-03-16 06:17:53,10,-10.0
2015-03-16 06:22:53,17,-17.0
2015-03-16 06:27:53,7,-7.0
2015-03-16 06:32:53,7,-7.0
2015-03-16 06:37:53,10,-10.0
2015-03-16 06:42:53,5,-5.0
2015-03-16 06:47:53,4,-4.0
2015-03-16 06:52:53,8,-8.0
2015-03-16 06:57:53,15,-15.0
2015-03-16 07:02:53,8,-8.0
2015-03-16 07:07:53,7,-7.0
2015-03-16 07:12:53,5,-5.0
2015-03-16 07:17:53,11,-11.0
2015-03-16 07:22:53,4,-4.0
2015-03-16 07:27:53,12,-12.0
2015-03-16 07:32:53,7,-7.0
2015-03-16 07:37:53,3,-3.0
2015-03-16 07:42:53,6,-6.0
2015-03-16 07:47:53,5,-5.0
2015-03-16 07:52:53,7,-7.0
2015-03-16 07:57:53,7,-7.0
2015-03-16 08:02:53,8,-8.0
2015-03-16 08:07:53,6,-6.0
2015-03-16 08:12:53,4,-4.0
2015-03-16 08:17:53,13,-13.0
2015-03-16 08:22:53,14,-14.0
2015-03-16 08:27:53,5,-5.0
2015-03-16 08:32:53,7,-7.0
2015-03-16 08:37:53,21,-21.0
2015-03-16 08:42:53,7,-7.0
2015-03-16 08:47:53,10,-10.0
2015-03-16 08:52:53,9,-9.0
2015-03-16 08:57:53,8,-8.0
2015-03-16 09:02:53,5,-5.0
2015-03-16 09:07:53,15,-15.0
2015-03-16 09:12:53,12,-12.0
2015-03-16 09:17:53,13,-13.0
2015-03-16 09:22:53,18,-18.0
2015-03-16 09:27:53,21,-21.0
2015-03-16 09:32:53,8,-8.0
2015-03-16 09:37:53,9,-9.0
2015-03-16 09:42:53,16,-16.0
2015-03-16 09:47:53,7,-7.0
2015-03-16 09:52:53,9,-9.0
2015-03-16 09:57:53,13,-13.0
2015-03-16 10:02:53,8,-8.0
2015-03-16 10:07:53,10,-10.0
2015-03-16 10:12:53,5,-5.0
2015-03-16 10:17:53,7,-7.0
2015-03-16 10:22:53,13,-13.0
2015-03-16 10:27:53,10,-10.0
2015-03-16 10:32:53,6,-6.0
2015-03-16 10:37:53,22,-22.0
2015-03-16 10:42:53,12,-12.0
2015-03-16 10:47:53,16,-16.0
2015-03-16 10:52:53,16,-16.0
2015-03-16 10:57:53,14,-14.0
2015-03-16 11:02:53,8,-8.0
2015-03-16 11:07:53,13,-13.0
2015-03-16 11:12:53,4,-4.0
2015-03-16 11:17:53,6,-6.0
2015-03-16 11:22:53,11,-11.0
2015-03-16 11:27:53,20,-20.0
2015-03-16 11:32:53,5,-5.0
2015-03-16 11:37:53,4,-4.0
2015-03-16 11:42:53,12,-12.0
2015-03-16 11:47:53,11,-11.0
2015-03-16 11:52:53,19,-19.0
2015-03-16 11:57:53,17,-17.0
2015-03-16 12:02:53,18,-18.0
2015-03-16 12:07:53,8,-8.0
2015-03-16 12:12:53,14,-14.0
2015-03-16 12:17:53,16,-16.0
2015-03-16 12:22:53,20,-20.0
2015-03-16 12:27:53,26,-26.0
2015-03-16 12:32:53,38,-38.0
2015-03-16 12:37:53,52,-52.0
2015-03-16 12:42:53,6,-6.0
2015-03-16 12:47:53,11,-11.0
2015-03-16 12:52:53,16,-16.0
2015-03-16 12:57:53,29,-29.0
2015-03-16 13:02:53,22,-22.0
2015-03-16 13:07:53,23,-23.0
2015-03-16 13:12:53,18,-18.0
2015-03-16 13:17:53,16,-16.0
2015-03-16 13:22:53,10,-10.0
2015-03-16 13:27:53,23,-23.0
2015-03-16 13:32:53,17,-17.0
2015-03-16 13:37:53,19,-19.0
2015-03-16 13:42:53,26,-26.0
2015-03-16 13:47:53,23,-23.0
2015-03-16 13:52:53,13,-13.0
2015-03-16 13:57:53,19,-19.0
2015-03-16 14:02:53,14,-14.0
2015-03-16 14:07:53,23,-23.0
2015-03-16 14:12:53,15,-15.0
2015-03-16 14:17:53,24,-24.0
2015-03-16 14:22:53,25,-25.0
2015-03-16 14:27:53,17,-17.0
2015-03-16 14:32:53,15,-15.0
2015-03-16 14:37:53,13,-13.0
2015-03-16 14:42:53,19,-19.0
2015-03-16 14:47:53,14,-14.0
2015-03-16 14:52:53,26,-26.0
2015-03-16 14:57:53,22,-22.0
2015-03-16 15:02:53,18,-18.0
2015-03-16 15:07:53,11,-11.0
2015-03-16 15:12:53,16,-16.0
2015-03-16 15:17:53,20,-20.0
2015-03-16 15:22:53,28,-28.0
2015-03-16 15:27:53,25,-25.0
2015-03-16 15:32:53,21,-21.0
2015-03-16 15:37:53,24,-24.0
2015-03-16 15:42:53,20,-20.0
2015-03-16 15:47:53,21,-21.0
2015-03-16 15:52:53,29,-29.0
2015-03-16 15:57:53,45,-45.0
2015-03-16 16:02:53,19,-19.0
2015-03-16 16:07:53,26,-26.0
2015-03-16 16:12:53,19,-19.0
2015-03-16 16:17:53,23,-23.0
2015-03-16 16:22:53,15,-15.0
2015-03-16 16:27:53,19,-19.0
2015-03-16 16:32:53,20,-20.0
2015-03-16 16:37:53,16,-16.0
2015-03-16 16:42:53,25,-25.0
2015-03-16 16:47:53,13,-13.0
2015-03-16 16:52:53,30,-30.0
2015-03-16 16:57:53,29,-29.0
2015-03-16 17:02:53,36,-36.0
2015-03-16 17:07:53,21,-21.0
2015-03-16 17:12:53,24,-24.0
2015-03-16 17:17:53,52,-52.0
2015-03-16 17:22:53,63,-63.0
2015-03-16 17:27:53,61,-61.0
2015-03-16 17:32:53,43,-43.0
2015-03-16 17:37:53,41,-41.0
2015-03-16 17:42:53,37,-37.0
2015-03-16 17:47:53,21,-21.0
2015-03-16 17:52:53,22,-22.0
2015-03-16 17:57:53,52,-52.0
2015-03-16 18:02:53,41,-41.0
2015-03-16 18:07:53,54,-54.0
2015-03-16 18:12:53,35,-35.0
2015-03-16 18:17:53,28,-28.0
2015-03-16 18:22:53,26,-26.0
2015-03-16 18:27:53,33,-33.0
2015-03-16 18:32:53,19,-19.0
2015-03-16 18:37:53,20,-20.0
2015-03-16 18:42:53,22,-22.0
2015-03-16 18:47:53,35,-35.0
2015-03-16 18:52:53,28,-28.0
2015-03-16 18:57:53,28,-28.0
2015-03-16 19:02:53,23,-23.0
2015-03-16 19:07:53,22,-22.0
2015-03-16 19:12:53,22,-22.0
2015-03-16 19:17:53,19,-19.0
2015-03-16 19:22:53,15,-15.0
2015-03-16 19:27:53,34,-34.0
2015-03-16 19:32:53,25,-25.0
2015-03-16 19:37:53,27,-27.0
2015-03-16 19:42:53,23,-23.0
2015-03-16 19:47:53,16,-16.0
2015-03-16 19:52:53,25,-25.0
2015-03-16 19:57:53,17,-17.0
2015-03-16 20:02:53,19,-19.0
2015-03-16 20:07:53,26,-26.0
2015-03-16 20:12:53,34,-34.0
2015-03-16 20:17:53,17,-17.0
2015-03-16 20:22:53,22,-22.0
2015-03-16 20:27:53,34,-34.0
2015-03-16 20:32:53,24,-24.0
2015-03-16 20:37:53,19,-19.0
2015-03-16 20:42:53,32,-32.0
2015-03-16 20:47:53,34,-34.0
2015-03-16 20:52:53,22,-22.0
2015-03-16 20:57:53,20,-20.0
2015-03-16 21:02:53,17,-17.0
2015-03-16 21:07:53,15,-15.0
2015-03-16 21:12:53,21,-21.0
2015-03-16 21:17:53,11,-11.0
2015-03-16 21:22:53,17,-17.0
2015-03-16 21:27:53,54,-54.0
2015-03-16 21:32:53,26,-26.0
2015-03-16 21:37:53,37,-37.0
2015-03-16 21:42:53,32,-32.0
2015-03-16 21:47:53,20,-20.0
2015-03-16 21:52:53,31,-31.0
2015-03-16 21:57:53,27,-27.0
2015-03-16 22:02:53,22,-22.0
2015-03-16 22:07:53,17,-17.0
2015-03-16 22:12:53,24,-24.0
2015-03-16 22:17:53,18,-18.0
2015-03-16 22:22:53,21,-21.0
2015-03-16 22:27:53,29,-29.0
2015-03-16 22:32:53,19,-19.0
2015-03-16 22:37:53,24,-24.0
2015-03-16 22:42:53,21,-21.0
2015-03-16 22:47:53,12,-12.0
2015-03-16 22:52:53,18,-18.0
2015-03-16 22:57:53,22,-22.0
2015-03-16 23:02:53,19,-19.0
2015-03-16 23:07:53,11,-11.0
2015-03-16 23:12:53,13,-13.0
2015-03-16 23:17:53,12,-12.0
2015-03-16 23:22:53,25,-25.0
2015-03-16 23:27:53,11,-11.0
2015-03-16 23:32:53,20,-20.0
2015-03-16 23:37:53,22,-22.0
2015-03-16 23:42:53,20,-20.0
2015-03-16 23:47:53,13,-13.0
2015-03-16 23:52:53,17,-17.0
2015-03-16 23:57:53,18,-18.0
2015-03-17 00:02:53,29,-29.0
2015-03-17 00:07:53,15,-15.0
2015-03-17 00:12:53,11,-11.0
2015-03-17 00:17:53,19,-19.0
2015-03-17 00:22:53,14,-14.0
2015-03-17 00:27:53,14,-14.0
2015-03-17 00:32:53,18,-18.0
2015-03-17 00:37:53,7,-7.0
2015-03-17 00:42:53,23,-23.0
2015-03-17 00:47:53,22,-22.0
2015-03-17 00:52:53,15,-15.0
2015-03-17 00:57:53,36,-36.0
2015-03-17 01:02:53,17,-17.0
2015-03-17 01:07:53,21,-21.0
2015-03-17 01:12:53,34,-34.0
2015-03-17 01:17:53,18,-18.0
2015-03-17 01:22:53,19,-19.0
2015-03-17 01:27:53,20,-20.0
2015-03-17 01:32:53,22,-22.0
2015-03-17 01:37:53,16,-16.0
2015-03-17 01:42:53,21,-21.0
2015-03-17 01:47:53,19,-19.0
2015-03-17 01:52:53,31,-31.0
2015-03-17 01:57:53,17,-17.0
2015-03-17 02:02:53,12,-12.0
2015-03-17 02:07:53,10,-10.0
2015-03-17 02:12:53,11,-11.0
2015-03-17 02:17:53,15,-15.0
2015-03-17 02:22:53,10,-10.0
2015-03-17 02:27:53,17,-17.0
2015-03-17 02:32:53,16,-16.0
2015-03-17 02:37:53,20,-20.0
2015-03-17 02:42:53,33,-33.0
2015-03-17 02:47:53,12,-12.0
2015-03-17 02:52:53,3,-3.0
2015-03-17 02:57:53,6,-6.0
2015-03-17 03:02:53,16,-16.0
2015-03-17 03:07:53,8,-8.0
2015-03-17 03:12:53,8,-8.0
2015-03-17 03:17:53,11,-11.0
2015-03-17 03:22:53,10,-10.0
2015-03-17 03:27:53,17,-17.0
2015-03-17 03:32:53,18,-18.0
2015-03-17 03:37:53,20,-20.0
2015-03-17 03:42:53,11,-11.0
2015-03-17 03:47:53,8,-8.0
2015-03-17 03:52:53,11,-11.0
2015-03-17 03:57:53,9,-9.0
2015-03-17 04:02:53,16,-16.0
2015-03-17 04:07:53,27,-27.0
2015-03-17 04:12:53,17,-17.0
2015-03-17 04:17:53,14,-14.0
2015-03-17 04:22:53,6,-6.0
2015-03-17 04:27:53,11,-11.0
2015-03-17 04:32:53,13,-13.0
2015-03-17 04:37:53,9,-9.0
2015-03-17 04:42:53,14,-14.0
2015-03-17 04:47:53,19,-19.0
2015-03-17 04:52:53,13,-13.0
2015-03-17 04:57:53,19,-19.0
2015-03-17 05:02:53,10,-10.0
2015-03-17 05:07:53,14,-14.0
2015-03-17 05:12:53,18,-18.0
2015-03-17 05:17:53,13,-13.0
2015-03-17 05:22:53,10,-10.0
2015-03-17 05:27:53,14,-14.0
2015-03-17 05:32:53,11,-11.0
2015-03-17 05:37:53,7,-7.0
2015-03-17 05:42:53,16,-16.0
2015-03-17 05:47:53,12,-12.0
2015-03-17 05:52:53,12,-12.0
2015-03-17 05:57:53,23,-23.0
2015-03-17 06:02:53,16,-16.0
2015-03-17 06:07:53,19,-19.0
2015-03-17 06:12:53,22,-22.0
2015-03-17 06:17:53,5,-5.0
2015-03-17 06:22:53,18,-18.0
2015-03-17 06:27:53,17,-17.0
2015-03-17 06:32:53,7,-7.0
2015-03-17 06:37:53,13,-13.0
2015-03-17 06:42:53,14,-14.0
2015-03-17 06:47:53,14,-14.0
2015-03-17 06:52:53,14,-14.0
2015-03-17 06:57:53,12,-12.0
2015-03-17 07:02:53,11,-11.0
2015-03-17 07:07:53,20,-20.0
2015-03-17 07:12:53,12,-12.0
2015-03-17 07:17:53,12,-12.0
2015-03-17 07:22:53,8,-8.0
2015-03-17 07:27:53,11,-11.0
2015-03-17 07:32:53,8,-8.0
2015-03-17 07:37:53,3,-3.0
2015-03-17 07:42:53,13,-13.0
2015-03-17 07:47:53,10,-10.0
2015-03-17 07:52:53,15,-15.0
2015-03-17 07:57:53,16,-16.0
2015-03-17 08:02:53,17,-17.0
2015-03-17 08:07:53,17,-17.0
2015-03-17 08:12:53,16,-16.0
2015-03-17 08:17:53,23,-23.0
2015-03-17 08:22:53,14,-14.0
2015-03-17 08:27:53,7,-7.0
2015-03-17 08:32:53,4,-4.0
2015-03-17 08:37:53,10,-10.0
2015-03-17 08:42:53,14,-14.0
2015-03-17 08:47:53,11,-11.0
2015-03-17 08:52:53,11,-11.0
2015-03-17 08:57:53,15,-15.0
2015-03-17 09:02:53,12,-12.0
2015-03-17 09:07:53,19,-19.0
2015-03-17 09:12:53,17,-17.0
2015-03-17 09:17:53,22,-22.0
2015-03-17 09:22:53,14,-14.0
2015-03-17 09:27:53,18,-18.0
2015-03-17 09:32:53,15,-15.0
2015-03-17 09:37:53,15,-15.0
2015-03-17 09:42:53,21,-21.0
2015-03-17 09:47:53,27,-27.0
2015-03-17 09:52:53,11,-11.0
2015-03-17 09:57:53,11,-11.0
2015-03-17 10:02:53,18,-18.0
2015-03-17 10:07:53,9,-9.0
2015-03-17 10:12:53,14,-14.0
2015-03-17 10:17:53,27,-27.0
2015-03-17 10:22:53,12,-12.0
2015-03-17 10:27:53,14,-14.0
2015-03-17 10:32:53,14,-14.0
2015-03-17 10:37:53,27,-27.0
2015-03-17 10:42:53,12,-12.0
2015-03-17 10:47:53,15,-15.0
2015-03-17 10:52:53,11,-11.0
2015-03-17 10:57:53,22,-22.0
2015-03-17 11:02:53,19,-19.0
2015-03-17 11:07:53,27,-27.0
2015-03-17 11:12:53,15,-15.0
2015-03-17 11:17:53,15,-15.0
2015-03-17 11:22:53,25,-25.0
2015-03-17 11:27:53,36,-36.0
2015-03-17 11:32:53,18,-18.0
2015-03-17 11:37:53,8,-8.0
2015-03-17 11:42:53,13,-13.0
2015-03-17 11:47:53,14,-14.0
2015-03-17 11:52:53,18,-18.0
2015-03-17 11:57:53,20,-20.0
2015-03-17 12:02:53,18,-18.0
2015-03-17 12:07:53,22,-22.0
2015-03-17 12:12:53,18,-18.0
2015-03-17 12:17:53,15,-15.0
2015-03-17 12:22:53,11,-11.0
2015-03-17 12:27:53,22,-22.0
2015-03-17 12:32:53,20,-20.0
2015-03-17 12:37:53,30,-30.0
2015-03-17 12:42:53,18,-18.0
2015-03-17 12:47:53,20,-20.0
2015-03-17 12:52:53,16,-16.0
2015-03-17 12:57:53,22,-22.0
2015-03-17 13:02:53,28,-28.0
2015-03-17 13:07:53,21,-21.0
2015-03-17 13:12:53,16,-16.0
2015-03-17 13:17:53,21,-21.0
2015-03-17 13:22:53,28,-28.0
2015-03-17 13:27:53,17,-17.0
2015-03-17 13:32:53,23,-23.0
2015-03-17 13:37:53,20,-20.0
2015-03-17 13:42:53,13,-13.0
2015-03-17 13:47:53,26,-26.0
2015-03-17 13:52:53,26,-26.0
2015-03-17 13:57:53,46,-46.0
2015-03-17 14:02:53,41,-41.0
2015-03-17 14:07:53,38,-38.0
2015-03-17 14:12:53,37,-37.0
2015-03-17 14:17:53,30,-30.0
2015-03-17 14:22:53,37,-37.0
2015-03-17 14:27:53,30,-30.0
2015-03-17 14:32:53,35,-35.0
2015-03-17 14:37:53,61,-61.0
2015-03-17 14:42:53,86,-86.0
2015-03-17 14:47:53,38,-38.0
2015-03-17 14:52:53,43,-43.0
2015-03-17 14:57:53,42,-42.0
2015-03-17 15:02:53,46,-46.0
2015-03-17 15:07:53,39,-39.0
2015-03-17 15:12:53,39,-39.0
2015-03-17 15:17:53,51,-51.0
2015-03-17 15:22:53,45,-45.0
2015-03-17 15:27:53,53,-53.0
2015-03-17 15:32:53,52,-52.0
2015-03-17 15:37:53,37,-37.0
2015-03-17 15:42:53,43,-43.0
2015-03-17 15:47:53,35,-35.0
2015-03-17 15:52:53,38,-38.0
2015-03-17 15:57:53,31,-31.0
2015-03-17 16:02:53,45,-45.0
2015-03-17 16:07:53,24,-24.0
2015-03-17 16:12:53,43,-43.0
2015-03-17 16:17:53,52,-52.0
2015-03-17 16:22:53,34,-34.0
2015-03-17 16:27:53,32,-32.0
2015-03-17 16:32:53,44,-44.0
2015-03-17 16:37:53,28,-28.0
2015-03-17 16:42:53,27,-27.0
2015-03-17 16:47:53,27,-27.0
2015-03-17 16:52:53,33,-33.0
2015-03-17 16:57:53,30,-30.0
2015-03-17 17:02:53,26,-26.0
2015-03-17 17:07:53,52,-52.0
2015-03-17 17:12:53,53,-53.0
2015-03-17 17:17:53,37,-37.0
2015-03-17 17:22:53,37,-37.0
2015-03-17 17:27:53,35,-35.0
2015-03-17 17:32:53,29,-29.0
2015-03-17 17:37:53,35,-35.0
2015-03-17 17:42:53,31,-31.0
2015-03-17 17:47:53,27,-27.0
2015-03-17 17:52:53,28,-28.0
2015-03-17 17:57:53,34,-34.0
2015-03-17 18:02:53,29,-29.0
2015-03-17 18:07:53,22,-22.0
2015-03-17 18:12:53,30,-30.0
2015-03-17 18:17:53,18,-18.0
2015-03-17 18:22:53,26,-26.0
2015-03-17 18:27:53,39,-39.0
2015-03-17 18:32:53,33,-33.0
2015-03-17 18:37:53,22,-22.0
2015-03-17 18:42:53,53,-53.0
2015-03-17 18:47:53,100,-100.0
2015-03-17 18:52:53,78,-78.0
2015-03-17 18:57:53,52,-52.0
2015-03-17 19:02:53,51,-51.0
2015-03-17 19:07:53,52,-52.0
2015-03-17 19:12:53,52,-52.0
2015-03-17 19:17:53,43,-43.0
2015-03-17 19:22:53,41,-41.0
2015-03-17 19:27:53,49,-49.0
2015-03-17 19:32:53,41,-41.0
2015-03-17 19:37:53,57,-57.0
2015-03-17 19:42:53,49,-49.0
2015-03-17 19:47:53,48,-48.0
2015-03-17 19:52:53,34,-34.0
2015-03-17 19:57:53,37,-37.0
2015-03-17 20:02:53,34,-34.0
2015-03-17 20:07:53,22,-22.0
2015-03-17 20:12:53,44,-44.0
2015-03-17 20:17:53,69,-69.0
2015-03-17 20:22:53,46,-46.0
2015-03-17 20:27:53,24,-24.0
2015-03-17 20:32:53,23,-23.0
2015-03-17 20:37:53,17,-17.0
2015-03-17 20:42:53,21,-21.0
2015-03-17 20:47:53,23,-23.0
2015-03-17 20:52:53,26,-26.0
2015-03-17 20:57:53,24,-24.0
2015-03-17 21:02:53,36,-36.0
2015-03-17 21:07:53,31,-31.0
2015-03-17 21:12:53,37,-37.0
2015-03-17 21:17:53,23,-23.0
2015-03-17 21:22:53,23,-23.0
2015-03-17 21:27:53,33,-33.0
2015-03-17 21:32:53,64,-64.0
2015-03-17 21:37:53,65,-65.0
2015-03-17 21:42:53,30,-30.0
2015-03-17 21:47:53,30,-30.0
2015-03-17 21:52:53,29,-29.0
2015-03-17 21:57:53,24,-24.0
2015-03-17 22:02:53,43,-43.0
2015-03-17 22:07:53,26,-26.0
2015-03-17 22:12:53,24,-24.0
2015-03-17 22:17:53,15,-15.0
2015-03-17 22:22:53,19,-19.0
2015-03-17 22:27:53,26,-26.0
2015-03-17 22:32:53,38,-38.0
2015-03-17 22:37:53,44,-44.0
2015-03-17 22:42:53,26,-26.0
2015-03-17 22:47:53,22,-22.0
2015-03-17 22:52:53,24,-24.0
2015-03-17 22:57:53,16,-16.0
2015-03-17 23:02:53,17,-17.0
2015-03-17 23:07:53,11,-11.0
2015-03-17 23:12:53,41,-41.0
2015-03-17 23:17:53,18,-18.0
2015-03-17 23:22:53,30,-30.0
2015-03-17 23:27:53,45,-45.0
2015-03-17 23:32:53,29,-29.0
2015-03-17 23:37:53,26,-26.0
2015-03-17 23:42:53,12,-12.0
2015-03-17 23:47:53,19,-19.0
2015-03-17 23:52:53,17,-17.0
2015-03-17 23:57:53,30,-30.0
2015-03-18 00:02:53,21,-21.0
2015-03-18 00:07:53,17,-17.0
2015-03-18 00:12:53,20,-20.0
2015-03-18 00:17:53,19,-19.0
2015-03-18 00:22:53,19,-19.0
2015-03-18 00:27:53,15,-15.0
2015-03-18 00:32:53,11,-11.0
2015-03-18 00:37:53,14,-14.0
2015-03-18 00:42:53,15,-15.0
2015-03-18 00:47:53,11,-11.0
2015-03-18 00:52:53,20,-20.0
2015-03-18 00:57:53,16,-16.0
2015-03-18 01:02:53,16,-16.0
2015-03-18 01:07:53,16,-16.0
2015-03-18 01:12:53,5,-5.0
2015-03-18 01:17:53,12,-12.0
2015-03-18 01:22:53,17,-17.0
2015-03-18 01:27:53,22,-22.0
2015-03-18 01:32:53,9,-9.0
2015-03-18 01:37:53,11,-11.0
2015-03-18 01:42:53,20,-20.0
2015-03-18 01:47:53,16,-16.0
2015-03-18 01:52:53,15,-15.0
2015-03-18 01:57:53,20,-20.0
2015-03-18 02:02:53,25,-25.0
2015-03-18 02:07:53,15,-15.0
2015-03-18 02:12:53,15,-15.0
2015-03-18 02:17:53,9,-9.0
2015-03-18 02:22:53,9,-9.0
2015-03-18 02:27:53,9,-9.0
2015-03-18 02:32:53,19,-19.0
2015-03-18 02:37:53,11,-11.0
2015-03-18 02:42:53,9,-9.0
2015-03-18 02:47:53,12,-12.0
2015-03-18 02:52:53,14,-14.0
2015-03-18 02:57:53,16,-16.0
2015-03-18 03:02:53,18,-18.0
2015-03-18 03:07:53,13,-13.0
2015-03-18 03:12:53,16,-16.0
2015-03-18 03:17:53,15,-15.0
2015-03-18 03:22:53,13,-13.0
2015-03-18 03:27:53,18,-18.0
2015-03-18 03:32:53,18,-18.0
2015-03-18 03:37:53,19,-19.0
2015-03-18 03:42:53,21,-21.0
2015-03-18 03:47:53,9,-9.0
2015-03-18 03:52:53,12,-12.0
2015-03-18 03:57:53,17,-17.0
2015-03-18 04:02:53,5,-5.0
2015-03-18 04:07:53,14,-14.0
2015-03-18 04:12:53,9,-9.0
2015-03-18 04:17:53,10,-10.0
2015-03-18 04:22:53,7,-7.0
2015-03-18 04:27:53,21,-21.0
2015-03-18 04:32:53,6,-6.0
2015-03-18 04:37:53,12,-12.0
2015-03-18 04:42:53,7,-7.0
2015-03-18 04:47:53,8,-8.0
2015-03-18 04:52:53,9,-9.0
2015-03-18 04:57:53,19,-19.0
2015-03-18 05:02:53,6,-6.0
2015-03-18 05:07:53,15,-15.0
2015-03-18 05:12:53,8,-8.0
2015-03-18 05:17:53,7,-7.0
2015-03-18 05:22:53,65,-65.0
2015-03-18 05:27:53,47,-47.0
2015-03-18 05:32:53,27,-27.0
2015-03-18 05:37:53,21,-21.0
2015-03-18 05:42:53,26,-26.0
2015-03-18 05:47:53,8,-8.0
2015-03-18 05:52:53,15,-15.0
2015-03-18 05:57:53,14,-14.0
2015-03-18 06:02:53,16,-16.0
2015-03-18 06:07:53,7,-7.0
2015-03-18 06:12:53,16,-16.0
2015-03-18 06:17:53,6,-6.0
2015-03-18 06:22:53,12,-12.0
2015-03-18 06:27:53,11,-11.0
2015-03-18 06:32:53,18,-18.0
2015-03-18 06:37:53,17,-17.0
2015-03-18 06:42:53,18,-18.0
2015-03-18 06:47:53,13,-13.0
2015-03-18 06:52:53,12,-12.0
2015-03-18 06:57:53,13,-13.0
2015-03-18 07:02:53,14,-14.0
2015-03-18 07:07:53,11,-11.0
2015-03-18 07:12:53,7,-7.0
2015-03-18 07:17:53,10,-10.0
2015-03-18 07:22:53,15,-15.0
2015-03-18 07:27:53,15,-15.0
2015-03-18 07:32:53,20,-20.0
2015-03-18 07:37:53,26,-26.0
2015-03-18 07:42:53,16,-16.0
2015-03-18 07:47:53,10,-10.0
2015-03-18 07:52:53,14,-14.0
2015-03-18 07:57:53,15,-15.0
2015-03-18 08:02:53,18,-18.0
2015-03-18 08:07:53,10,-10.0
2015-03-18 08:12:53,13,-13.0
2015-03-18 08:17:53,9,-9.0
2015-03-18 08:22:53,16,-16.0
2015-03-18 08:27:53,23,-23.0
2015-03-18 08:32:53,21,-21.0
2015-03-18 08:37:53,18,-18.0
2015-03-18 08:42:53,15,-15.0
2015-03-18 08:47:53,11,-11.0
2015-03-18 08:52:53,15,-15.0
2015-03-18 08:57:53,17,-17.0
2015-03-18 09:02:53,16,-16.0
2015-03-18 09:07:53,16,-16.0
2015-03-18 09:12:53,18,-18.0
2015-03-18 09:17:53,16,-16.0
2015-03-18 09:22:53,17,-17.0
2015-03-18 09:27:53,19,-19.0
2015-03-18 09:32:53,15,-15.0
2015-03-18 09:37:53,19,-19.0
2015-03-18 09:42:53,21,-21.0
2015-03-18 09:47:53,16,-16.0
2015-03-18 09:52:53,18,-18.0
2015-03-18 09:57:53,14,-14.0
2015-03-18 10:02:53,13,-13.0
2015-03-18 10:07:53,23,-23.0
2015-03-18 10:12:53,30,-30.0
2015-03-18 10:17:53,20,-20.0
2015-03-18 10:22:53,14,-14.0
2015-03-18 10:27:53,27,-27.0
2015-03-18 10:32:53,12,-12.0
2015-03-18 10:37:53,27,-27.0
2015-03-18 10:42:53,23,-23.0
2015-03-18 10:47:53,35,-35.0
2015-03-18 10:52:53,19,-19.0
2015-03-18 10:57:53,20,-20.0
2015-03-18 11:02:53,24,-24.0
2015-03-18 11:07:53,23,-23.0
2015-03-18 11:12:53,17,-17.0
2015-03-18 11:17:53,17,-17.0
2015-03-18 11:22:53,15,-15.0
2015-03-18 11:27:53,23,-23.0
2015-03-18 11:32:53,22,-22.0
2015-03-18 11:37:53,22,-22.0
2015-03-18 11:42:53,15,-15.0
2015-03-18 11:47:53,21,-21.0
2015-03-18 11:52:53,21,-21.0
2015-03-18 11:57:53,45,-45.0
2015-03-18 12:02:53,17,-17.0
2015-03-18 12:07:53,9,-9.0
2015-03-18 12:12:53,13,-13.0
2015-03-18 12:17:53,11,-11.0
2015-03-18 12:22:53,16,-16.0
2015-03-18 12:27:53,21,-21.0
2015-03-18 12:32:53,22,-22.0
2015-03-18 12:37:53,20,-20.0
2015-03-18 12:42:53,27,-27.0
2015-03-18 12:47:53,16,-16.0
2015-03-18 12:52:53,22,-22.0
2015-03-18 12:57:53,22,-22.0
2015-03-18 13:02:53,26,-26.0
2015-03-18 13:07:53,12,-12.0
2015-03-18 13:12:53,15,-15.0
2015-03-18 13:17:53,26,-26.0
2015-03-18 13:22:53,21,-21.0
2015-03-18 13:27:53,17,-17.0
2015-03-18 13:32:53,11,-11.0
2015-03-18 13:37:53,27,-27.0
2015-03-18 13:42:53,29,-29.0
2015-03-18 13:47:53,44,-44.0
2015-03-18 13:52:53,38,-38.0
2015-03-18 13:57:53,36,-36.0
2015-03-18 14:02:53,28,-28.0
2015-03-18 14:07:53,30,-30.0
2015-03-18 14:12:53,18,-18.0
2015-03-18 14:17:53,26,-26.0
2015-03-18 14:22:53,26,-26.0
2015-03-18 14:27:53,35,-35.0
2015-03-18 14:32:53,29,-29.0
2015-03-18 14:37:53,28,-28.0
2015-03-18 14:42:53,29,-29.0
2015-03-18 14:47:53,24,-24.0
2015-03-18 14:52:53,32,-32.0
2015-03-18 14:57:53,27,-27.0
2015-03-18 15:02:53,26,-26.0
2015-03-18 15:07:53,48,-48.0
2015-03-18 15:12:53,40,-40.0
2015-03-18 15:17:53,41,-41.0
2015-03-18 15:22:53,47,-47.0
2015-03-18 15:27:53,53,-53.0
2015-03-18 15:32:53,32,-32.0
2015-03-18 15:37:53,29,-29.0
2015-03-18 15:42:53,36,-36.0
2015-03-18 15:47:53,40,-40.0
2015-03-18 15:52:53,19,-19.0
2015-03-18 15:57:53,89,-89.0
2015-03-18 16:02:53,73,-73.0
2015-03-18 16:07:53,48,-48.0
2015-03-18 16:12:53,37,-37.0
2015-03-18 16:17:53,37,-37.0
2015-03-18 16:22:53,25,-25.0
2015-03-18 16:27:53,38,-38.0
2015-03-18 16:32:53,24,-24.0
2015-03-18 16:37:53,24,-24.0
2015-03-18 16:42:53,38,-38.0
2015-03-18 16:47:53,26,-26.0
2015-03-18 16:52:53,20,-20.0
2015-03-18 16:57:53,31,-31.0
2015-03-18 17:02:53,29,-29.0
2015-03-18 17:07:53,22,-22.0
2015-03-18 17:12:53,37,-37.0
2015-03-18 17:17:53,25,-25.0
2015-03-18 17:22:53,27,-27.0
2015-03-18 17:27:53,46,-46.0
2015-03-18 17:32:53,39,-39.0
2015-03-18 17:37:53,31,-31.0
2015-03-18 17:42:53,32,-32.0
2015-03-18 17:47:53,27,-27.0
2015-03-18 17:52:53,34,-34.0
2015-03-18 17:57:53,61,-61.0
2015-03-18 18:02:53,61,-61.0
2015-03-18 18:07:53,42,-42.0
2015-03-18 18:12:53,32,-32.0
2015-03-18 18:17:53,33,-33.0
2015-03-18 18:22:53,39,-39.0
2015-03-18 18:27:53,41,-41.0
2015-03-18 18:32:53,31,-31.0
2015-03-18 18:37:53,24,-24.0
2015-03-18 18:42:53,31,-31.0
2015-03-18 18:47:53,20,-20.0
2015-03-18 18:52:53,50,-50.0
2015-03-18 18:57:53,37,-37.0
2015-03-18 19:02:53,37,-37.0
2015-03-18 19:07:53,31,-31.0
2015-03-18 19:12:53,31,-31.0
2015-03-18 19:17:53,26,-26.0
2015-03-18 19:22:53,22,-22.0
2015-03-18 19:27:53,32,-32.0
2015-03-18 19:32:53,34,-34.0
2015-03-18 19:37:53,26,-26.0
2015-03-18 19:42:53,24,-24.0
2015-03-18 19:47:53,28,-28.0
2015-03-18 19:52:53,24,-24.0
2015-03-18 19:57:53,34,-34.0
2015-03-18 20:02:53,19,-19.0
2015-03-18 20:07:53,21,-21.0
2015-03-18 20:12:53,30,-30.0
2015-03-18 20:17:53,28,-28.0
2015-03-18 20:22:53,25,-25.0
2015-03-18 20:27:53,16,-16.0
2015-03-18 20:32:53,21,-21.0
2015-03-18 20:37:53,32,-32.0
2015-03-18 20:42:53,24,-24.0
2015-03-18 20:47:53,18,-18.0
2015-03-18 20:52:53,10,-10.0
2015-03-18 20:57:53,27,-27.0
2015-03-18 21:02:53,22,-22.0
2015-03-18 21:07:53,22,-22.0
2015-03-18 21:12:53,43,-43.0
2015-03-18 21:17:53,55,-55.0
2015-03-18 21:22:53,48,-48.0
2015-03-18 21:27:53,25,-25.0
2015-03-18 21:32:53,38,-38.0
2015-03-18 21:37:53,27,-27.0
2015-03-18 21:42:53,35,-35.0
2015-03-18 21:47:53,62,-62.0
2015-03-18 21:52:53,70,-70.0
2015-03-18 21:57:53,47,-47.0
2015-03-18 22:02:53,14,-14.0
2015-03-18 22:07:53,31,-31.0
2015-03-18 22:12:53,25,-25.0
2015-03-18 22:17:53,16,-16.0
2015-03-18 22:22:53,29,-29.0
2015-03-18 22:27:53,31,-31.0
2015-03-18 22:32:53,29,-29.0
2015-03-18 22:37:53,25,-25.0
2015-03-18 22:42:53,45,-45.0
2015-03-18 22:47:53,29,-29.0
2015-03-18 22:52:53,19,-19.0
2015-03-18 22:57:53,36,-36.0
2015-03-18 23:02:53,27,-27.0
2015-03-18 23:07:53,23,-23.0
2015-03-18 23:12:53,19,-19.0
2015-03-18 23:17:53,18,-18.0
2015-03-18 23:22:53,15,-15.0
2015-03-18 23:27:53,29,-29.0
2015-03-18 23:32:53,17,-17.0
2015-03-18 23:37:53,30,-30.0
2015-03-18 23:42:53,47,-47.0
2015-03-18 23:47:53,35,-35.0
2015-03-18 23:52:53,14,-14.0
2015-03-18 23:57:53,24,-24.0
2015-03-19 00:02:53,28,-28.0
2015-03-19 00:07:53,22,-22.0
2015-03-19 00:12:53,36,-36.0
2015-03-19 00:17:53,15,-15.0
2015-03-19 00:22:53,20,-20.0
2015-03-19 00:27:53,36,-36.0
2015-03-19 00:32:53,25,-25.0
2015-03-19 00:37:53,18,-18.0
2015-03-19 00:42:53,23,-23.0
2015-03-19 00:47:53,22,-22.0
2015-03-19 00:52:53,22,-22.0
2015-03-19 00:57:53,15,-15.0
2015-03-19 01:02:53,10,-10.0
2015-03-19 01:07:53,22,-22.0
2015-03-19 01:12:53,23,-23.0
2015-03-19 01:17:53,13,-13.0
2015-03-19 01:22:53,22,-22.0
2015-03-19 01:27:53,22,-22.0
2015-03-19 01:32:53,14,-14.0
2015-03-19 01:37:53,29,-29.0
2015-03-19 01:42:53,24,-24.0
2015-03-19 01:47:53,25,-25.0
2015-03-19 01:52:53,19,-19.0
2015-03-19 01:57:53,29,-29.0
2015-03-19 02:02:53,25,-25.0
2015-03-19 02:07:53,18,-18.0
2015-03-19 02:12:53,22,-22.0
2015-03-19 02:17:53,33,-33.0
2015-03-19 02:22:53,18,-18.0
2015-03-19 02:27:53,24,-24.0
2015-03-19 02:32:53,24,-24.0
2015-03-19 02:37:53,17,-17.0
2015-03-19 02:42:53,15,-15.0
2015-03-19 02:47:53,18,-18.0
2015-03-19 02:52:53,21,-21.0
2015-03-19 02:57:53,27,-27.0
2015-03-19 03:02:53,24,-24.0
2015-03-19 03:07:53,6,-6.0
2015-03-19 03:12:53,9,-9.0
2015-03-19 03:17:53,22,-22.0
2015-03-19 03:22:53,11,-11.0
2015-03-19 03:27:53,12,-12.0
2015-03-19 03:32:53,22,-22.0
2015-03-19 03:37:53,12,-12.0
2015-03-19 03:42:53,15,-15.0
2015-03-19 03:47:53,23,-23.0
2015-03-19 03:52:53,13,-13.0
2015-03-19 03:57:53,23,-23.0
2015-03-19 04:02:53,8,-8.0
2015-03-19 04:07:53,7,-7.0
2015-03-19 04:12:53,16,-16.0
2015-03-19 04:17:53,9,-9.0
2015-03-19 04:22:53,9,-9.0
2015-03-19 04:27:53,10,-10.0
2015-03-19 04:32:53,11,-11.0
2015-03-19 04:37:53,8,-8.0
2015-03-19 04:42:53,14,-14.0
2015-03-19 04:47:53,13,-13.0
2015-03-19 04:52:53,15,-15.0
2015-03-19 04:57:53,11,-11.0
2015-03-19 05:02:53,5,-5.0
2015-03-19 05:07:53,12,-12.0
2015-03-19 05:12:53,15,-15.0
2015-03-19 05:17:53,11,-11.0
2015-03-19 05:22:53,18,-18.0
2015-03-19 05:27:53,5,-5.0
2015-03-19 05:32:53,5,-5.0
2015-03-19 05:37:53,7,-7.0
2015-03-19 05:42:53,10,-10.0
2015-03-19 05:47:53,18,-18.0
2015-03-19 05:52:53,9,-9.0
2015-03-19 05:57:53,8,-8.0
2015-03-19 06:02:53,21,-21.0
2015-03-19 06:07:53,5,-5.0
2015-03-19 06:12:53,18,-18.0
2015-03-19 06:17:53,6,-6.0
2015-03-19 06:22:53,7,-7.0
2015-03-19 06:27:53,11,-11.0
2015-03-19 06:32:53,5,-5.0
2015-03-19 06:37:53,17,-17.0
2015-03-19 06:42:53,8,-8.0
2015-03-19 06:47:53,9,-9.0
2015-03-19 06:52:53,7,-7.0
2015-03-19 06:57:53,10,-10.0
2015-03-19 07:02:53,7,-7.0
2015-03-19 07:07:53,2,-2.0
2015-03-19 07:12:53,7,-7.0
2015-03-19 07:17:53,5,-5.0
2015-03-19 07:22:53,11,-11.0
2015-03-19 07:27:53,6,-6.0
2015-03-19 07:32:53,7,-7.0
2015-03-19 07:37:53,10,-10.0
2015-03-19 07:42:53,9,-9.0
2015-03-19 07:47:53,20,-20.0
2015-03-19 07:52:53,30,-30.0
2015-03-19 07:57:53,18,-18.0
2015-03-19 08:02:53,38,-38.0
2015-03-19 08:07:53,20,-20.0
2015-03-19 08:12:53,22,-22.0
2015-03-19 08:17:53,14,-14.0
2015-03-19 08:22:53,18,-18.0
2015-03-19 08:27:53,42,-42.0
2015-03-19 08:32:53,17,-17.0
2015-03-19 08:37:53,11,-11.0
2015-03-19 08:42:53,24,-24.0
2015-03-19 08:47:53,12,-12.0
2015-03-19 08:52:53,14,-14.0
2015-03-19 08:57:53,23,-23.0
2015-03-19 09:02:53,19,-19.0
2015-03-19 09:07:53,11,-11.0
2015-03-19 09:12:53,13,-13.0
2015-03-19 09:17:53,18,-18.0
2015-03-19 09:22:53,13,-13.0
2015-03-19 09:27:53,15,-15.0
2015-03-19 09:32:53,9,-9.0
2015-03-19 09:37:53,14,-14.0
2015-03-19 09:42:53,10,-10.0
2015-03-19 09:47:53,29,-29.0
2015-03-19 09:52:53,29,-29.0
2015-03-19 09:57:53,23,-23.0
2015-03-19 10:02:53,24,-24.0
2015-03-19 10:07:53,23,-23.0
2015-03-19 10:12:53,20,-20.0
2015-03-19 10:17:53,17,-17.0
2015-03-19 10:22:53,20,-20.0
2015-03-19 10:27:53,16,-16.0
2015-03-19 10:32:53,20,-20.0
2015-03-19 10:37:53,18,-18.0
2015-03-19 10:42:53,15,-15.0
2015-03-19 10:47:53,21,-21.0
2015-03-19 10:52:53,18,-18.0
2015-03-19 10:57:53,22,-22.0
2015-03-19 11:02:53,25,-25.0
2015-03-19 11:07:53,22,-22.0
2015-03-19 11:12:53,12,-12.0
2015-03-19 11:17:53,19,-19.0
2015-03-19 11:22:53,16,-16.0
2015-03-19 11:27:53,17,-17.0
2015-03-19 11:32:53,19,-19.0
2015-03-19 11:37:53,20,-20.0
2015-03-19 11:42:53,21,-21.0
2015-03-19 11:47:53,8,-8.0
2015-03-19 11:52:53,18,-18.0
2015-03-19 11:57:53,26,-26.0
2015-03-19 12:02:53,21,-21.0
2015-03-19 12:07:53,29,-29.0
2015-03-19 12:12:53,25,-25.0
2015-03-19 12:17:53,24,-24.0
2015-03-19 12:22:53,34,-34.0
2015-03-19 12:27:53,15,-15.0
2015-03-19 12:32:53,13,-13.0
2015-03-19 12:37:53,21,-21.0
2015-03-19 12:42:53,25,-25.0
2015-03-19 12:47:53,17,-17.0
2015-03-19 12:52:53,19,-19.0
2015-03-19 12:57:53,39,-39.0
2015-03-19 13:02:53,28,-28.0
2015-03-19 13:07:53,53,-53.0
2015-03-19 13:12:53,47,-47.0
2015-03-19 13:17:53,45,-45.0
2015-03-19 13:22:53,55,-55.0
2015-03-19 13:27:53,42,-42.0
2015-03-19 13:32:53,43,-43.0
2015-03-19 13:37:53,41,-41.0
2015-03-19 13:42:53,32,-32.0
2015-03-19 13:47:53,40,-40.0
2015-03-19 13:52:53,29,-29.0
2015-03-19 13:57:53,47,-47.0
2015-03-19 14:02:53,50,-50.0
2015-03-19 14:07:53,44,-44.0
2015-03-19 14:12:53,46,-46.0
2015-03-19 14:17:53,32,-32.0
2015-03-19 14:22:53,35,-35.0
2015-03-19 14:27:53,52,-52.0
2015-03-19 14:32:53,39,-39.0
2015-03-19 14:37:53,34,-34.0
2015-03-19 14:42:53,41,-41.0
2015-03-19 14:47:53,35,-35.0
2015-03-19 14:52:53,51,-51.0
2015-03-19 14:57:53,35,-35.0
2015-03-19 15:02:53,44,-44.0
2015-03-19 15:07:53,32,-32.0
2015-03-19 15:12:53,27,-27.0
2015-03-19 15:17:53,28,-28.0
2015-03-19 15:22:53,29,-29.0
2015-03-19 15:27:53,32,-32.0
2015-03-19 15:32:53,38,-38.0
2015-03-19 15:37:53,27,-27.0
2015-03-19 15:42:53,22,-22.0
2015-03-19 15:47:53,48,-48.0
2015-03-19 15:52:53,33,-33.0
2015-03-19 15:57:53,62,-62.0
2015-03-19 16:02:53,36,-36.0
2015-03-19 16:07:53,25,-25.0
2015-03-19 16:12:53,33,-33.0
2015-03-19 16:17:53,28,-28.0
2015-03-19 16:22:53,31,-31.0
2015-03-19 16:27:53,28,-28.0
2015-03-19 16:32:53,26,-26.0
2015-03-19 16:37:53,50,-50.0
2015-03-19 16:42:53,30,-30.0
2015-03-19 16:47:53,36,-36.0
2015-03-19 16:52:53,52,-52.0
2015-03-19 16:57:53,46,-46.0
2015-03-19 17:02:53,44,-44.0
2015-03-19 17:07:53,41,-41.0
2015-03-19 17:12:53,56,-56.0
2015-03-19 17:17:53,48,-48.0
2015-03-19 17:22:53,33,-33.0
2015-03-19 17:27:53,33,-33.0
2015-03-19 17:32:53,32,-32.0
2015-03-19 17:37:53,33,-33.0
2015-03-19 17:42:53,33,-33.0
2015-03-19 17:47:53,26,-26.0
2015-03-19 17:52:53,23,-23.0
2015-03-19 17:57:53,15,-15.0
2015-03-19 18:02:53,37,-37.0
2015-03-19 18:07:53,47,-47.0
2015-03-19 18:12:53,27,-27.0
2015-03-19 18:17:53,25,-25.0
2015-03-19 18:22:53,34,-34.0
2015-03-19 18:27:53,27,-27.0
2015-03-19 18:32:53,39,-39.0
2015-03-19 18:37:53,38,-38.0
2015-03-19 18:42:53,26,-26.0
2015-03-19 18:47:53,22,-22.0
2015-03-19 18:52:53,37,-37.0
2015-03-19 18:57:53,41,-41.0
2015-03-19 19:02:53,35,-35.0
2015-03-19 19:07:53,24,-24.0
2015-03-19 19:12:53,25,-25.0
2015-03-19 19:17:53,35,-35.0
2015-03-19 19:22:53,20,-20.0
2015-03-19 19:27:53,31,-31.0
2015-03-19 19:32:53,32,-32.0
2015-03-19 19:37:53,40,-40.0
2015-03-19 19:42:53,38,-38.0
2015-03-19 19:47:53,43,-43.0
2015-03-19 19:52:53,35,-35.0
2015-03-19 19:57:53,46,-46.0
2015-03-19 20:02:53,59,-59.0
2015-03-19 20:07:53,58,-58.0
2015-03-19 20:12:53,29,-29.0
2015-03-19 20:17:53,12,-12.0
2015-03-19 20:22:53,34,-34.0
2015-03-19 20:27:53,31,-31.0
2015-03-19 20:32:53,21,-21.0
2015-03-19 20:37:53,44,-44.0
2015-03-19 20:42:53,14,-14.0
2015-03-19 20:47:53,23,-23.0
2015-03-19 20:52:53,26,-26.0
2015-03-19 20:57:53,34,-34.0
2015-03-19 21:02:53,33,-33.0
2015-03-19 21:07:53,26,-26.0
2015-03-19 21:12:53,23,-23.0
2015-03-19 21:17:53,15,-15.0
2015-03-19 21:22:53,18,-18.0
2015-03-19 21:27:53,36,-36.0
2015-03-19 21:32:53,17,-17.0
2015-03-19 21:37:53,18,-18.0
2015-03-19 21:42:53,27,-27.0
2015-03-19 21:47:53,28,-28.0
2015-03-19 21:52:53,20,-20.0
2015-03-19 21:57:53,21,-21.0
2015-03-19 22:02:53,20,-20.0
2015-03-19 22:07:53,17,-17.0
2015-03-19 22:12:53,13,-13.0
2015-03-19 22:17:53,33,-33.0
2015-03-19 22:22:53,18,-18.0
2015-03-19 22:27:53,40,-40.0
2015-03-19 22:32:53,28,-28.0
2015-03-19 22:37:53,22,-22.0
2015-03-19 22:42:53,17,-17.0
2015-03-19 22:47:53,27,-27.0
2015-03-19 22:52:53,21,-21.0
2015-03-19 22:57:53,26,-26.0
2015-03-19 23:02:53,28,-28.0
2015-03-19 23:07:53,25,-25.0
2015-03-19 23:12:53,16,-16.0
2015-03-19 23:17:53,16,-16.0
2015-03-19 23:22:53,26,-26.0
2015-03-19 23:27:53,17,-17.0
2015-03-19 23:32:53,38,-38.0
2015-03-19 23:37:53,37,-37.0
2015-03-19 23:42:53,33,-33.0
2015-03-19 23:47:53,22,-22.0
2015-03-19 23:52:53,25,-25.0
2015-03-19 23:57:53,20,-20.0
2015-03-20 00:02:53,21,-21.0
2015-03-20 00:07:53,16,-16.0
2015-03-20 00:12:53,40,-40.0
2015-03-20 00:17:53,40,-40.0
2015-03-20 00:22:53,30,-30.0
2015-03-20 00:27:53,20,-20.0
2015-03-20 00:32:53,17,-17.0
2015-03-20 00:37:53,30,-30.0
2015-03-20 00:42:53,23,-23.0
2015-03-20 00:47:53,12,-12.0
2015-03-20 00:52:53,18,-18.0
2015-03-20 00:57:53,33,-33.0
2015-03-20 01:02:53,15,-15.0
2015-03-20 01:07:53,30,-30.0
2015-03-20 01:12:53,27,-27.0
2015-03-20 01:17:53,18,-18.0
2015-03-20 01:22:53,27,-27.0
2015-03-20 01:27:53,21,-21.0
2015-03-20 01:32:53,20,-20.0
2015-03-20 01:37:53,27,-27.0
2015-03-20 01:42:53,29,-29.0
2015-03-20 01:47:53,20,-20.0
2015-03-20 01:52:53,32,-32.0
2015-03-20 01:57:53,27,-27.0
2015-03-20 02:02:53,26,-26.0
2015-03-20 02:07:53,24,-24.0
2015-03-20 02:12:53,13,-13.0
2015-03-20 02:17:53,11,-11.0
2015-03-20 02:22:53,15,-15.0
2015-03-20 02:27:53,15,-15.0
2015-03-20 02:32:53,10,-10.0
2015-03-20 02:37:53,23,-23.0
2015-03-20 02:42:53,9,-9.0
2015-03-20 02:47:53,13,-13.0
2015-03-20 02:52:53,14,-14.0
2015-03-20 02:57:53,30,-30.0
2015-03-20 03:02:53,19,-19.0
2015-03-20 03:07:53,20,-20.0
2015-03-20 03:12:53,19,-19.0
2015-03-20 03:17:53,81,-81.0
2015-03-20 03:22:53,34,-34.0
2015-03-20 03:27:53,32,-32.0
2015-03-20 03:32:53,13,-13.0
2015-03-20 03:37:53,16,-16.0
2015-03-20 03:42:53,12,-12.0
2015-03-20 03:47:53,11,-11.0
2015-03-20 03:52:53,7,-7.0
2015-03-20 03:57:53,12,-12.0
2015-03-20 04:02:53,14,-14.0
2015-03-20 04:07:53,7,-7.0
2015-03-20 04:12:53,7,-7.0
2015-03-20 04:17:53,8,-8.0
2015-03-20 04:22:53,18,-18.0
2015-03-20 04:27:53,25,-25.0
2015-03-20 04:32:53,14,-14.0
2015-03-20 04:37:53,15,-15.0
2015-03-20 04:42:53,12,-12.0
2015-03-20 04:47:53,15,-15.0
2015-03-20 04:52:53,12,-12.0
2015-03-20 04:57:53,18,-18.0
2015-03-20 05:02:53,9,-9.0
2015-03-20 05:07:53,17,-17.0
2015-03-20 05:12:53,14,-14.0
2015-03-20 05:17:53,7,-7.0
2015-03-20 05:22:53,12,-12.0
2015-03-20 05:27:53,12,-12.0
2015-03-20 05:32:53,5,-5.0
2015-03-20 05:37:53,7,-7.0
2015-03-20 05:42:53,9,-9.0
2015-03-20 05:47:53,15,-15.0
2015-03-20 05:52:53,11,-11.0
2015-03-20 05:57:53,26,-26.0
2015-03-20 06:02:53,15,-15.0
2015-03-20 06:07:53,14,-14.0
2015-03-20 06:12:53,20,-20.0
2015-03-20 06:17:53,14,-14.0
2015-03-20 06:22:53,7,-7.0
2015-03-20 06:27:53,8,-8.0
2015-03-20 06:32:53,9,-9.0
2015-03-20 06:37:53,12,-12.0
2015-03-20 06:42:53,8,-8.0
2015-03-20 06:47:53,11,-11.0
2015-03-20 06:52:53,9,-9.0
2015-03-20 06:57:53,11,-11.0
2015-03-20 07:02:53,15,-15.0
2015-03-20 07:07:53,5,-5.0
2015-03-20 07:12:53,22,-22.0
2015-03-20 07:17:53,23,-23.0
2015-03-20 07:22:53,19,-19.0
2015-03-20 07:27:53,26,-26.0
2015-03-20 07:32:53,13,-13.0
2015-03-20 07:37:53,9,-9.0
2015-03-20 07:42:53,9,-9.0
2015-03-20 07:47:53,6,-6.0
2015-03-20 07:52:53,13,-13.0
2015-03-20 07:57:53,15,-15.0
2015-03-20 08:02:53,16,-16.0
2015-03-20 08:07:53,12,-12.0
2015-03-20 08:12:53,27,-27.0
2015-03-20 08:17:53,12,-12.0
2015-03-20 08:22:53,9,-9.0
2015-03-20 08:27:53,16,-16.0
2015-03-20 08:32:53,11,-11.0
2015-03-20 08:37:53,10,-10.0
2015-03-20 08:42:53,8,-8.0
2015-03-20 08:47:53,20,-20.0
2015-03-20 08:52:53,13,-13.0
2015-03-20 08:57:53,21,-21.0
2015-03-20 09:02:53,21,-21.0
2015-03-20 09:07:53,25,-25.0
2015-03-20 09:12:53,14,-14.0
2015-03-20 09:17:53,12,-12.0
2015-03-20 09:22:53,11,-11.0
2015-03-20 09:27:53,12,-12.0
2015-03-20 09:32:53,21,-21.0
2015-03-20 09:37:53,14,-14.0
2015-03-20 09:42:53,17,-17.0
2015-03-20 09:47:53,16,-16.0
2015-03-20 09:52:53,22,-22.0
2015-03-20 09:57:53,20,-20.0
2015-03-20 10:02:53,13,-13.0
2015-03-20 10:07:53,11,-11.0
2015-03-20 10:12:53,17,-17.0
2015-03-20 10:17:53,15,-15.0
2015-03-20 10:22:53,14,-14.0
2015-03-20 10:27:53,18,-18.0
2015-03-20 10:32:53,19,-19.0
2015-03-20 10:37:53,8,-8.0
2015-03-20 10:42:53,12,-12.0
2015-03-20 10:47:53,13,-13.0
2015-03-20 10:52:53,18,-18.0
2015-03-20 10:57:53,16,-16.0
2015-03-20 11:02:53,11,-11.0
2015-03-20 11:07:53,12,-12.0
2015-03-20 11:12:53,10,-10.0
2015-03-20 11:17:53,14,-14.0
2015-03-20 11:22:53,19,-19.0
2015-03-20 11:27:53,16,-16.0
2015-03-20 11:32:53,13,-13.0
2015-03-20 11:37:53,21,-21.0
2015-03-20 11:42:53,20,-20.0
2015-03-20 11:47:53,21,-21.0
2015-03-20 11:52:53,19,-19.0
2015-03-20 11:57:53,26,-26.0
2015-03-20 12:02:53,17,-17.0
2015-03-20 12:07:53,25,-25.0
2015-03-20 12:12:53,33,-33.0
2015-03-20 12:17:53,21,-21.0
2015-03-20 12:22:53,17,-17.0
2015-03-20 12:27:53,27,-27.0
2015-03-20 12:32:53,15,-15.0
2015-03-20 12:37:53,12,-12.0
2015-03-20 12:42:53,36,-36.0
2015-03-20 12:47:53,19,-19.0
2015-03-20 12:52:53,22,-22.0
2015-03-20 12:57:53,27,-27.0
2015-03-20 13:02:53,19,-19.0
2015-03-20 13:07:53,20,-20.0
2015-03-20 13:12:53,21,-21.0
2015-03-20 13:17:53,25,-25.0
2015-03-20 13:22:53,30,-30.0
2015-03-20 13:27:53,16,-16.0
2015-03-20 13:32:53,19,-19.0
2015-03-20 13:37:53,35,-35.0
2015-03-20 13:42:53,33,-33.0
2015-03-20 13:47:53,34,-34.0
2015-03-20 13:52:53,29,-29.0
2015-03-20 13:57:53,53,-53.0
2015-03-20 14:02:53,39,-39.0
2015-03-20 14:07:53,30,-30.0
2015-03-20 14:12:53,34,-34.0
2015-03-20 14:17:53,30,-30.0
2015-03-20 14:22:53,58,-58.0
2015-03-20 14:27:53,41,-41.0
2015-03-20 14:32:53,18,-18.0
2015-03-20 14:37:53,24,-24.0
2015-03-20 14:42:53,29,-29.0
2015-03-20 14:47:53,31,-31.0
2015-03-20 14:52:53,15,-15.0
2015-03-20 14:57:53,45,-45.0
2015-03-20 15:02:53,33,-33.0
2015-03-20 15:07:53,23,-23.0
2015-03-20 15:12:53,31,-31.0
2015-03-20 15:17:53,33,-33.0
2015-03-20 15:22:53,38,-38.0
2015-03-20 15:27:53,22,-22.0
2015-03-20 15:32:53,38,-38.0
2015-03-20 15:37:53,33,-33.0
2015-03-20 15:42:53,40,-40.0
2015-03-20 15:47:53,28,-28.0
2015-03-20 15:52:53,23,-23.0
2015-03-20 15:57:53,64,-64.0
2015-03-20 16:02:53,47,-47.0
2015-03-20 16:07:53,34,-34.0
2015-03-20 16:12:53,24,-24.0
2015-03-20 16:17:53,29,-29.0
2015-03-20 16:22:53,30,-30.0
2015-03-20 16:27:53,54,-54.0
2015-03-20 16:32:53,42,-42.0
2015-03-20 16:37:53,31,-31.0
2015-03-20 16:42:53,43,-43.0
2015-03-20 16:47:53,41,-41.0
2015-03-20 16:52:53,78,-78.0
2015-03-20 16:57:53,59,-59.0
2015-03-20 17:02:53,38,-38.0
2015-03-20 17:07:53,41,-41.0
2015-03-20 17:12:53,24,-24.0
2015-03-20 17:17:53,70,-70.0
2015-03-20 17:22:53,67,-67.0
2015-03-20 17:27:53,40,-40.0
2015-03-20 17:32:53,31,-31.0
2015-03-20 17:37:53,40,-40.0
2015-03-20 17:42:53,94,-94.0
2015-03-20 17:47:53,30,-30.0
2015-03-20 17:52:53,23,-23.0
2015-03-20 17:57:53,28,-28.0
2015-03-20 18:02:53,40,-40.0
2015-03-20 18:07:53,42,-42.0
2015-03-20 18:12:53,53,-53.0
2015-03-20 18:17:53,55,-55.0
2015-03-20 18:22:53,45,-45.0
2015-03-20 18:27:53,55,-55.0
2015-03-20 18:32:53,50,-50.0
2015-03-20 18:37:53,50,-50.0
2015-03-20 18:42:53,48,-48.0
2015-03-20 18:47:53,51,-51.0
2015-03-20 18:52:53,24,-24.0
2015-03-20 18:57:53,22,-22.0
2015-03-20 19:02:53,32,-32.0
2015-03-20 19:07:53,26,-26.0
2015-03-20 19:12:53,42,-42.0
2015-03-20 19:17:53,34,-34.0
2015-03-20 19:22:53,43,-43.0
2015-03-20 19:27:53,33,-33.0
2015-03-20 19:32:53,29,-29.0
2015-03-20 19:37:53,33,-33.0
2015-03-20 19:42:53,28,-28.0
2015-03-20 19:47:53,27,-27.0
2015-03-20 19:52:53,29,-29.0
2015-03-20 19:57:53,35,-35.0
2015-03-20 20:02:53,38,-38.0
2015-03-20 20:07:53,36,-36.0
2015-03-20 20:12:53,43,-43.0
2015-03-20 20:17:53,36,-36.0
2015-03-20 20:22:53,34,-34.0
2015-03-20 20:27:53,19,-19.0
2015-03-20 20:32:53,21,-21.0
2015-03-20 20:37:53,25,-25.0
2015-03-20 20:42:53,20,-20.0
2015-03-20 20:47:53,16,-16.0
2015-03-20 20:52:53,38,-38.0
2015-03-20 20:57:53,23,-23.0
2015-03-20 21:02:53,26,-26.0
2015-03-20 21:07:53,21,-21.0
2015-03-20 21:12:53,31,-31.0
2015-03-20 21:17:53,27,-27.0
2015-03-20 21:22:53,25,-25.0
2015-03-20 21:27:53,32,-32.0
2015-03-20 21:32:53,19,-19.0
2015-03-20 21:37:53,38,-38.0
2015-03-20 21:42:53,33,-33.0
2015-03-20 21:47:53,30,-30.0
2015-03-20 21:52:53,26,-26.0
2015-03-20 21:57:53,45,-45.0
2015-03-20 22:02:53,36,-36.0
2015-03-20 22:07:53,27,-27.0
2015-03-20 22:12:53,25,-25.0
2015-03-20 22:17:53,21,-21.0
2015-03-20 22:22:53,22,-22.0
2015-03-20 22:27:53,17,-17.0
2015-03-20 22:32:53,22,-22.0
2015-03-20 22:37:53,15,-15.0
2015-03-20 22:42:53,25,-25.0
2015-03-20 22:47:53,18,-18.0
2015-03-20 22:52:53,26,-26.0
2015-03-20 22:57:53,16,-16.0
2015-03-20 23:02:53,14,-14.0
2015-03-20 23:07:53,11,-11.0
2015-03-20 23:12:53,24,-24.0
2015-03-20 23:17:53,24,-24.0
2015-03-20 23:22:53,17,-17.0
2015-03-20 23:27:53,27,-27.0
2015-03-20 23:32:53,31,-31.0
2015-03-20 23:37:53,26,-26.0
2015-03-20 23:42:53,22,-22.0
2015-03-20 23:47:53,24,-24.0
2015-03-20 23:52:53,25,-25.0
2015-03-20 23:57:53,46,-46.0
2015-03-21 00:02:53,47,-47.0
2015-03-21 00:07:53,50,-50.0
2015-03-21 00:12:53,29,-29.0
2015-03-21 00:17:53,35,-35.0
2015-03-21 00:22:53,55,-55.0
2015-03-21 00:27:53,54,-54.0
2015-03-21 00:32:53,62,-62.0
2015-03-21 00:37:53,30,-30.0
2015-03-21 00:42:53,44,-44.0
2015-03-21 00:47:53,21,-21.0
2015-03-21 00:52:53,17,-17.0
2015-03-21 00:57:53,22,-22.0
2015-03-21 01:02:53,21,-21.0
2015-03-21 01:07:53,14,-14.0
2015-03-21 01:12:53,16,-16.0
2015-03-21 01:17:53,26,-26.0
2015-03-21 01:22:53,28,-28.0
2015-03-21 01:27:53,20,-20.0
2015-03-21 01:32:53,26,-26.0
2015-03-21 01:37:53,14,-14.0
2015-03-21 01:42:53,19,-19.0
2015-03-21 01:47:53,15,-15.0
2015-03-21 01:52:53,24,-24.0
2015-03-21 01:57:53,24,-24.0
2015-03-21 02:02:53,22,-22.0
2015-03-21 02:07:53,14,-14.0
2015-03-21 02:12:53,19,-19.0
2015-03-21 02:17:53,12,-12.0
2015-03-21 02:22:53,19,-19.0
2015-03-21 02:27:53,11,-11.0
2015-03-21 02:32:53,24,-24.0
2015-03-21 02:37:53,12,-12.0
2015-03-21 02:42:53,21,-21.0
2015-03-21 02:47:53,8,-8.0
2015-03-21 02:52:53,13,-13.0
2015-03-21 02:57:53,9,-9.0
2015-03-21 03:02:53,11,-11.0
2015-03-21 03:07:53,12,-12.0
2015-03-21 03:12:53,14,-14.0
2015-03-21 03:17:53,11,-11.0
2015-03-21 03:22:53,13,-13.0
2015-03-21 03:27:53,10,-10.0
2015-03-21 03:32:53,12,-12.0
2015-03-21 03:37:53,5,-5.0
2015-03-21 03:42:53,9,-9.0
2015-03-21 03:47:53,12,-12.0
2015-03-21 03:52:53,15,-15.0
2015-03-21 03:57:53,12,-12.0
2015-03-21 04:02:53,7,-7.0
2015-03-21 04:07:53,7,-7.0
2015-03-21 04:12:53,19,-19.0
2015-03-21 04:17:53,10,-10.0
2015-03-21 04:22:53,12,-12.0
2015-03-21 04:27:53,9,-9.0
2015-03-21 04:32:53,5,-5.0
2015-03-21 04:37:53,13,-13.0
2015-03-21 04:42:53,9,-9.0
2015-03-21 04:47:53,9,-9.0
2015-03-21 04:52:53,17,-17.0
2015-03-21 04:57:53,17,-17.0
2015-03-21 05:02:53,8,-8.0
2015-03-21 05:07:53,1,-1.0
2015-03-21 05:12:53,8,-8.0
2015-03-21 05:17:53,14,-14.0
2015-03-21 05:22:53,12,-12.0
2015-03-21 05:27:53,9,-9.0
2015-03-21 05:32:53,4,-4.0
2015-03-21 05:37:53,6,-6.0
2015-03-21 05:42:53,6,-6.0
2015-03-21 05:47:53,12,-12.0
2015-03-21 05:52:53,10,-10.0
2015-03-21 05:57:53,9,-9.0
2015-03-21 06:02:53,18,-18.0
2015-03-21 06:07:53,5,-5.0
2015-03-21 06:12:53,9,-9.0
2015-03-21 06:17:53,17,-17.0
2015-03-21 06:22:53,16,-16.0
2015-03-21 06:27:53,17,-17.0
2015-03-21 06:32:53,12,-12.0
2015-03-21 06:37:53,5,-5.0
2015-03-21 06:42:53,12,-12.0
2015-03-21 06:47:53,8,-8.0
2015-03-21 06:52:53,12,-12.0
2015-03-21 06:57:53,17,-17.0
2015-03-21 07:02:53,7,-7.0
2015-03-21 07:07:53,19,-19.0
2015-03-21 07:12:53,13,-13.0
2015-03-21 07:17:53,11,-11.0
2015-03-21 07:22:53,14,-14.0
2015-03-21 07:27:53,28,-28.0
2015-03-21 07:32:53,9,-9.0
2015-03-21 07:37:53,4,-4.0
2015-03-21 07:42:53,12,-12.0
2015-03-21 07:47:53,13,-13.0
2015-03-21 07:52:53,12,-12.0
2015-03-21 07:57:53,6,-6.0
2015-03-21 08:02:53,10,-10.0
2015-03-21 08:07:53,14,-14.0
2015-03-21 08:12:53,19,-19.0
2015-03-21 08:17:53,11,-11.0
2015-03-21 08:22:53,14,-14.0
2015-03-21 08:27:53,16,-16.0
2015-03-21 08:32:53,20,-20.0
2015-03-21 08:37:53,22,-22.0
2015-03-21 08:42:53,20,-20.0
2015-03-21 08:47:53,10,-10.0
2015-03-21 08:52:53,18,-18.0
2015-03-21 08:57:53,18,-18.0
2015-03-21 09:02:53,15,-15.0
2015-03-21 09:07:53,15,-15.0
2015-03-21 09:12:53,10,-10.0
2015-03-21 09:17:53,13,-13.0
2015-03-21 09:22:53,5,-5.0
2015-03-21 09:27:53,11,-11.0
2015-03-21 09:32:53,7,-7.0
2015-03-21 09:37:53,13,-13.0
2015-03-21 09:42:53,10,-10.0
2015-03-21 09:47:53,5,-5.0
2015-03-21 09:52:53,10,-10.0
2015-03-21 09:57:53,13,-13.0
2015-03-21 10:02:53,9,-9.0
2015-03-21 10:07:53,9,-9.0
2015-03-21 10:12:53,22,-22.0
2015-03-21 10:17:53,14,-14.0
2015-03-21 10:22:53,4,-4.0
2015-03-21 10:27:53,9,-9.0
2015-03-21 10:32:53,8,-8.0
2015-03-21 10:37:53,4,-4.0
2015-03-21 10:42:53,3,-3.0
2015-03-21 10:47:53,3,-3.0
2015-03-21 10:52:53,5,-5.0
2015-03-21 10:57:53,16,-16.0
2015-03-21 11:02:53,8,-8.0
2015-03-21 11:07:53,12,-12.0
2015-03-21 11:12:53,7,-7.0
2015-03-21 11:17:53,7,-7.0
2015-03-21 11:22:53,4,-4.0
2015-03-21 11:27:53,5,-5.0
2015-03-21 11:32:53,14,-14.0
2015-03-21 11:37:53,6,-6.0
2015-03-21 11:42:53,20,-20.0
2015-03-21 11:47:53,9,-9.0
2015-03-21 11:52:53,9,-9.0
2015-03-21 11:57:53,16,-16.0
2015-03-21 12:02:53,10,-10.0
2015-03-21 12:07:53,9,-9.0
2015-03-21 12:12:53,13,-13.0
2015-03-21 12:17:53,11,-11.0
2015-03-21 12:22:53,16,-16.0
2015-03-21 12:27:53,11,-11.0
2015-03-21 12:32:53,9,-9.0
2015-03-21 12:37:53,13,-13.0
2015-03-21 12:42:53,17,-17.0
2015-03-21 12:47:53,11,-11.0
2015-03-21 12:52:53,1,-1.0
2015-03-21 12:57:53,11,-11.0
2015-03-21 13:02:53,14,-14.0
2015-03-21 13:07:53,5,-5.0
2015-03-21 13:12:53,12,-12.0
2015-03-21 13:17:53,11,-11.0
2015-03-21 13:22:53,5,-5.0
2015-03-21 13:27:53,15,-15.0
2015-03-21 13:32:53,21,-21.0
2015-03-21 13:37:53,9,-9.0
2015-03-21 13:42:53,15,-15.0
2015-03-21 13:47:53,15,-15.0
2015-03-21 13:52:53,13,-13.0
2015-03-21 13:57:53,10,-10.0
2015-03-21 14:02:53,15,-15.0
2015-03-21 14:07:53,12,-12.0
2015-03-21 14:12:53,11,-11.0
2015-03-21 14:17:53,14,-14.0
2015-03-21 14:22:53,10,-10.0
2015-03-21 14:27:53,5,-5.0
2015-03-21 14:32:53,13,-13.0
2015-03-21 14:37:53,14,-14.0
2015-03-21 14:42:53,7,-7.0
2015-03-21 14:47:53,17,-17.0
2015-03-21 14:52:53,20,-20.0
2015-03-21 14:57:53,23,-23.0
2015-03-21 15:02:53,16,-16.0
2015-03-21 15:07:53,21,-21.0
2015-03-21 15:12:53,24,-24.0
2015-03-21 15:17:53,11,-11.0
2015-03-21 15:22:53,18,-18.0
2015-03-21 15:27:53,17,-17.0
2015-03-21 15:32:53,7,-7.0
2015-03-21 15:37:53,19,-19.0
2015-03-21 15:42:53,17,-17.0
2015-03-21 15:47:53,17,-17.0
2015-03-21 15:52:53,5,-5.0
2015-03-21 15:57:53,13,-13.0
2015-03-21 16:02:53,17,-17.0
2015-03-21 16:07:53,24,-24.0
2015-03-21 16:12:53,11,-11.0
2015-03-21 16:17:53,11,-11.0
2015-03-21 16:22:53,11,-11.0
2015-03-21 16:27:53,10,-10.0
2015-03-21 16:32:53,16,-16.0
2015-03-21 16:37:53,16,-16.0
2015-03-21 16:42:53,26,-26.0
2015-03-21 16:47:53,24,-24.0
2015-03-21 16:52:53,12,-12.0
2015-03-21 16:57:53,13,-13.0
2015-03-21 17:02:53,18,-18.0
2015-03-21 17:07:53,8,-8.0
2015-03-21 17:12:53,12,-12.0
2015-03-21 17:17:53,5,-5.0
2015-03-21 17:22:53,19,-19.0
2015-03-21 17:27:53,14,-14.0
2015-03-21 17:32:53,17,-17.0
2015-03-21 17:37:53,16,-16.0
2015-03-21 17:42:53,24,-24.0
2015-03-21 17:47:53,21,-21.0
2015-03-21 17:52:53,9,-9.0
2015-03-21 17:57:53,22,-22.0
2015-03-21 18:02:53,10,-10.0
2015-03-21 18:07:53,9,-9.0
2015-03-21 18:12:53,15,-15.0
2015-03-21 18:17:53,8,-8.0
2015-03-21 18:22:53,14,-14.0
2015-03-21 18:27:53,9,-9.0
2015-03-21 18:32:53,10,-10.0
2015-03-21 18:37:53,15,-15.0
2015-03-21 18:42:53,11,-11.0
2015-03-21 18:47:53,20,-20.0
2015-03-21 18:52:53,13,-13.0
2015-03-21 18:57:53,26,-26.0
2015-03-21 19:02:53,19,-19.0
2015-03-21 19:07:53,16,-16.0
2015-03-21 19:12:53,10,-10.0
2015-03-21 19:17:53,15,-15.0
2015-03-21 19:22:53,9,-9.0
2015-03-21 19:27:53,11,-11.0
2015-03-21 19:32:53,15,-15.0
2015-03-21 19:37:53,20,-20.0
2015-03-21 19:42:53,26,-26.0
2015-03-21 19:47:53,15,-15.0
2015-03-21 19:52:53,17,-17.0
2015-03-21 19:57:53,20,-20.0
2015-03-21 20:02:53,9,-9.0
2015-03-21 20:07:53,9,-9.0
2015-03-21 20:12:53,22,-22.0
2015-03-21 20:17:53,13,-13.0
2015-03-21 20:22:53,10,-10.0
2015-03-21 20:27:53,14,-14.0
2015-03-21 20:32:53,11,-11.0
2015-03-21 20:37:53,17,-17.0
2015-03-21 20:42:53,9,-9.0
2015-03-21 20:47:53,11,-11.0
2015-03-21 20:52:53,18,-18.0
2015-03-21 20:57:53,15,-15.0
2015-03-21 21:02:53,6,-6.0
2015-03-21 21:07:53,11,-11.0
2015-03-21 21:12:53,3,-3.0
2015-03-21 21:17:53,7,-7.0
2015-03-21 21:22:53,13,-13.0
2015-03-21 21:27:53,15,-15.0
2015-03-21 21:32:53,8,-8.0
2015-03-21 21:37:53,10,-10.0
2015-03-21 21:42:53,20,-20.0
2015-03-21 21:47:53,12,-12.0
2015-03-21 21:52:53,17,-17.0
2015-03-21 21:57:53,14,-14.0
2015-03-21 22:02:53,14,-14.0
2015-03-21 22:07:53,3,-3.0
2015-03-21 22:12:53,14,-14.0
2015-03-21 22:17:53,1,-1.0
2015-03-21 22:22:53,9,-9.0
2015-03-21 22:27:53,15,-15.0
2015-03-21 22:32:53,10,-10.0
2015-03-21 22:37:53,4,-4.0
2015-03-21 22:42:53,9,-9.0
2015-03-21 22:47:53,12,-12.0
2015-03-21 22:52:53,11,-11.0
2015-03-21 22:57:53,17,-17.0
2015-03-21 23:02:53,14,-14.0
2015-03-21 23:07:53,9,-9.0
2015-03-21 23:12:53,12,-12.0
2015-03-21 23:17:53,12,-12.0
2015-03-21 23:22:53,6,-6.0
2015-03-21 23:27:53,4,-4.0
2015-03-21 23:32:53,13,-13.0
2015-03-21 23:37:53,10,-10.0
2015-03-21 23:42:53,9,-9.0
2015-03-21 23:47:53,20,-20.0
2015-03-21 23:52:53,9,-9.0
2015-03-21 23:57:53,14,-14.0
2015-03-22 00:02:53,15,-15.0
2015-03-22 00:07:53,14,-14.0
2015-03-22 00:12:53,2,-2.0
2015-03-22 00:17:53,8,-8.0
2015-03-22 00:22:53,9,-9.0
2015-03-22 00:27:53,8,-8.0
2015-03-22 00:32:53,7,-7.0
2015-03-22 00:37:53,7,-7.0
2015-03-22 00:42:53,7,-7.0
2015-03-22 00:47:53,15,-15.0
2015-03-22 00:52:53,8,-8.0
2015-03-22 00:57:53,6,-6.0
2015-03-22 01:02:53,6,-6.0
2015-03-22 01:07:53,5,-5.0
2015-03-22 01:12:53,7,-7.0
2015-03-22 01:17:53,8,-8.0
2015-03-22 01:22:53,10,-10.0
2015-03-22 01:27:53,15,-15.0
2015-03-22 01:32:53,10,-10.0
2015-03-22 01:37:53,7,-7.0
2015-03-22 01:42:53,4,-4.0
2015-03-22 01:47:53,7,-7.0
2015-03-22 01:52:53,7,-7.0
2015-03-22 01:57:53,16,-16.0
2015-03-22 02:02:53,3,-3.0
2015-03-22 02:07:53,5,-5.0
2015-03-22 02:12:53,5,-5.0
2015-03-22 02:17:53,5,-5.0
2015-03-22 02:22:53,6,-6.0
2015-03-22 02:27:53,11,-11.0
2015-03-22 02:32:53,8,-8.0
2015-03-22 02:37:53,2,-2.0
2015-03-22 02:42:53,5,-5.0
2015-03-22 02:47:53,4,-4.0
2015-03-22 02:52:53,12,-12.0
2015-03-22 02:57:53,5,-5.0
2015-03-22 03:02:53,17,-17.0
2015-03-22 03:07:53,3,-3.0
2015-03-22 03:12:53,4,-4.0
2015-03-22 03:17:53,5,-5.0
2015-03-22 03:22:53,8,-8.0
2015-03-22 03:27:53,15,-15.0
2015-03-22 03:32:53,7,-7.0
2015-03-22 03:37:53,4,-4.0
2015-03-22 03:42:53,14,-14.0
2015-03-22 03:47:53,3,-3.0
2015-03-22 03:52:53,3,-3.0
2015-03-22 03:57:53,3,-3.0
2015-03-22 04:02:53,6,-6.0
2015-03-22 04:07:53,1,-1.0
2015-03-22 04:12:53,1,-1.0
2015-03-22 04:17:53,10,-10.0
2015-03-22 04:22:53,3,-3.0
2015-03-22 04:27:53,6,-6.0
2015-03-22 04:32:53,3,-3.0
2015-03-22 04:37:53,3,-3.0
2015-03-22 04:42:53,7,-7.0
2015-03-22 04:47:53,10,-10.0
2015-03-22 04:52:53,11,-11.0
2015-03-22 04:57:53,4,-4.0
2015-03-22 05:02:53,2,-2.0
2015-03-22 05:07:53,4,-4.0
2015-03-22 05:12:53,3,-3.0
2015-03-22 05:17:53,3,-3.0
2015-03-22 05:22:53,8,-8.0
2015-03-22 05:27:53,2,-2.0
2015-03-22 05:32:53,4,-4.0
2015-03-22 05:37:53,7,-7.0
2015-03-22 05:42:53,7,-7.0
2015-03-22 05:47:53,3,-3.0
2015-03-22 05:52:53,3,-3.0
2015-03-22 05:57:53,13,-13.0
2015-03-22 06:02:53,7,-7.0
2015-03-22 06:07:53,16,-16.0
2015-03-22 06:12:53,5,-5.0
2015-03-22 06:17:53,7,-7.0
2015-03-22 06:22:53,5,-5.0
2015-03-22 06:27:53,4,-4.0
2015-03-22 06:32:53,6,-6.0
2015-03-22 06:37:53,4,-4.0
2015-03-22 06:42:53,5,-5.0
2015-03-22 06:47:53,6,-6.0
2015-03-22 06:52:53,1,-1.0
2015-03-22 06:57:53,4,-4.0
2015-03-22 07:02:53,7,-7.0
2015-03-22 07:07:53,5,-5.0
2015-03-22 07:12:53,5,-5.0
2015-03-22 07:17:53,2,-2.0
2015-03-22 07:22:53,3,-3.0
2015-03-22 07:27:53,1,-1.0
2015-03-22 07:32:53,0,0.0
2015-03-22 07:37:53,9,-9.0
2015-03-22 07:42:53,10,-10.0
2015-03-22 07:47:53,11,-11.0
2015-03-22 07:52:53,8,-8.0
2015-03-22 07:57:53,7,-7.0
2015-03-22 08:02:53,7,-7.0
2015-03-22 08:07:53,9,-9.0
2015-03-22 08:12:53,11,-11.0
2015-03-22 08:17:53,2,-2.0
2015-03-22 08:22:53,14,-14.0
2015-03-22 08:27:53,6,-6.0
2015-03-22 08:32:53,4,-4.0
2015-03-22 08:37:53,6,-6.0
2015-03-22 08:42:53,6,-6.0
2015-03-22 08:47:53,6,-6.0
2015-03-22 08:52:53,6,-6.0
2015-03-22 08:57:53,18,-18.0
2015-03-22 09:02:53,2,-2.0
2015-03-22 09:07:53,6,-6.0
2015-03-22 09:12:53,6,-6.0
2015-03-22 09:17:53,8,-8.0
2015-03-22 09:22:53,10,-10.0
2015-03-22 09:27:53,8,-8.0
2015-03-22 09:32:53,8,-8.0
2015-03-22 09:37:53,2,-2.0
2015-03-22 09:42:53,8,-8.0
2015-03-22 09:47:53,10,-10.0
2015-03-22 09:52:53,4,-4.0
2015-03-22 09:57:53,6,-6.0
2015-03-22 10:02:53,11,-11.0
2015-03-22 10:07:53,5,-5.0
2015-03-22 10:12:53,2,-2.0
2015-03-22 10:17:53,6,-6.0
2015-03-22 10:22:53,4,-4.0
2015-03-22 10:27:53,5,-5.0
2015-03-22 10:32:53,2,-2.0
2015-03-22 10:37:53,0,0.0
2015-03-22 10:42:53,8,-8.0
2015-03-22 10:47:53,6,-6.0
2015-03-22 10:52:53,13,-13.0
2015-03-22 10:57:53,7,-7.0
2015-03-22 11:02:53,7,-7.0
2015-03-22 11:07:53,20,-20.0
2015-03-22 11:12:53,15,-15.0
2015-03-22 11:17:53,33,-33.0
2015-03-22 11:22:53,49,-49.0
2015-03-22 11:27:53,25,-25.0
2015-03-22 11:32:53,6,-6.0
2015-03-22 11:37:53,5,-5.0
2015-03-22 11:42:53,2,-2.0
2015-03-22 11:47:53,8,-8.0
2015-03-22 11:52:53,7,-7.0
2015-03-22 11:57:53,4,-4.0
2015-03-22 12:02:53,5,-5.0
2015-03-22 12:07:53,4,-4.0
2015-03-22 12:12:53,2,-2.0
2015-03-22 12:17:53,15,-15.0
2015-03-22 12:22:53,47,-47.0
2015-03-22 12:27:53,6,-6.0
2015-03-22 12:32:53,7,-7.0
2015-03-22 12:37:53,3,-3.0
2015-03-22 12:42:53,14,-14.0
2015-03-22 12:47:53,6,-6.0
2015-03-22 12:52:53,7,-7.0
2015-03-22 12:57:53,10,-10.0
2015-03-22 13:02:53,5,-5.0
2015-03-22 13:07:53,13,-13.0
2015-03-22 13:12:53,9,-9.0
2015-03-22 13:17:53,5,-5.0
2015-03-22 13:22:53,6,-6.0
2015-03-22 13:27:53,5,-5.0
2015-03-22 13:32:53,2,-2.0
2015-03-22 13:37:53,51,-51.0
2015-03-22 13:42:53,10,-10.0
2015-03-22 13:47:53,7,-7.0
2015-03-22 13:52:53,7,-7.0
2015-03-22 13:57:53,7,-7.0
2015-03-22 14:02:53,14,-14.0
2015-03-22 14:07:53,10,-10.0
2015-03-22 14:12:53,10,-10.0
2015-03-22 14:17:53,23,-23.0
2015-03-22 14:22:53,13,-13.0
2015-03-22 14:27:53,19,-19.0
2015-03-22 14:32:53,5,-5.0
2015-03-22 14:37:53,20,-20.0
2015-03-22 14:42:53,10,-10.0
2015-03-22 14:47:53,9,-9.0
2015-03-22 14:52:53,9,-9.0
2015-03-22 14:57:53,12,-12.0
2015-03-22 15:02:53,7,-7.0
2015-03-22 15:07:53,19,-19.0
2015-03-22 15:12:53,12,-12.0
2015-03-22 15:17:53,8,-8.0
2015-03-22 15:22:53,8,-8.0
2015-03-22 15:27:53,38,-38.0
2015-03-22 15:32:53,21,-21.0
2015-03-22 15:37:53,8,-8.0
2015-03-22 15:42:53,14,-14.0
2015-03-22 15:47:53,20,-20.0
2015-03-22 15:52:53,11,-11.0
2015-03-22 15:57:53,9,-9.0
2015-03-22 16:02:53,17,-17.0
2015-03-22 16:07:53,9,-9.0
2015-03-22 16:12:53,9,-9.0
2015-03-22 16:17:53,20,-20.0
2015-03-22 16:22:53,16,-16.0
2015-03-22 16:27:53,15,-15.0
2015-03-22 16:32:53,17,-17.0
2015-03-22 16:37:53,17,-17.0
2015-03-22 16:42:53,12,-12.0
2015-03-22 16:47:53,9,-9.0
2015-03-22 16:52:53,8,-8.0
2015-03-22 16:57:53,15,-15.0
2015-03-22 17:02:53,11,-11.0
2015-03-22 17:07:53,13,-13.0
2015-03-22 17:12:53,13,-13.0
2015-03-22 17:17:53,14,-14.0
2015-03-22 17:22:53,15,-15.0
2015-03-22 17:27:53,14,-14.0
2015-03-22 17:32:53,21,-21.0
2015-03-22 17:37:53,9,-9.0
2015-03-22 17:42:53,10,-10.0
2015-03-22 17:47:53,14,-14.0
2015-03-22 17:52:53,4,-4.0
2015-03-22 17:57:53,13,-13.0
2015-03-22 18:02:53,14,-14.0
2015-03-22 18:07:53,12,-12.0
2015-03-22 18:12:53,15,-15.0
2015-03-22 18:17:53,7,-7.0
2015-03-22 18:22:53,8,-8.0
2015-03-22 18:27:53,12,-12.0
2015-03-22 18:32:53,11,-11.0
2015-03-22 18:37:53,15,-15.0
2015-03-22 18:42:53,9,-9.0
2015-03-22 18:47:53,14,-14.0
2015-03-22 18:52:53,7,-7.0
2015-03-22 18:57:53,14,-14.0
2015-03-22 19:02:53,12,-12.0
2015-03-22 19:07:53,8,-8.0
2015-03-22 19:12:53,67,-67.0
2015-03-22 19:17:53,5,-5.0
2015-03-22 19:22:53,8,-8.0
2015-03-22 19:27:53,11,-11.0
2015-03-22 19:32:53,3,-3.0
2015-03-22 19:37:53,13,-13.0
2015-03-22 19:42:53,20,-20.0
2015-03-22 19:47:53,9,-9.0
2015-03-22 19:52:53,13,-13.0
2015-03-22 19:57:53,12,-12.0
2015-03-22 20:02:53,31,-31.0
2015-03-22 20:07:53,21,-21.0
2015-03-22 20:12:53,27,-27.0
2015-03-22 20:17:53,18,-18.0
2015-03-22 20:22:53,25,-25.0
2015-03-22 20:27:53,20,-20.0
2015-03-22 20:32:53,28,-28.0
2015-03-22 20:37:53,20,-20.0
2015-03-22 20:42:53,25,-25.0
2015-03-22 20:47:53,20,-20.0
2015-03-22 20:52:53,16,-16.0
2015-03-22 20:57:53,21,-21.0
2015-03-22 21:02:53,67,-67.0
2015-03-22 21:07:53,23,-23.0
2015-03-22 21:12:53,32,-32.0
2015-03-22 21:17:53,19,-19.0
2015-03-22 21:22:53,26,-26.0
2015-03-22 21:27:53,18,-18.0
2015-03-22 21:32:53,21,-21.0
2015-03-22 21:37:53,25,-25.0
2015-03-22 21:42:53,15,-15.0
2015-03-22 21:47:53,12,-12.0
2015-03-22 21:52:53,9,-9.0
2015-03-22 21:57:53,14,-14.0
2015-03-22 22:02:53,18,-18.0
2015-03-22 22:07:53,9,-9.0
2015-03-22 22:12:53,11,-11.0
2015-03-22 22:17:53,14,-14.0
2015-03-22 22:22:53,9,-9.0
2015-03-22 22:27:53,30,-30.0
2015-03-22 22:32:53,32,-32.0
2015-03-22 22:37:53,6,-6.0
2015-03-22 22:42:53,12,-12.0
2015-03-22 22:47:53,9,-9.0
2015-03-22 22:52:53,50,-50.0
2015-03-22 22:57:53,9,-9.0
2015-03-22 23:02:53,9,-9.0
2015-03-22 23:07:53,6,-6.0
2015-03-22 23:12:53,14,-14.0
2015-03-22 23:17:53,9,-9.0
2015-03-22 23:22:53,53,-53.0
2015-03-22 23:27:53,17,-17.0
2015-03-22 23:32:53,9,-9.0
2015-03-22 23:37:53,5,-5.0
2015-03-22 23:42:53,6,-6.0
2015-03-22 23:47:53,9,-9.0
2015-03-22 23:52:53,13,-13.0
2015-03-22 23:57:53,11,-11.0
2015-03-23 00:02:53,12,-12.0
2015-03-23 00:07:53,10,-10.0
2015-03-23 00:12:53,11,-11.0
2015-03-23 00:17:53,4,-4.0
2015-03-23 00:22:53,8,-8.0
2015-03-23 00:27:53,4,-4.0
2015-03-23 00:32:53,9,-9.0
2015-03-23 00:37:53,7,-7.0
2015-03-23 00:42:53,9,-9.0
2015-03-23 00:47:53,18,-18.0
2015-03-23 00:52:53,7,-7.0
2015-03-23 00:57:53,9,-9.0
2015-03-23 01:02:53,6,-6.0
2015-03-23 01:07:53,12,-12.0
2015-03-23 01:12:53,11,-11.0
2015-03-23 01:17:53,7,-7.0
2015-03-23 01:22:53,13,-13.0
2015-03-23 01:27:53,6,-6.0
2015-03-23 01:32:53,7,-7.0
2015-03-23 01:37:53,53,-53.0
2015-03-23 01:42:53,4,-4.0
2015-03-23 01:47:53,46,-46.0
2015-03-23 01:52:53,7,-7.0
2015-03-23 01:57:53,10,-10.0
2015-03-23 02:02:53,9,-9.0
2015-03-23 02:07:53,2,-2.0
2015-03-23 02:12:53,14,-14.0
2015-03-23 02:17:53,16,-16.0
2015-03-23 02:22:53,5,-5.0
2015-03-23 02:27:53,1,-1.0
2015-03-23 02:32:53,14,-14.0
2015-03-23 02:37:53,7,-7.0
2015-03-23 02:42:53,7,-7.0
2015-03-23 02:47:53,7,-7.0
2015-03-23 02:52:53,7,-7.0
2015-03-23 02:57:53,7,-7.0
2015-03-23 03:02:53,13,-13.0
2015-03-23 03:07:53,5,-5.0
2015-03-23 03:12:53,4,-4.0
2015-03-23 03:17:53,4,-4.0
2015-03-23 03:22:53,7,-7.0
2015-03-23 03:27:53,11,-11.0
2015-03-23 03:32:53,7,-7.0
2015-03-23 03:37:53,0,0.0
2015-03-23 03:42:53,10,-10.0
2015-03-23 03:47:53,7,-7.0
2015-03-23 03:52:53,8,-8.0
2015-03-23 03:57:53,8,-8.0
2015-03-23 04:02:53,3,-3.0
2015-03-23 04:07:53,3,-3.0
2015-03-23 04:12:53,11,-11.0
2015-03-23 04:17:53,4,-4.0
2015-03-23 04:22:53,15,-15.0
2015-03-23 04:27:53,13,-13.0
2015-03-23 04:32:53,10,-10.0
2015-03-23 04:37:53,13,-13.0
2015-03-23 04:42:53,8,-8.0
2015-03-23 04:47:53,3,-3.0
2015-03-23 04:52:53,19,-19.0
2015-03-23 04:57:53,50,-50.0
2015-03-23 05:02:53,7,-7.0
2015-03-23 05:07:53,4,-4.0
2015-03-23 05:12:53,15,-15.0
2015-03-23 05:17:53,1,-1.0
2015-03-23 05:22:53,7,-7.0
2015-03-23 05:27:53,6,-6.0
2015-03-23 05:32:53,10,-10.0
2015-03-23 05:37:53,5,-5.0
2015-03-23 05:42:53,13,-13.0
2015-03-23 05:47:53,4,-4.0
2015-03-23 05:52:53,47,-47.0
2015-03-23 05:57:53,14,-14.0
2015-03-23 06:02:53,5,-5.0
2015-03-23 06:07:53,7,-7.0
2015-03-23 06:12:53,7,-7.0
2015-03-23 06:17:53,10,-10.0
2015-03-23 06:22:53,11,-11.0
2015-03-23 06:27:53,5,-5.0
2015-03-23 06:32:53,4,-4.0
2015-03-23 06:37:53,5,-5.0
2015-03-23 06:42:53,13,-13.0
2015-03-23 06:47:53,2,-2.0
2015-03-23 06:52:53,5,-5.0
2015-03-23 06:57:53,12,-12.0
2015-03-23 07:02:53,15,-15.0
2015-03-23 07:07:53,10,-10.0
2015-03-23 07:12:53,6,-6.0
2015-03-23 07:17:53,7,-7.0
2015-03-23 07:22:53,9,-9.0
2015-03-23 07:27:53,22,-22.0
2015-03-23 07:32:53,3,-3.0
2015-03-23 07:37:53,8,-8.0
2015-03-23 07:42:53,8,-8.0
2015-03-23 07:47:53,11,-11.0
2015-03-23 07:52:53,11,-11.0
2015-03-23 07:57:53,12,-12.0
2015-03-23 08:02:53,9,-9.0
2015-03-23 08:07:53,10,-10.0
2015-03-23 08:12:53,10,-10.0
2015-03-23 08:17:53,16,-16.0
2015-03-23 08:22:53,8,-8.0
2015-03-23 08:27:53,10,-10.0
2015-03-23 08:32:53,4,-4.0
2015-03-23 08:37:53,8,-8.0
2015-03-23 08:42:53,14,-14.0
2015-03-23 08:47:53,8,-8.0
2015-03-23 08:52:53,20,-20.0
2015-03-23 08:57:53,16,-16.0
2015-03-23 09:02:53,12,-12.0
2015-03-23 09:07:53,14,-14.0
2015-03-23 09:12:53,52,-52.0
2015-03-23 09:17:53,21,-21.0
2015-03-23 09:22:53,7,-7.0
2015-03-23 09:27:53,10,-10.0
2015-03-23 09:32:53,10,-10.0
2015-03-23 09:37:53,15,-15.0
2015-03-23 09:42:53,50,-50.0
2015-03-23 09:47:53,14,-14.0
2015-03-23 09:52:53,20,-20.0
2015-03-23 09:57:53,21,-21.0
2015-03-23 10:02:53,17,-17.0
2015-03-23 10:07:53,26,-26.0
2015-03-23 10:12:53,10,-10.0
2015-03-23 10:17:53,20,-20.0
2015-03-23 10:22:53,21,-21.0
2015-03-23 10:27:53,12,-12.0
2015-03-23 10:32:53,16,-16.0
2015-03-23 10:37:53,8,-8.0
2015-03-23 10:42:53,13,-13.0
2015-03-23 10:47:53,14,-14.0
2015-03-23 10:52:53,15,-15.0
2015-03-23 10:57:53,13,-13.0
2015-03-23 11:02:53,17,-17.0
2015-03-23 11:07:53,22,-22.0
2015-03-23 11:12:53,21,-21.0
2015-03-23 11:17:53,18,-18.0
2015-03-23 11:22:53,18,-18.0
2015-03-23 11:27:53,16,-16.0
2015-03-23 11:32:53,13,-13.0
2015-03-23 11:37:53,13,-13.0
2015-03-23 11:42:53,8,-8.0
2015-03-23 11:47:53,8,-8.0
2015-03-23 11:52:53,16,-16.0
2015-03-23 11:57:53,66,-66.0
2015-03-23 12:02:53,18,-18.0
2015-03-23 12:07:53,17,-17.0
2015-03-23 12:12:53,10,-10.0
2015-03-23 12:17:53,14,-14.0
2015-03-23 12:22:53,10,-10.0
2015-03-23 12:27:53,19,-19.0
2015-03-23 12:32:53,15,-15.0
2015-03-23 12:37:53,13,-13.0
2015-03-23 12:42:53,11,-11.0
2015-03-23 12:47:53,15,-15.0
2015-03-23 12:52:53,9,-9.0
2015-03-23 12:57:53,20,-20.0
2015-03-23 13:02:53,35,-35.0
2015-03-23 13:07:53,29,-29.0
2015-03-23 13:12:53,14,-14.0
2015-03-23 13:17:53,18,-18.0
2015-03-23 13:22:53,28,-28.0
2015-03-23 13:27:53,40,-40.0
2015-03-23 13:32:53,22,-22.0
2015-03-23 13:37:53,13,-13.0
2015-03-23 13:42:53,24,-24.0
2015-03-23 13:47:53,21,-21.0
2015-03-23 13:52:53,22,-22.0
2015-03-23 13:57:53,24,-24.0
2015-03-23 14:02:53,29,-29.0
2015-03-23 14:07:53,26,-26.0
2015-03-23 14:12:53,25,-25.0
2015-03-23 14:17:53,37,-37.0
2015-03-23 14:22:53,16,-16.0
2015-03-23 14:27:53,29,-29.0
2015-03-23 14:32:53,24,-24.0
2015-03-23 14:37:53,41,-41.0
2015-03-23 14:42:53,32,-32.0
2015-03-23 14:47:53,21,-21.0
2015-03-23 14:52:53,30,-30.0
2015-03-23 14:57:53,32,-32.0
2015-03-23 15:02:53,76,-76.0
2015-03-23 15:07:53,32,-32.0
2015-03-23 15:12:53,27,-27.0
2015-03-23 15:17:53,25,-25.0
2015-03-23 15:22:53,21,-21.0
2015-03-23 15:27:53,42,-42.0
2015-03-23 15:32:53,27,-27.0
2015-03-23 15:37:53,66,-66.0
2015-03-23 15:42:53,28,-28.0
2015-03-23 15:47:53,29,-29.0
2015-03-23 15:52:53,25,-25.0
2015-03-23 15:57:53,51,-51.0
2015-03-23 16:02:53,28,-28.0
2015-03-23 16:07:53,34,-34.0
2015-03-23 16:12:53,20,-20.0
2015-03-23 16:17:53,14,-14.0
2015-03-23 16:22:53,31,-31.0
2015-03-23 16:27:53,28,-28.0
2015-03-23 16:32:53,28,-28.0
2015-03-23 16:37:53,27,-27.0
2015-03-23 16:42:53,21,-21.0
2015-03-23 16:47:53,29,-29.0
2015-03-23 16:52:53,25,-25.0
2015-03-23 16:57:53,37,-37.0
2015-03-23 17:02:53,17,-17.0
2015-03-23 17:07:53,27,-27.0
2015-03-23 17:12:53,26,-26.0
2015-03-23 17:17:53,31,-31.0
2015-03-23 17:22:53,25,-25.0
2015-03-23 17:27:53,25,-25.0
2015-03-23 17:32:53,22,-22.0
2015-03-23 17:37:53,32,-32.0
2015-03-23 17:42:53,20,-20.0
2015-03-23 17:47:53,55,-55.0
2015-03-23 17:52:53,27,-27.0
2015-03-23 17:57:53,36,-36.0
2015-03-23 18:02:53,25,-25.0
2015-03-23 18:07:53,19,-19.0
2015-03-23 18:12:53,85,-85.0
2015-03-23 18:17:53,65,-65.0
2015-03-23 18:22:53,37,-37.0
2015-03-23 18:27:53,38,-38.0
2015-03-23 18:32:53,47,-47.0
2015-03-23 18:37:53,34,-34.0
2015-03-23 18:42:53,28,-28.0
2015-03-23 18:47:53,33,-33.0
2015-03-23 18:52:53,30,-30.0
2015-03-23 18:57:53,30,-30.0
2015-03-23 19:02:53,46,-46.0
2015-03-23 19:07:53,31,-31.0
2015-03-23 19:12:53,22,-22.0
2015-03-23 19:17:53,36,-36.0
2015-03-23 19:22:53,28,-28.0
2015-03-23 19:27:53,17,-17.0
2015-03-23 19:32:53,41,-41.0
2015-03-23 19:37:53,15,-15.0
2015-03-23 19:42:53,19,-19.0
2015-03-23 19:47:53,16,-16.0
2015-03-23 19:52:53,30,-30.0
2015-03-23 19:57:53,29,-29.0
2015-03-23 20:02:53,29,-29.0
2015-03-23 20:07:53,59,-59.0
2015-03-23 20:12:53,21,-21.0
2015-03-23 20:17:53,30,-30.0
2015-03-23 20:22:53,23,-23.0
2015-03-23 20:27:53,23,-23.0
2015-03-23 20:32:53,25,-25.0
2015-03-23 20:37:53,29,-29.0
2015-03-23 20:42:53,17,-17.0
2015-03-23 20:47:53,18,-18.0
2015-03-23 20:52:53,12,-12.0
2015-03-23 20:57:53,35,-35.0
2015-03-23 21:02:53,19,-19.0
2015-03-23 21:07:53,16,-16.0
2015-03-23 21:12:53,16,-16.0
2015-03-23 21:17:53,24,-24.0
2015-03-23 21:22:53,18,-18.0
2015-03-23 21:27:53,13,-13.0
2015-03-23 21:32:53,16,-16.0
2015-03-23 21:37:53,25,-25.0
2015-03-23 21:42:53,29,-29.0
2015-03-23 21:47:53,28,-28.0
2015-03-23 21:52:53,32,-32.0
2015-03-23 21:57:53,26,-26.0
2015-03-23 22:02:53,19,-19.0
2015-03-23 22:07:53,25,-25.0
2015-03-23 22:12:53,11,-11.0
2015-03-23 22:17:53,16,-16.0
2015-03-23 22:22:53,12,-12.0
2015-03-23 22:27:53,14,-14.0
2015-03-23 22:32:53,16,-16.0
2015-03-23 22:37:53,19,-19.0
2015-03-23 22:42:53,56,-56.0
2015-03-23 22:47:53,26,-26.0
2015-03-23 22:52:53,15,-15.0
2015-03-23 22:57:53,24,-24.0
2015-03-23 23:02:53,28,-28.0
2015-03-23 23:07:53,24,-24.0
2015-03-23 23:12:53,23,-23.0
2015-03-23 23:17:53,26,-26.0
2015-03-23 23:22:53,22,-22.0
2015-03-23 23:27:53,28,-28.0
2015-03-23 23:32:53,16,-16.0
2015-03-23 23:37:53,19,-19.0
2015-03-23 23:42:53,12,-12.0
2015-03-23 23:47:53,17,-17.0
2015-03-23 23:52:53,16,-16.0
2015-03-23 23:57:53,16,-16.0
2015-03-24 00:02:53,25,-25.0
2015-03-24 00:07:53,13,-13.0
2015-03-24 00:12:53,22,-22.0
2015-03-24 00:17:53,13,-13.0
2015-03-24 00:22:53,14,-14.0
2015-03-24 00:27:53,11,-11.0
2015-03-24 00:32:53,12,-12.0
2015-03-24 00:37:53,17,-17.0
2015-03-24 00:42:53,9,-9.0
2015-03-24 00:47:53,142,-142.0
2015-03-24 00:52:53,85,-85.0
2015-03-24 00:57:53,26,-26.0
2015-03-24 01:02:53,19,-19.0
2015-03-24 01:07:53,11,-11.0
2015-03-24 01:12:53,50,-50.0
2015-03-24 01:17:53,14,-14.0
2015-03-24 01:22:53,22,-22.0
2015-03-24 01:27:53,7,-7.0
2015-03-24 01:32:53,7,-7.0
2015-03-24 01:37:53,7,-7.0
2015-03-24 01:42:53,12,-12.0
2015-03-24 01:47:53,17,-17.0
2015-03-24 01:52:53,7,-7.0
2015-03-24 01:57:53,15,-15.0
2015-03-24 02:02:53,50,-50.0
2015-03-24 02:07:53,28,-28.0
2015-03-24 02:12:53,5,-5.0
2015-03-24 02:17:53,10,-10.0
2015-03-24 02:22:53,4,-4.0
2015-03-24 02:27:53,11,-11.0
2015-03-24 02:32:53,7,-7.0
2015-03-24 02:37:53,12,-12.0
2015-03-24 02:42:53,16,-16.0
2015-03-24 02:47:53,10,-10.0
2015-03-24 02:52:53,5,-5.0
2015-03-24 02:57:53,7,-7.0
2015-03-24 03:02:53,11,-11.0
2015-03-24 03:07:53,7,-7.0
2015-03-24 03:12:53,19,-19.0
2015-03-24 03:17:53,20,-20.0
2015-03-24 03:22:53,51,-51.0
2015-03-24 03:27:53,4,-4.0
2015-03-24 03:32:53,5,-5.0
2015-03-24 03:37:53,16,-16.0
2015-03-24 03:42:53,13,-13.0
2015-03-24 03:47:53,12,-12.0
2015-03-24 03:52:53,22,-22.0
2015-03-24 03:57:53,16,-16.0
2015-03-24 04:02:53,10,-10.0
2015-03-24 04:07:53,11,-11.0
2015-03-24 04:12:53,13,-13.0
2015-03-24 04:17:53,17,-17.0
2015-03-24 04:22:53,6,-6.0
2015-03-24 04:27:53,11,-11.0
2015-03-24 04:32:53,11,-11.0
2015-03-24 04:37:53,6,-6.0
2015-03-24 04:42:53,7,-7.0
2015-03-24 04:47:53,15,-15.0
2015-03-24 04:52:53,6,-6.0
2015-03-24 04:57:53,15,-15.0
2015-03-24 05:02:53,12,-12.0
2015-03-24 05:07:53,3,-3.0
2015-03-24 05:12:53,50,-50.0
2015-03-24 05:17:53,8,-8.0
2015-03-24 05:22:53,14,-14.0
2015-03-24 05:27:53,7,-7.0
2015-03-24 05:32:53,44,-44.0
2015-03-24 05:37:53,3,-3.0
2015-03-24 05:42:53,1,-1.0
2015-03-24 05:47:53,6,-6.0
2015-03-24 05:52:53,10,-10.0
2015-03-24 05:57:53,12,-12.0
2015-03-24 06:02:53,22,-22.0
2015-03-24 06:07:53,6,-6.0
2015-03-24 06:12:53,6,-6.0
2015-03-24 06:17:53,7,-7.0
2015-03-24 06:22:53,9,-9.0
2015-03-24 06:27:53,11,-11.0
2015-03-24 06:32:53,11,-11.0
2015-03-24 06:37:53,6,-6.0
2015-03-24 06:42:53,4,-4.0
2015-03-24 06:47:53,11,-11.0
2015-03-24 06:52:53,2,-2.0
2015-03-24 06:57:53,12,-12.0
2015-03-24 07:02:53,6,-6.0
2015-03-24 07:07:53,10,-10.0
2015-03-24 07:12:53,4,-4.0
2015-03-24 07:17:53,15,-15.0
2015-03-24 07:22:53,18,-18.0
2015-03-24 07:27:53,9,-9.0
2015-03-24 07:32:53,13,-13.0
2015-03-24 07:37:53,12,-12.0
2015-03-24 07:42:53,10,-10.0
2015-03-24 07:47:53,12,-12.0
2015-03-24 07:52:53,6,-6.0
2015-03-24 07:57:53,51,-51.0
2015-03-24 08:02:53,10,-10.0
2015-03-24 08:07:53,10,-10.0
2015-03-24 08:12:53,13,-13.0
2015-03-24 08:17:53,27,-27.0
2015-03-24 08:22:53,13,-13.0
2015-03-24 08:27:53,13,-13.0
2015-03-24 08:32:53,14,-14.0
2015-03-24 08:37:53,12,-12.0
2015-03-24 08:42:53,4,-4.0
2015-03-24 08:47:53,49,-49.0
2015-03-24 08:52:53,14,-14.0
2015-03-24 08:57:53,20,-20.0
2015-03-24 09:02:53,14,-14.0
2015-03-24 09:07:53,18,-18.0
2015-03-24 09:12:53,12,-12.0
2015-03-24 09:17:53,9,-9.0
2015-03-24 09:22:53,14,-14.0
2015-03-24 09:27:53,7,-7.0
2015-03-24 09:32:53,14,-14.0
2015-03-24 09:37:53,13,-13.0
2015-03-24 09:42:53,15,-15.0
2015-03-24 09:47:53,19,-19.0
2015-03-24 09:52:53,12,-12.0
2015-03-24 09:57:53,12,-12.0
2015-03-24 10:02:53,22,-22.0
2015-03-24 10:07:53,19,-19.0
2015-03-24 10:12:53,10,-10.0
2015-03-24 10:17:53,20,-20.0
2015-03-24 10:22:53,17,-17.0
2015-03-24 10:27:53,10,-10.0
2015-03-24 10:32:53,9,-9.0
2015-03-24 10:37:53,15,-15.0
2015-03-24 10:42:53,17,-17.0
2015-03-24 10:47:53,17,-17.0
2015-03-24 10:52:53,11,-11.0
2015-03-24 10:57:53,14,-14.0
2015-03-24 11:02:53,19,-19.0
2015-03-24 11:07:53,17,-17.0
2015-03-24 11:12:53,12,-12.0
2015-03-24 11:17:53,4,-4.0
2015-03-24 11:22:53,10,-10.0
2015-03-24 11:27:53,17,-17.0
2015-03-24 11:32:53,23,-23.0
2015-03-24 11:37:53,16,-16.0
2015-03-24 11:42:53,25,-25.0
2015-03-24 11:47:53,7,-7.0
2015-03-24 11:52:53,25,-25.0
2015-03-24 11:57:53,24,-24.0
2015-03-24 12:02:53,16,-16.0
2015-03-24 12:07:53,20,-20.0
2015-03-24 12:12:53,10,-10.0
2015-03-24 12:17:53,18,-18.0
2015-03-24 12:22:53,52,-52.0
2015-03-24 12:27:53,22,-22.0
2015-03-24 12:32:53,10,-10.0
2015-03-24 12:37:53,8,-8.0
2015-03-24 12:42:53,13,-13.0
2015-03-24 12:47:53,18,-18.0
2015-03-24 12:52:53,64,-64.0
2015-03-24 12:57:53,94,-94.0
2015-03-24 13:02:53,77,-77.0
2015-03-24 13:07:53,65,-65.0
2015-03-24 13:12:53,61,-61.0
2015-03-24 13:17:53,82,-82.0
2015-03-24 13:22:53,34,-34.0
2015-03-24 13:27:53,31,-31.0
2015-03-24 13:32:53,31,-31.0
2015-03-24 13:37:53,18,-18.0
2015-03-24 13:42:53,28,-28.0
2015-03-24 13:47:53,24,-24.0
2015-03-24 13:52:53,20,-20.0
2015-03-24 13:57:53,37,-37.0
2015-03-24 14:02:53,24,-24.0
2015-03-24 14:07:53,27,-27.0
2015-03-24 14:12:53,23,-23.0
2015-03-24 14:17:53,36,-36.0
2015-03-24 14:22:53,15,-15.0
2015-03-24 14:27:53,39,-39.0
2015-03-24 14:32:53,27,-27.0
2015-03-24 14:37:53,33,-33.0
2015-03-24 14:42:53,28,-28.0
2015-03-24 14:47:53,24,-24.0
2015-03-24 14:52:53,36,-36.0
2015-03-24 14:57:53,44,-44.0
2015-03-24 15:02:53,20,-20.0
2015-03-24 15:07:53,48,-48.0
2015-03-24 15:12:53,43,-43.0
2015-03-24 15:17:53,29,-29.0
2015-03-24 15:22:53,35,-35.0
2015-03-24 15:27:53,30,-30.0
2015-03-24 15:32:53,46,-46.0
2015-03-24 15:37:53,29,-29.0
2015-03-24 15:42:53,18,-18.0
2015-03-24 15:47:53,29,-29.0
2015-03-24 15:52:53,46,-46.0
2015-03-24 15:57:53,20,-20.0
2015-03-24 16:02:53,26,-26.0
2015-03-24 16:07:53,101,-101.0
2015-03-24 16:12:53,35,-35.0
2015-03-24 16:17:53,32,-32.0
2015-03-24 16:22:53,28,-28.0
2015-03-24 16:27:53,30,-30.0
2015-03-24 16:32:53,45,-45.0
2015-03-24 16:37:53,61,-61.0
2015-03-24 16:42:53,50,-50.0
2015-03-24 16:47:53,60,-60.0
2015-03-24 16:52:53,54,-54.0
2015-03-24 16:57:53,61,-61.0
2015-03-24 17:02:53,45,-45.0
2015-03-24 17:07:53,37,-37.0
2015-03-24 17:12:53,34,-34.0
2015-03-24 17:17:53,35,-35.0
2015-03-24 17:22:53,23,-23.0
2015-03-24 17:27:53,39,-39.0
2015-03-24 17:32:53,38,-38.0
2015-03-24 17:37:53,67,-67.0
2015-03-24 17:42:53,47,-47.0
2015-03-24 17:47:53,41,-41.0
2015-03-24 17:52:53,41,-41.0
2015-03-24 17:57:53,49,-49.0
2015-03-24 18:02:53,51,-51.0
2015-03-24 18:07:53,18,-18.0
2015-03-24 18:12:53,39,-39.0
2015-03-24 18:17:53,22,-22.0
2015-03-24 18:22:53,31,-31.0
2015-03-24 18:27:53,21,-21.0
2015-03-24 18:32:53,35,-35.0
2015-03-24 18:37:53,28,-28.0
2015-03-24 18:42:53,35,-35.0
2015-03-24 18:47:53,75,-75.0
2015-03-24 18:52:53,79,-79.0
2015-03-24 18:57:53,65,-65.0
2015-03-24 19:02:53,51,-51.0
2015-03-24 19:07:53,41,-41.0
2015-03-24 19:12:53,49,-49.0
2015-03-24 19:17:53,28,-28.0
2015-03-24 19:22:53,41,-41.0
2015-03-24 19:27:53,31,-31.0
2015-03-24 19:32:53,34,-34.0
2015-03-24 19:37:53,26,-26.0
2015-03-24 19:42:53,35,-35.0
2015-03-24 19:47:53,33,-33.0
2015-03-24 19:52:53,26,-26.0
2015-03-24 19:57:53,33,-33.0
2015-03-24 20:02:53,40,-40.0
2015-03-24 20:07:53,32,-32.0
2015-03-24 20:12:53,22,-22.0
2015-03-24 20:17:53,31,-31.0
2015-03-24 20:22:53,31,-31.0
2015-03-24 20:27:53,31,-31.0
2015-03-24 20:32:53,21,-21.0
2015-03-24 20:37:53,30,-30.0
2015-03-24 20:42:53,17,-17.0
2015-03-24 20:47:53,22,-22.0
2015-03-24 20:52:53,16,-16.0
2015-03-24 20:57:53,20,-20.0
2015-03-24 21:02:53,21,-21.0
2015-03-24 21:07:53,23,-23.0
2015-03-24 21:12:53,32,-32.0
2015-03-24 21:17:53,25,-25.0
2015-03-24 21:22:53,64,-64.0
2015-03-24 21:27:53,28,-28.0
2015-03-24 21:32:53,27,-27.0
2015-03-24 21:37:53,17,-17.0
2015-03-24 21:42:53,16,-16.0
2015-03-24 21:47:53,27,-27.0
2015-03-24 21:52:53,18,-18.0
2015-03-24 21:57:53,26,-26.0
2015-03-24 22:02:53,19,-19.0
2015-03-24 22:07:53,15,-15.0
2015-03-24 22:12:53,29,-29.0
2015-03-24 22:17:53,23,-23.0
2015-03-24 22:22:53,22,-22.0
2015-03-24 22:27:53,21,-21.0
2015-03-24 22:32:53,14,-14.0
2015-03-24 22:37:53,11,-11.0
2015-03-24 22:42:53,12,-12.0
2015-03-24 22:47:53,17,-17.0
2015-03-24 22:52:53,12,-12.0
2015-03-24 22:57:53,28,-28.0
2015-03-24 23:02:53,20,-20.0
2015-03-24 23:07:53,31,-31.0
2015-03-24 23:12:53,15,-15.0
2015-03-24 23:17:53,24,-24.0
2015-03-24 23:22:53,24,-24.0
2015-03-24 23:27:53,56,-56.0
2015-03-24 23:32:53,26,-26.0
2015-03-24 23:37:53,11,-11.0
2015-03-24 23:42:53,23,-23.0
2015-03-24 23:47:53,25,-25.0
2015-03-24 23:52:53,53,-53.0
2015-03-24 23:57:53,34,-34.0
2015-03-25 00:02:53,29,-29.0
2015-03-25 00:07:53,19,-19.0
2015-03-25 00:12:53,22,-22.0
2015-03-25 00:17:53,7,-7.0
2015-03-25 00:22:53,19,-19.0
2015-03-25 00:27:53,16,-16.0
2015-03-25 00:32:53,25,-25.0
2015-03-25 00:37:53,14,-14.0
2015-03-25 00:42:53,13,-13.0
2015-03-25 00:47:53,19,-19.0
2015-03-25 00:52:53,25,-25.0
2015-03-25 00:57:53,16,-16.0
2015-03-25 01:02:53,20,-20.0
2015-03-25 01:07:53,9,-9.0
2015-03-25 01:12:53,15,-15.0
2015-03-25 01:17:53,28,-28.0
2015-03-25 01:22:53,13,-13.0
2015-03-25 01:27:53,15,-15.0
2015-03-25 01:32:53,9,-9.0
2015-03-25 01:37:53,12,-12.0
2015-03-25 01:42:53,5,-5.0
2015-03-25 01:47:53,14,-14.0
2015-03-25 01:52:53,13,-13.0
2015-03-25 01:57:53,19,-19.0
2015-03-25 02:02:53,14,-14.0
2015-03-25 02:07:53,18,-18.0
2015-03-25 02:12:53,10,-10.0
2015-03-25 02:17:53,12,-12.0
2015-03-25 02:22:53,56,-56.0
2015-03-25 02:27:53,64,-64.0
2015-03-25 02:32:53,25,-25.0
2015-03-25 02:37:53,26,-26.0
2015-03-25 02:42:53,69,-69.0
2015-03-25 02:47:53,13,-13.0
2015-03-25 02:52:53,17,-17.0
2015-03-25 02:57:53,11,-11.0
2015-03-25 03:02:53,13,-13.0
2015-03-25 03:07:53,27,-27.0
2015-03-25 03:12:53,16,-16.0
2015-03-25 03:17:53,22,-22.0
2015-03-25 03:22:53,23,-23.0
2015-03-25 03:27:53,14,-14.0
2015-03-25 03:32:53,15,-15.0
2015-03-25 03:37:53,20,-20.0
2015-03-25 03:42:53,16,-16.0
2015-03-25 03:47:53,22,-22.0
2015-03-25 03:52:53,12,-12.0
2015-03-25 03:57:53,13,-13.0
2015-03-25 04:02:53,12,-12.0
2015-03-25 04:07:53,11,-11.0
2015-03-25 04:12:53,11,-11.0
2015-03-25 04:17:53,10,-10.0
2015-03-25 04:22:53,9,-9.0
2015-03-25 04:27:53,49,-49.0
2015-03-25 04:32:53,6,-6.0
2015-03-25 04:37:53,4,-4.0
2015-03-25 04:42:53,1,-1.0
2015-03-25 04:47:53,5,-5.0
2015-03-25 04:52:53,8,-8.0
2015-03-25 04:57:53,11,-11.0
2015-03-25 05:02:53,7,-7.0
2015-03-25 05:07:53,6,-6.0
2015-03-25 05:12:53,12,-12.0
2015-03-25 05:17:53,11,-11.0
2015-03-25 05:22:53,8,-8.0
2015-03-25 05:27:53,12,-12.0
2015-03-25 05:32:53,24,-24.0
2015-03-25 05:37:53,15,-15.0
2015-03-25 05:42:53,11,-11.0
2015-03-25 05:47:53,16,-16.0
2015-03-25 05:52:53,6,-6.0
2015-03-25 05:57:53,55,-55.0
2015-03-25 06:02:53,12,-12.0
2015-03-25 06:07:53,21,-21.0
2015-03-25 06:12:53,6,-6.0
2015-03-25 06:17:53,14,-14.0
2015-03-25 06:22:53,9,-9.0
2015-03-25 06:27:53,8,-8.0
2015-03-25 06:32:53,12,-12.0
2015-03-25 06:37:53,50,-50.0
2015-03-25 06:42:53,11,-11.0
2015-03-25 06:47:53,10,-10.0
2015-03-25 06:52:53,10,-10.0
2015-03-25 06:57:53,27,-27.0
2015-03-25 07:02:53,11,-11.0
2015-03-25 07:07:53,8,-8.0
2015-03-25 07:12:53,10,-10.0
2015-03-25 07:17:53,10,-10.0
2015-03-25 07:22:53,36,-36.0
2015-03-25 07:27:53,10,-10.0
2015-03-25 07:32:53,5,-5.0
2015-03-25 07:37:53,6,-6.0
2015-03-25 07:42:53,13,-13.0
2015-03-25 07:47:53,15,-15.0
2015-03-25 07:52:53,14,-14.0
2015-03-25 07:57:53,7,-7.0
2015-03-25 08:02:53,17,-17.0
2015-03-25 08:07:53,10,-10.0
2015-03-25 08:12:53,7,-7.0
2015-03-25 08:17:53,11,-11.0
2015-03-25 08:22:53,9,-9.0
2015-03-25 08:27:53,11,-11.0
2015-03-25 08:32:53,7,-7.0
2015-03-25 08:37:53,7,-7.0
2015-03-25 08:42:53,11,-11.0
2015-03-25 08:47:53,17,-17.0
2015-03-25 08:52:53,18,-18.0
2015-03-25 08:57:53,14,-14.0
2015-03-25 09:02:53,15,-15.0
2015-03-25 09:07:53,46,-46.0
2015-03-25 09:12:53,16,-16.0
2015-03-25 09:17:53,6,-6.0
2015-03-25 09:22:53,55,-55.0
2015-03-25 09:27:53,110,-110.0
2015-03-25 09:32:53,15,-15.0
2015-03-25 09:37:53,12,-12.0
2015-03-25 09:42:53,9,-9.0
2015-03-25 09:47:53,29,-29.0
2015-03-25 09:52:53,25,-25.0
2015-03-25 09:57:53,27,-27.0
2015-03-25 10:02:53,10,-10.0
2015-03-25 10:07:53,13,-13.0
2015-03-25 10:12:53,12,-12.0
2015-03-25 10:17:53,12,-12.0
2015-03-25 10:22:53,12,-12.0
2015-03-25 10:27:53,10,-10.0
2015-03-25 10:32:53,22,-22.0
2015-03-25 10:37:53,11,-11.0
2015-03-25 10:42:53,24,-24.0
2015-03-25 10:47:53,12,-12.0
2015-03-25 10:52:53,15,-15.0
2015-03-25 10:57:53,22,-22.0
2015-03-25 11:02:53,15,-15.0
2015-03-25 11:07:53,14,-14.0
2015-03-25 11:12:53,10,-10.0
2015-03-25 11:17:53,14,-14.0
2015-03-25 11:22:53,10,-10.0
2015-03-25 11:27:53,43,-43.0
2015-03-25 11:32:53,38,-38.0
2015-03-25 11:37:53,45,-45.0
2015-03-25 11:42:53,56,-56.0
2015-03-25 11:47:53,52,-52.0
2015-03-25 11:52:53,19,-19.0
2015-03-25 11:57:53,51,-51.0
2015-03-25 12:02:53,49,-49.0
2015-03-25 12:07:53,28,-28.0
2015-03-25 12:12:53,30,-30.0
2015-03-25 12:17:53,33,-33.0
2015-03-25 12:22:53,19,-19.0
2015-03-25 12:27:53,26,-26.0
2015-03-25 12:32:53,24,-24.0
2015-03-25 12:37:53,14,-14.0
2015-03-25 12:42:53,27,-27.0
2015-03-25 12:47:53,22,-22.0
2015-03-25 12:52:53,23,-23.0
2015-03-25 12:57:53,28,-28.0
2015-03-25 13:02:53,56,-56.0
2015-03-25 13:07:53,26,-26.0
2015-03-25 13:12:53,20,-20.0
2015-03-25 13:17:53,15,-15.0
2015-03-25 13:22:53,24,-24.0
2015-03-25 13:27:53,32,-32.0
2015-03-25 13:32:53,30,-30.0
2015-03-25 13:37:53,33,-33.0
2015-03-25 13:42:53,25,-25.0
2015-03-25 13:47:53,21,-21.0
2015-03-25 13:52:53,29,-29.0
2015-03-25 13:57:53,30,-30.0
2015-03-25 14:02:53,18,-18.0
2015-03-25 14:07:53,17,-17.0
2015-03-25 14:12:53,17,-17.0
2015-03-25 14:17:53,19,-19.0
2015-03-25 14:22:53,25,-25.0
2015-03-25 14:27:53,20,-20.0
2015-03-25 14:32:53,56,-56.0
2015-03-25 14:37:53,21,-21.0
2015-03-25 14:42:53,34,-34.0
2015-03-25 14:47:53,43,-43.0
2015-03-25 14:52:53,53,-53.0
2015-03-25 14:57:53,42,-42.0
2015-03-25 15:02:53,47,-47.0
2015-03-25 15:07:53,19,-19.0
2015-03-25 15:12:53,32,-32.0
2015-03-25 15:17:53,30,-30.0
2015-03-25 15:22:53,27,-27.0
2015-03-25 15:27:53,38,-38.0
2015-03-25 15:32:53,30,-30.0
2015-03-25 15:37:53,51,-51.0
2015-03-25 15:42:53,35,-35.0
2015-03-25 15:47:53,30,-30.0
2015-03-25 15:52:53,31,-31.0
2015-03-25 15:57:53,47,-47.0
2015-03-25 16:02:53,36,-36.0
2015-03-25 16:07:53,32,-32.0
2015-03-25 16:12:53,39,-39.0
2015-03-25 16:17:53,26,-26.0
2015-03-25 16:22:53,25,-25.0
2015-03-25 16:27:53,34,-34.0
2015-03-25 16:32:53,34,-34.0
2015-03-25 16:37:53,31,-31.0
2015-03-25 16:42:53,34,-34.0
2015-03-25 16:47:53,24,-24.0
2015-03-25 16:52:53,64,-64.0
2015-03-25 16:57:53,28,-28.0
2015-03-25 17:02:53,48,-48.0
2015-03-25 17:07:53,25,-25.0
2015-03-25 17:12:53,69,-69.0
2015-03-25 17:17:53,29,-29.0
2015-03-25 17:22:53,32,-32.0
2015-03-25 17:27:53,40,-40.0
2015-03-25 17:32:53,22,-22.0
2015-03-25 17:37:53,17,-17.0
2015-03-25 17:42:53,27,-27.0
2015-03-25 17:47:53,29,-29.0
2015-03-25 17:52:53,27,-27.0
2015-03-25 17:57:53,40,-40.0
2015-03-25 18:02:53,32,-32.0
2015-03-25 18:07:53,21,-21.0
2015-03-25 18:12:53,34,-34.0
2015-03-25 18:17:53,35,-35.0
2015-03-25 18:22:53,34,-34.0
2015-03-25 18:27:53,52,-52.0
2015-03-25 18:32:53,79,-79.0
2015-03-25 18:37:53,45,-45.0
2015-03-25 18:42:53,46,-46.0
2015-03-25 18:47:53,32,-32.0
2015-03-25 18:52:53,54,-54.0
2015-03-25 18:57:53,35,-35.0
2015-03-25 19:02:53,79,-79.0
2015-03-25 19:07:53,27,-27.0
2015-03-25 19:12:53,27,-27.0
2015-03-25 19:17:53,49,-49.0
2015-03-25 19:22:53,28,-28.0
2015-03-25 19:27:53,30,-30.0
2015-03-25 19:32:53,18,-18.0
2015-03-25 19:37:53,34,-34.0
2015-03-25 19:42:53,80,-80.0
2015-03-25 19:47:53,38,-38.0
2015-03-25 19:52:53,120,-120.0
2015-03-25 19:57:53,51,-51.0
2015-03-25 20:02:53,40,-40.0
2015-03-25 20:07:53,39,-39.0
2015-03-25 20:12:53,35,-35.0
2015-03-25 20:17:53,35,-35.0
2015-03-25 20:22:53,44,-44.0
2015-03-25 20:27:53,83,-83.0
2015-03-25 20:32:53,36,-36.0
2015-03-25 20:37:53,31,-31.0
2015-03-25 20:42:53,20,-20.0
2015-03-25 20:47:53,66,-66.0
2015-03-25 20:52:53,28,-28.0
2015-03-25 20:57:53,52,-52.0
2015-03-25 21:02:53,38,-38.0
2015-03-25 21:07:53,34,-34.0
2015-03-25 21:12:53,34,-34.0
2015-03-25 21:17:53,56,-56.0
2015-03-25 21:22:53,56,-56.0
2015-03-25 21:27:53,41,-41.0
2015-03-25 21:32:53,30,-30.0
2015-03-25 21:37:53,44,-44.0
2015-03-25 21:42:53,41,-41.0
2015-03-25 21:47:53,33,-33.0
2015-03-25 21:52:53,25,-25.0
2015-03-25 21:57:53,49,-49.0
2015-03-25 22:02:53,31,-31.0
2015-03-25 22:07:53,22,-22.0
2015-03-25 22:12:53,23,-23.0
2015-03-25 22:17:53,14,-14.0
2015-03-25 22:22:53,47,-47.0
2015-03-25 22:27:53,59,-59.0
2015-03-25 22:32:53,18,-18.0
2015-03-25 22:37:53,33,-33.0
2015-03-25 22:42:53,13,-13.0
2015-03-25 22:47:53,16,-16.0
2015-03-25 22:52:53,26,-26.0
2015-03-25 22:57:53,37,-37.0
2015-03-25 23:02:53,28,-28.0
2015-03-25 23:07:53,25,-25.0
2015-03-25 23:12:53,31,-31.0
2015-03-25 23:17:53,20,-20.0
2015-03-25 23:22:53,18,-18.0
2015-03-25 23:27:53,25,-25.0
2015-03-25 23:32:53,26,-26.0
2015-03-25 23:37:53,34,-34.0
2015-03-25 23:42:53,28,-28.0
2015-03-25 23:47:53,23,-23.0
2015-03-25 23:52:53,17,-17.0
2015-03-25 23:57:53,25,-25.0
2015-03-26 00:02:53,56,-56.0
2015-03-26 00:07:53,29,-29.0
2015-03-26 00:12:53,32,-32.0
2015-03-26 00:17:53,20,-20.0
2015-03-26 00:22:53,12,-12.0
2015-03-26 00:27:53,19,-19.0
2015-03-26 00:32:53,26,-26.0
2015-03-26 00:37:53,39,-39.0
2015-03-26 00:42:53,24,-24.0
2015-03-26 00:47:53,25,-25.0
2015-03-26 00:52:53,56,-56.0
2015-03-26 00:57:53,23,-23.0
2015-03-26 01:02:53,22,-22.0
2015-03-26 01:07:53,23,-23.0
2015-03-26 01:12:53,20,-20.0
2015-03-26 01:17:53,20,-20.0
2015-03-26 01:22:53,28,-28.0
2015-03-26 01:27:53,22,-22.0
2015-03-26 01:32:53,7,-7.0
2015-03-26 01:37:53,19,-19.0
2015-03-26 01:42:53,15,-15.0
2015-03-26 01:47:53,13,-13.0
2015-03-26 01:52:53,12,-12.0
2015-03-26 01:57:53,21,-21.0
2015-03-26 02:02:53,17,-17.0
2015-03-26 02:07:53,14,-14.0
2015-03-26 02:12:53,48,-48.0
2015-03-26 02:17:53,64,-64.0
2015-03-26 02:22:53,25,-25.0
2015-03-26 02:27:53,17,-17.0
2015-03-26 02:32:53,19,-19.0
2015-03-26 02:37:53,24,-24.0
2015-03-26 02:42:53,17,-17.0
2015-03-26 02:47:53,35,-35.0
2015-03-26 02:52:53,23,-23.0
2015-03-26 02:57:53,18,-18.0
2015-03-26 03:02:53,26,-26.0
2015-03-26 03:07:53,50,-50.0
2015-03-26 03:12:53,34,-34.0
2015-03-26 03:17:53,64,-64.0
2015-03-26 03:22:53,32,-32.0
2015-03-26 03:27:53,32,-32.0
2015-03-26 03:32:53,21,-21.0
2015-03-26 03:37:53,21,-21.0
2015-03-26 03:42:53,8,-8.0
2015-03-26 03:47:53,17,-17.0
2015-03-26 03:52:53,11,-11.0
2015-03-26 03:57:53,17,-17.0
2015-03-26 04:02:53,22,-22.0
2015-03-26 04:07:53,12,-12.0
2015-03-26 04:12:53,8,-8.0
2015-03-26 04:17:53,13,-13.0
2015-03-26 04:22:53,12,-12.0
2015-03-26 04:27:53,15,-15.0
2015-03-26 04:32:53,8,-8.0
2015-03-26 04:37:53,14,-14.0
2015-03-26 04:42:53,12,-12.0
2015-03-26 04:47:53,10,-10.0
2015-03-26 04:52:53,8,-8.0
2015-03-26 04:57:53,13,-13.0
2015-03-26 05:02:53,15,-15.0
2015-03-26 05:07:53,10,-10.0
2015-03-26 05:12:53,6,-6.0
2015-03-26 05:17:53,12,-12.0
2015-03-26 05:22:53,28,-28.0
2015-03-26 05:27:53,15,-15.0
2015-03-26 05:32:53,13,-13.0
2015-03-26 05:37:53,14,-14.0
2015-03-26 05:42:53,8,-8.0
2015-03-26 05:47:53,9,-9.0
2015-03-26 05:52:53,20,-20.0
2015-03-26 05:57:53,4,-4.0
2015-03-26 06:02:53,12,-12.0
2015-03-26 06:07:53,4,-4.0
2015-03-26 06:12:53,6,-6.0
2015-03-26 06:17:53,15,-15.0
2015-03-26 06:22:53,14,-14.0
2015-03-26 06:27:53,14,-14.0
2015-03-26 06:32:53,44,-44.0
2015-03-26 06:37:53,13,-13.0
2015-03-26 06:42:53,6,-6.0
2015-03-26 06:47:53,15,-15.0
2015-03-26 06:52:53,14,-14.0
2015-03-26 06:57:53,16,-16.0
2015-03-26 07:02:53,7,-7.0
2015-03-26 07:07:53,5,-5.0
2015-03-26 07:12:53,12,-12.0
2015-03-26 07:17:53,27,-27.0
2015-03-26 07:22:53,20,-20.0
2015-03-26 07:27:53,16,-16.0
2015-03-26 07:32:53,18,-18.0
2015-03-26 07:37:53,10,-10.0
2015-03-26 07:42:53,50,-50.0
2015-03-26 07:47:53,11,-11.0
2015-03-26 07:52:53,12,-12.0
2015-03-26 07:57:53,12,-12.0
2015-03-26 08:02:53,13,-13.0
2015-03-26 08:07:53,31,-31.0
2015-03-26 08:12:53,28,-28.0
2015-03-26 08:17:53,19,-19.0
2015-03-26 08:22:53,22,-22.0
2015-03-26 08:27:53,14,-14.0
2015-03-26 08:32:53,29,-29.0
2015-03-26 08:37:53,8,-8.0
2015-03-26 08:42:53,16,-16.0
2015-03-26 08:47:53,14,-14.0
2015-03-26 08:52:53,11,-11.0
2015-03-26 08:57:53,15,-15.0
2015-03-26 09:02:53,16,-16.0
2015-03-26 09:07:53,10,-10.0
2015-03-26 09:12:53,16,-16.0
2015-03-26 09:17:53,14,-14.0
2015-03-26 09:22:53,13,-13.0
2015-03-26 09:27:53,19,-19.0
2015-03-26 09:32:53,8,-8.0
2015-03-26 09:37:53,13,-13.0
2015-03-26 09:42:53,10,-10.0
2015-03-26 09:47:53,13,-13.0
2015-03-26 09:52:53,27,-27.0
2015-03-26 09:57:53,37,-37.0
2015-03-26 10:02:53,28,-28.0
2015-03-26 10:07:53,20,-20.0
2015-03-26 10:12:53,27,-27.0
2015-03-26 10:17:53,47,-47.0
2015-03-26 10:22:53,23,-23.0
2015-03-26 10:27:53,21,-21.0
2015-03-26 10:32:53,20,-20.0
2015-03-26 10:37:53,18,-18.0
2015-03-26 10:42:53,20,-20.0
2015-03-26 10:47:53,25,-25.0
2015-03-26 10:52:53,16,-16.0
2015-03-26 10:57:53,17,-17.0
2015-03-26 11:02:53,18,-18.0
2015-03-26 11:07:53,17,-17.0
2015-03-26 11:12:53,13,-13.0
2015-03-26 11:17:53,17,-17.0
2015-03-26 11:22:53,10,-10.0
2015-03-26 11:27:53,26,-26.0
2015-03-26 11:32:53,13,-13.0
2015-03-26 11:37:53,22,-22.0
2015-03-26 11:42:53,28,-28.0
2015-03-26 11:47:53,34,-34.0
2015-03-26 11:52:53,37,-37.0
2015-03-26 11:57:53,20,-20.0
2015-03-26 12:02:53,16,-16.0
2015-03-26 12:07:53,20,-20.0
2015-03-26 12:12:53,25,-25.0
2015-03-26 12:17:53,32,-32.0
2015-03-26 12:22:53,19,-19.0
2015-03-26 12:27:53,33,-33.0
2015-03-26 12:32:53,20,-20.0
2015-03-26 12:37:53,11,-11.0
2015-03-26 12:42:53,18,-18.0
2015-03-26 12:47:53,31,-31.0
2015-03-26 12:52:53,23,-23.0
2015-03-26 12:57:53,26,-26.0
2015-03-26 13:02:53,31,-31.0
2015-03-26 13:07:53,15,-15.0
2015-03-26 13:12:53,25,-25.0
2015-03-26 13:17:53,22,-22.0
2015-03-26 13:22:53,42,-42.0
2015-03-26 13:27:53,34,-34.0
2015-03-26 13:32:53,49,-49.0
2015-03-26 13:37:53,27,-27.0
2015-03-26 13:42:53,26,-26.0
2015-03-26 13:47:53,79,-79.0
2015-03-26 13:52:53,33,-33.0
2015-03-26 13:57:53,26,-26.0
2015-03-26 14:02:53,35,-35.0
2015-03-26 14:07:53,38,-38.0
2015-03-26 14:12:53,18,-18.0
2015-03-26 14:17:53,19,-19.0
2015-03-26 14:22:53,30,-30.0
2015-03-26 14:27:53,33,-33.0
2015-03-26 14:32:53,28,-28.0
2015-03-26 14:37:53,26,-26.0
2015-03-26 14:42:53,35,-35.0
2015-03-26 14:47:53,33,-33.0
2015-03-26 14:52:53,29,-29.0
2015-03-26 14:57:53,27,-27.0
2015-03-26 15:02:53,51,-51.0
2015-03-26 15:07:53,31,-31.0
2015-03-26 15:12:53,41,-41.0
2015-03-26 15:17:53,40,-40.0
2015-03-26 15:22:53,37,-37.0
2015-03-26 15:27:53,39,-39.0
2015-03-26 15:32:53,34,-34.0
2015-03-26 15:37:53,35,-35.0
2015-03-26 15:42:53,65,-65.0
2015-03-26 15:47:53,24,-24.0
2015-03-26 15:52:53,22,-22.0
2015-03-26 15:57:53,26,-26.0
2015-03-26 16:02:53,37,-37.0
2015-03-26 16:07:53,37,-37.0
2015-03-26 16:12:53,93,-93.0
2015-03-26 16:17:53,82,-82.0
2015-03-26 16:22:53,30,-30.0
2015-03-26 16:27:53,32,-32.0
2015-03-26 16:32:53,32,-32.0
2015-03-26 16:37:53,30,-30.0
2015-03-26 16:42:53,28,-28.0
2015-03-26 16:47:53,23,-23.0
2015-03-26 16:52:53,21,-21.0
2015-03-26 16:57:53,40,-40.0
2015-03-26 17:02:53,25,-25.0
2015-03-26 17:07:53,25,-25.0
2015-03-26 17:12:53,23,-23.0
2015-03-26 17:17:53,22,-22.0
2015-03-26 17:22:53,29,-29.0
2015-03-26 17:27:53,25,-25.0
2015-03-26 17:32:53,34,-34.0
2015-03-26 17:37:53,53,-53.0
2015-03-26 17:42:53,18,-18.0
2015-03-26 17:47:53,38,-38.0
2015-03-26 17:52:53,29,-29.0
2015-03-26 17:57:53,40,-40.0
2015-03-26 18:02:53,46,-46.0
2015-03-26 18:07:53,24,-24.0
2015-03-26 18:12:53,28,-28.0
2015-03-26 18:17:53,25,-25.0
2015-03-26 18:22:53,38,-38.0
2015-03-26 18:27:53,88,-88.0
2015-03-26 18:32:53,35,-35.0
2015-03-26 18:37:53,28,-28.0
2015-03-26 18:42:53,23,-23.0
2015-03-26 18:47:53,32,-32.0
2015-03-26 18:52:53,24,-24.0
2015-03-26 18:57:53,28,-28.0
2015-03-26 19:02:53,29,-29.0
2015-03-26 19:07:53,25,-25.0
2015-03-26 19:12:53,20,-20.0
2015-03-26 19:17:53,17,-17.0
2015-03-26 19:22:53,22,-22.0
2015-03-26 19:27:53,16,-16.0
2015-03-26 19:32:53,11,-11.0
2015-03-26 19:37:53,20,-20.0
2015-03-26 19:42:53,16,-16.0
2015-03-26 19:47:53,19,-19.0
2015-03-26 19:52:53,12,-12.0
2015-03-26 19:57:53,27,-27.0
2015-03-26 20:02:53,10,-10.0
2015-03-26 20:07:53,20,-20.0
2015-03-26 20:12:53,25,-25.0
2015-03-26 20:17:53,11,-11.0
2015-03-26 20:22:53,15,-15.0
2015-03-26 20:27:53,22,-22.0
2015-03-26 20:32:53,32,-32.0
2015-03-26 20:37:53,30,-30.0
2015-03-26 20:42:53,24,-24.0
2015-03-26 20:47:53,30,-30.0
2015-03-26 20:52:53,13,-13.0
2015-03-26 20:57:53,19,-19.0
2015-03-26 21:02:53,24,-24.0
2015-03-26 21:07:53,17,-17.0
2015-03-26 21:12:53,21,-21.0
2015-03-26 21:17:53,55,-55.0
2015-03-26 21:22:53,20,-20.0
2015-03-26 21:27:53,26,-26.0
2015-03-26 21:32:53,23,-23.0
2015-03-26 21:37:53,31,-31.0
2015-03-26 21:42:53,19,-19.0
2015-03-26 21:47:53,23,-23.0
2015-03-26 21:52:53,17,-17.0
2015-03-26 21:57:53,25,-25.0
2015-03-26 22:02:53,12,-12.0
2015-03-26 22:07:53,18,-18.0
2015-03-26 22:12:53,11,-11.0
2015-03-26 22:17:53,18,-18.0
2015-03-26 22:22:53,13,-13.0
2015-03-26 22:27:53,22,-22.0
2015-03-26 22:32:53,16,-16.0
2015-03-26 22:37:53,12,-12.0
2015-03-26 22:42:53,21,-21.0
2015-03-26 22:47:53,19,-19.0
2015-03-26 22:52:53,18,-18.0
2015-03-26 22:57:53,24,-24.0
2015-03-26 23:02:53,14,-14.0
2015-03-26 23:07:53,25,-25.0
2015-03-26 23:12:53,25,-25.0
2015-03-26 23:17:53,13,-13.0
2015-03-26 23:22:53,13,-13.0
2015-03-26 23:27:53,20,-20.0
2015-03-26 23:32:53,16,-16.0
2015-03-26 23:37:53,13,-13.0
2015-03-26 23:42:53,70,-70.0
2015-03-26 23:47:53,26,-26.0
2015-03-26 23:52:53,20,-20.0
2015-03-26 23:57:53,32,-32.0
2015-03-27 00:02:53,22,-22.0
2015-03-27 00:07:53,10,-10.0
2015-03-27 00:12:53,44,-44.0
2015-03-27 00:17:53,16,-16.0
2015-03-27 00:22:53,11,-11.0
2015-03-27 00:27:53,20,-20.0
2015-03-27 00:32:53,9,-9.0
2015-03-27 00:37:53,12,-12.0
2015-03-27 00:42:53,51,-51.0
2015-03-27 00:47:53,8,-8.0
2015-03-27 00:52:53,14,-14.0
2015-03-27 00:57:53,15,-15.0
2015-03-27 01:02:53,23,-23.0
2015-03-27 01:07:53,12,-12.0
2015-03-27 01:12:53,9,-9.0
2015-03-27 01:17:53,14,-14.0
2015-03-27 01:22:53,11,-11.0
2015-03-27 01:27:53,19,-19.0
2015-03-27 01:32:53,14,-14.0
2015-03-27 01:37:53,33,-33.0
2015-03-27 01:42:53,18,-18.0
2015-03-27 01:47:53,20,-20.0
2015-03-27 01:52:53,9,-9.0
2015-03-27 01:57:53,19,-19.0
2015-03-27 02:02:53,21,-21.0
2015-03-27 02:07:53,16,-16.0
2015-03-27 02:12:53,17,-17.0
2015-03-27 02:17:53,15,-15.0
2015-03-27 02:22:53,6,-6.0
2015-03-27 02:27:53,14,-14.0
2015-03-27 02:32:53,22,-22.0
2015-03-27 02:37:53,25,-25.0
2015-03-27 02:42:53,11,-11.0
2015-03-27 02:47:53,12,-12.0
2015-03-27 02:52:53,13,-13.0
2015-03-27 02:57:53,23,-23.0
2015-03-27 03:02:53,4,-4.0
2015-03-27 03:07:53,13,-13.0
2015-03-27 03:12:53,8,-8.0
2015-03-27 03:17:53,11,-11.0
2015-03-27 03:22:53,12,-12.0
2015-03-27 03:27:53,9,-9.0
2015-03-27 03:32:53,14,-14.0
2015-03-27 03:37:53,12,-12.0
2015-03-27 03:42:53,4,-4.0
2015-03-27 03:47:53,19,-19.0
2015-03-27 03:52:53,16,-16.0
2015-03-27 03:57:53,49,-49.0
2015-03-27 04:02:53,1,-1.0
2015-03-27 04:07:53,13,-13.0
2015-03-27 04:12:53,46,-46.0
2015-03-27 04:17:53,9,-9.0
2015-03-27 04:22:53,9,-9.0
2015-03-27 04:27:53,14,-14.0
2015-03-27 04:32:53,5,-5.0
2015-03-27 04:37:53,10,-10.0
2015-03-27 04:42:53,8,-8.0
2015-03-27 04:47:53,8,-8.0
2015-03-27 04:52:53,8,-8.0
2015-03-27 04:57:53,10,-10.0
2015-03-27 05:02:53,7,-7.0
2015-03-27 05:07:53,9,-9.0
2015-03-27 05:12:53,4,-4.0
2015-03-27 05:17:53,10,-10.0
2015-03-27 05:22:53,9,-9.0
2015-03-27 05:27:53,5,-5.0
2015-03-27 05:32:53,8,-8.0
2015-03-27 05:37:53,22,-22.0
2015-03-27 05:42:53,12,-12.0
2015-03-27 05:47:53,14,-14.0
2015-03-27 05:52:53,13,-13.0
2015-03-27 05:57:53,12,-12.0
2015-03-27 06:02:53,4,-4.0
2015-03-27 06:07:53,6,-6.0
2015-03-27 06:12:53,9,-9.0
2015-03-27 06:17:53,6,-6.0
2015-03-27 06:22:53,5,-5.0
2015-03-27 06:27:53,5,-5.0
2015-03-27 06:32:53,17,-17.0
2015-03-27 06:37:53,7,-7.0
2015-03-27 06:42:53,16,-16.0
2015-03-27 06:47:53,7,-7.0
2015-03-27 06:52:53,5,-5.0
2015-03-27 06:57:53,7,-7.0
2015-03-27 07:02:53,10,-10.0
2015-03-27 07:07:53,2,-2.0
2015-03-27 07:12:53,8,-8.0
2015-03-27 07:17:53,57,-57.0
2015-03-27 07:22:53,5,-5.0
2015-03-27 07:27:53,6,-6.0
2015-03-27 07:32:53,13,-13.0
2015-03-27 07:37:53,8,-8.0
2015-03-27 07:42:53,11,-11.0
2015-03-27 07:47:53,5,-5.0
2015-03-27 07:52:53,11,-11.0
2015-03-27 07:57:53,14,-14.0
2015-03-27 08:02:53,7,-7.0
2015-03-27 08:07:53,6,-6.0
2015-03-27 08:12:53,11,-11.0
2015-03-27 08:17:53,11,-11.0
2015-03-27 08:22:53,13,-13.0
2015-03-27 08:27:53,16,-16.0
2015-03-27 08:32:53,6,-6.0
2015-03-27 08:37:53,17,-17.0
2015-03-27 08:42:53,12,-12.0
2015-03-27 08:47:53,14,-14.0
2015-03-27 08:52:53,7,-7.0
2015-03-27 08:57:53,13,-13.0
2015-03-27 09:02:53,16,-16.0
2015-03-27 09:07:53,7,-7.0
2015-03-27 09:12:53,11,-11.0
2015-03-27 09:17:53,10,-10.0
2015-03-27 09:22:53,12,-12.0
2015-03-27 09:27:53,16,-16.0
2015-03-27 09:32:53,8,-8.0
2015-03-27 09:37:53,9,-9.0
2015-03-27 09:42:53,6,-6.0
2015-03-27 09:47:53,16,-16.0
2015-03-27 09:52:53,12,-12.0
2015-03-27 09:57:53,15,-15.0
2015-03-27 10:02:53,11,-11.0
2015-03-27 10:07:53,14,-14.0
2015-03-27 10:12:53,8,-8.0
2015-03-27 10:17:53,12,-12.0
2015-03-27 10:22:53,3,-3.0
2015-03-27 10:27:53,7,-7.0
2015-03-27 10:32:53,15,-15.0
2015-03-27 10:37:53,11,-11.0
2015-03-27 10:42:53,9,-9.0
2015-03-27 10:47:53,8,-8.0
2015-03-27 10:52:53,17,-17.0
2015-03-27 10:57:53,45,-45.0
2015-03-27 11:02:53,14,-14.0
2015-03-27 11:07:53,10,-10.0
2015-03-27 11:12:53,18,-18.0
2015-03-27 11:17:53,10,-10.0
2015-03-27 11:22:53,6,-6.0
2015-03-27 11:27:53,12,-12.0
2015-03-27 11:32:53,49,-49.0
2015-03-27 11:37:53,14,-14.0
2015-03-27 11:42:53,18,-18.0
2015-03-27 11:47:53,13,-13.0
2015-03-27 11:52:53,11,-11.0
2015-03-27 11:57:53,25,-25.0
2015-03-27 12:02:53,18,-18.0
2015-03-27 12:07:53,17,-17.0
2015-03-27 12:12:53,14,-14.0
2015-03-27 12:17:53,10,-10.0
2015-03-27 12:22:53,21,-21.0
2015-03-27 12:27:53,19,-19.0
2015-03-27 12:32:53,12,-12.0
2015-03-27 12:37:53,13,-13.0
2015-03-27 12:42:53,18,-18.0
2015-03-27 12:47:53,12,-12.0
2015-03-27 12:52:53,13,-13.0
2015-03-27 12:57:53,23,-23.0
2015-03-27 13:02:53,20,-20.0
2015-03-27 13:07:53,18,-18.0
2015-03-27 13:12:53,24,-24.0
2015-03-27 13:17:53,21,-21.0
2015-03-27 13:22:53,25,-25.0
2015-03-27 13:27:53,19,-19.0
2015-03-27 13:32:53,20,-20.0
2015-03-27 13:37:53,17,-17.0
2015-03-27 13:42:53,17,-17.0
2015-03-27 13:47:53,18,-18.0
2015-03-27 13:52:53,26,-26.0
2015-03-27 13:57:53,24,-24.0
2015-03-27 14:02:53,17,-17.0
2015-03-27 14:07:53,15,-15.0
2015-03-27 14:12:53,18,-18.0
2015-03-27 14:17:53,24,-24.0
2015-03-27 14:22:53,63,-63.0
2015-03-27 14:27:53,21,-21.0
2015-03-27 14:32:53,16,-16.0
2015-03-27 14:37:53,64,-64.0
2015-03-27 14:42:53,19,-19.0
2015-03-27 14:47:53,25,-25.0
2015-03-27 14:52:53,28,-28.0
2015-03-27 14:57:53,26,-26.0
2015-03-27 15:02:53,18,-18.0
2015-03-27 15:07:53,18,-18.0
2015-03-27 15:12:53,10,-10.0
2015-03-27 15:17:53,29,-29.0
2015-03-27 15:22:53,24,-24.0
2015-03-27 15:27:53,26,-26.0
2015-03-27 15:32:53,13,-13.0
2015-03-27 15:37:53,29,-29.0
2015-03-27 15:42:53,35,-35.0
2015-03-27 15:47:53,29,-29.0
2015-03-27 15:52:53,23,-23.0
2015-03-27 15:57:53,32,-32.0
2015-03-27 16:02:53,33,-33.0
2015-03-27 16:07:53,26,-26.0
2015-03-27 16:12:53,28,-28.0
2015-03-27 16:17:53,28,-28.0
2015-03-27 16:22:53,49,-49.0
2015-03-27 16:27:53,25,-25.0
2015-03-27 16:32:53,18,-18.0
2015-03-27 16:37:53,26,-26.0
2015-03-27 16:42:53,25,-25.0
2015-03-27 16:47:53,34,-34.0
2015-03-27 16:52:53,60,-60.0
2015-03-27 16:57:53,26,-26.0
2015-03-27 17:02:53,31,-31.0
2015-03-27 17:07:53,36,-36.0
2015-03-27 17:12:53,24,-24.0
2015-03-27 17:17:53,20,-20.0
2015-03-27 17:22:53,35,-35.0
2015-03-27 17:27:53,19,-19.0
2015-03-27 17:32:53,22,-22.0
2015-03-27 17:37:53,13,-13.0
2015-03-27 17:42:53,17,-17.0
2015-03-27 17:47:53,21,-21.0
2015-03-27 17:52:53,18,-18.0
2015-03-27 17:57:53,21,-21.0
2015-03-27 18:02:53,16,-16.0
2015-03-27 18:07:53,12,-12.0
2015-03-27 18:12:53,14,-14.0
2015-03-27 18:17:53,53,-53.0
2015-03-27 18:22:53,12,-12.0
2015-03-27 18:27:53,12,-12.0
2015-03-27 18:32:53,18,-18.0
2015-03-27 18:37:53,17,-17.0
2015-03-27 18:42:53,20,-20.0
2015-03-27 18:47:53,11,-11.0
2015-03-27 18:52:53,15,-15.0
2015-03-27 18:57:53,33,-33.0
2015-03-27 19:02:53,16,-16.0
2015-03-27 19:07:53,12,-12.0
2015-03-27 19:12:53,29,-29.0
2015-03-27 19:17:53,21,-21.0
2015-03-27 19:22:53,21,-21.0
2015-03-27 19:27:53,25,-25.0
2015-03-27 19:32:53,27,-27.0
2015-03-27 19:37:53,18,-18.0
2015-03-27 19:42:53,23,-23.0
2015-03-27 19:47:53,17,-17.0
2015-03-27 19:52:53,56,-56.0
2015-03-27 19:57:53,22,-22.0
2015-03-27 20:02:53,19,-19.0
2015-03-27 20:07:53,19,-19.0
2015-03-27 20:12:53,18,-18.0
2015-03-27 20:17:53,31,-31.0
2015-03-27 20:22:53,35,-35.0
2015-03-27 20:27:53,20,-20.0
2015-03-27 20:32:53,10,-10.0
2015-03-27 20:37:53,18,-18.0
2015-03-27 20:42:53,16,-16.0
2015-03-27 20:47:53,19,-19.0
2015-03-27 20:52:53,22,-22.0
2015-03-27 20:57:53,31,-31.0
2015-03-27 21:02:53,23,-23.0
2015-03-27 21:07:53,13,-13.0
2015-03-27 21:12:53,11,-11.0
2015-03-27 21:17:53,17,-17.0
2015-03-27 21:22:53,22,-22.0
2015-03-27 21:27:53,18,-18.0
2015-03-27 21:32:53,17,-17.0
2015-03-27 21:37:53,9,-9.0
2015-03-27 21:42:53,10,-10.0
2015-03-27 21:47:53,40,-40.0
2015-03-27 21:52:53,17,-17.0
2015-03-27 21:57:53,55,-55.0
2015-03-27 22:02:53,12,-12.0
2015-03-27 22:07:53,47,-47.0
2015-03-27 22:12:53,21,-21.0
2015-03-27 22:17:53,25,-25.0
2015-03-27 22:22:53,11,-11.0
2015-03-27 22:27:53,21,-21.0
2015-03-27 22:32:53,27,-27.0
2015-03-27 22:37:53,12,-12.0
2015-03-27 22:42:53,6,-6.0
2015-03-27 22:47:53,26,-26.0
2015-03-27 22:52:53,7,-7.0
2015-03-27 22:57:53,13,-13.0
2015-03-27 23:02:53,8,-8.0
2015-03-27 23:07:53,32,-32.0
2015-03-27 23:12:53,15,-15.0
2015-03-27 23:17:53,13,-13.0
2015-03-27 23:22:53,18,-18.0
2015-03-27 23:27:53,15,-15.0
2015-03-27 23:32:53,14,-14.0
2015-03-27 23:37:53,11,-11.0
2015-03-27 23:42:53,11,-11.0
2015-03-27 23:47:53,17,-17.0
2015-03-27 23:52:53,6,-6.0
2015-03-27 23:57:53,25,-25.0
2015-03-28 00:02:53,27,-27.0
2015-03-28 00:07:53,12,-12.0
2015-03-28 00:12:53,13,-13.0
2015-03-28 00:17:53,25,-25.0
2015-03-28 00:22:53,14,-14.0
2015-03-28 00:27:53,13,-13.0
2015-03-28 00:32:53,7,-7.0
2015-03-28 00:37:53,13,-13.0
2015-03-28 00:42:53,14,-14.0
2015-03-28 00:47:53,15,-15.0
2015-03-28 00:52:53,7,-7.0
2015-03-28 00:57:53,10,-10.0
2015-03-28 01:02:53,21,-21.0
2015-03-28 01:07:53,11,-11.0
2015-03-28 01:12:53,25,-25.0
2015-03-28 01:17:53,33,-33.0
2015-03-28 01:22:53,8,-8.0
2015-03-28 01:27:53,9,-9.0
2015-03-28 01:32:53,5,-5.0
2015-03-28 01:37:53,11,-11.0
2015-03-28 01:42:53,7,-7.0
2015-03-28 01:47:53,12,-12.0
2015-03-28 01:52:53,3,-3.0
2015-03-28 01:57:53,16,-16.0
2015-03-28 02:02:53,10,-10.0
2015-03-28 02:07:53,3,-3.0
2015-03-28 02:12:53,17,-17.0
2015-03-28 02:17:53,14,-14.0
2015-03-28 02:22:53,14,-14.0
2015-03-28 02:27:53,11,-11.0
2015-03-28 02:32:53,6,-6.0
2015-03-28 02:37:53,16,-16.0
2015-03-28 02:42:53,10,-10.0
2015-03-28 02:47:53,12,-12.0
2015-03-28 02:52:53,16,-16.0
2015-03-28 02:57:53,25,-25.0
2015-03-28 03:02:53,10,-10.0
2015-03-28 03:07:53,15,-15.0
2015-03-28 03:12:53,12,-12.0
2015-03-28 03:17:53,18,-18.0
2015-03-28 03:22:53,18,-18.0
2015-03-28 03:27:53,8,-8.0
2015-03-28 03:32:53,11,-11.0
2015-03-28 03:37:53,14,-14.0
2015-03-28 03:42:53,10,-10.0
2015-03-28 03:47:53,20,-20.0
2015-03-28 03:52:53,14,-14.0
2015-03-28 03:57:53,12,-12.0
2015-03-28 04:02:53,17,-17.0
2015-03-28 04:07:53,7,-7.0
2015-03-28 04:12:53,7,-7.0
2015-03-28 04:17:53,48,-48.0
2015-03-28 04:22:53,11,-11.0
2015-03-28 04:27:53,73,-73.0
2015-03-28 04:32:53,115,-115.0
2015-03-28 04:37:53,110,-110.0
2015-03-28 04:42:53,105,-105.0
2015-03-28 04:47:53,36,-36.0
2015-03-28 04:52:53,86,-86.0
2015-03-28 04:57:53,86,-86.0
2015-03-28 05:02:53,109,-109.0
2015-03-28 05:07:53,76,-76.0
2015-03-28 05:12:53,77,-77.0
2015-03-28 05:17:53,80,-80.0
2015-03-28 05:22:53,64,-64.0
2015-03-28 05:27:53,115,-115.0
2015-03-28 05:32:53,152,-152.0
2015-03-28 05:37:53,174,-174.0
2015-03-28 05:42:53,154,-154.0
2015-03-28 05:47:53,199,-199.0
2015-03-28 05:52:53,123,-123.0
2015-03-28 05:57:53,204,-204.0
2015-03-28 06:02:53,88,-88.0
2015-03-28 06:07:53,27,-27.0
2015-03-28 06:12:53,8,-8.0
2015-03-28 06:17:53,5,-5.0
2015-03-28 06:22:53,11,-11.0
2015-03-28 06:27:53,12,-12.0
2015-03-28 06:32:53,18,-18.0
2015-03-28 06:37:53,13,-13.0
2015-03-28 06:42:53,3,-3.0
2015-03-28 06:47:53,6,-6.0
2015-03-28 06:52:53,10,-10.0
2015-03-28 06:57:53,20,-20.0
2015-03-28 07:02:53,14,-14.0
2015-03-28 07:07:53,18,-18.0
2015-03-28 07:12:53,15,-15.0
2015-03-28 07:17:53,13,-13.0
2015-03-28 07:22:53,16,-16.0
2015-03-28 07:27:53,4,-4.0
2015-03-28 07:32:53,43,-43.0
2015-03-28 07:37:53,9,-9.0
2015-03-28 07:42:53,6,-6.0
2015-03-28 07:47:53,8,-8.0
2015-03-28 07:52:53,4,-4.0
2015-03-28 07:57:53,6,-6.0
2015-03-28 08:02:53,5,-5.0
2015-03-28 08:07:53,18,-18.0
2015-03-28 08:12:53,10,-10.0
2015-03-28 08:17:53,2,-2.0
2015-03-28 08:22:53,5,-5.0
2015-03-28 08:27:53,5,-5.0
2015-03-28 08:32:53,11,-11.0
2015-03-28 08:37:53,12,-12.0
2015-03-28 08:42:53,7,-7.0
2015-03-28 08:47:53,8,-8.0
2015-03-28 08:52:53,12,-12.0
2015-03-28 08:57:53,18,-18.0
2015-03-28 09:02:53,10,-10.0
2015-03-28 09:07:53,14,-14.0
2015-03-28 09:12:53,8,-8.0
2015-03-28 09:17:53,10,-10.0
2015-03-28 09:22:53,11,-11.0
2015-03-28 09:27:53,12,-12.0
2015-03-28 09:32:53,46,-46.0
2015-03-28 09:37:53,8,-8.0
2015-03-28 09:42:53,6,-6.0
2015-03-28 09:47:53,6,-6.0
2015-03-28 09:52:53,13,-13.0
2015-03-28 09:57:53,13,-13.0
2015-03-28 10:02:53,7,-7.0
2015-03-28 10:07:53,8,-8.0
2015-03-28 10:12:53,8,-8.0
2015-03-28 10:17:53,7,-7.0
2015-03-28 10:22:53,8,-8.0
2015-03-28 10:27:53,8,-8.0
2015-03-28 10:32:53,14,-14.0
2015-03-28 10:37:53,5,-5.0
2015-03-28 10:42:53,9,-9.0
2015-03-28 10:47:53,6,-6.0
2015-03-28 10:52:53,49,-49.0
2015-03-28 10:57:53,12,-12.0
2015-03-28 11:02:53,8,-8.0
2015-03-28 11:07:53,15,-15.0
2015-03-28 11:12:53,14,-14.0
2015-03-28 11:17:53,2,-2.0
2015-03-28 11:22:53,11,-11.0
2015-03-28 11:27:53,8,-8.0
2015-03-28 11:32:53,7,-7.0
2015-03-28 11:37:53,7,-7.0
2015-03-28 11:42:53,5,-5.0
2015-03-28 11:47:53,3,-3.0
2015-03-28 11:52:53,14,-14.0
2015-03-28 11:57:53,52,-52.0
2015-03-28 12:02:53,6,-6.0
2015-03-28 12:07:53,9,-9.0
2015-03-28 12:12:53,15,-15.0
2015-03-28 12:17:53,12,-12.0
2015-03-28 12:22:53,17,-17.0
2015-03-28 12:27:53,8,-8.0
2015-03-28 12:32:53,19,-19.0
2015-03-28 12:37:53,19,-19.0
2015-03-28 12:42:53,21,-21.0
2015-03-28 12:47:53,8,-8.0
2015-03-28 12:52:53,19,-19.0
2015-03-28 12:57:53,14,-14.0
2015-03-28 13:02:53,11,-11.0
2015-03-28 13:07:53,8,-8.0
2015-03-28 13:12:53,32,-32.0
2015-03-28 13:17:53,14,-14.0
2015-03-28 13:22:53,7,-7.0
2015-03-28 13:27:53,24,-24.0
2015-03-28 13:32:53,12,-12.0
2015-03-28 13:37:53,5,-5.0
2015-03-28 13:42:53,20,-20.0
2015-03-28 13:47:53,15,-15.0
2015-03-28 13:52:53,12,-12.0
2015-03-28 13:57:53,20,-20.0
2015-03-28 14:02:53,19,-19.0
2015-03-28 14:07:53,8,-8.0
2015-03-28 14:12:53,5,-5.0
2015-03-28 14:17:53,12,-12.0
2015-03-28 14:22:53,15,-15.0
2015-03-28 14:27:53,18,-18.0
2015-03-28 14:32:53,53,-53.0
2015-03-28 14:37:53,6,-6.0
2015-03-28 14:42:53,17,-17.0
2015-03-28 14:47:53,16,-16.0
2015-03-28 14:52:53,43,-43.0
2015-03-28 14:57:53,16,-16.0
2015-03-28 15:02:53,15,-15.0
2015-03-28 15:07:53,24,-24.0
2015-03-28 15:12:53,23,-23.0
2015-03-28 15:17:53,14,-14.0
2015-03-28 15:22:53,19,-19.0
2015-03-28 15:27:53,13,-13.0
2015-03-28 15:32:53,8,-8.0
2015-03-28 15:37:53,14,-14.0
2015-03-28 15:42:53,20,-20.0
2015-03-28 15:47:53,11,-11.0
2015-03-28 15:52:53,25,-25.0
2015-03-28 15:57:53,27,-27.0
2015-03-28 16:02:53,18,-18.0
2015-03-28 16:07:53,23,-23.0
2015-03-28 16:12:53,32,-32.0
2015-03-28 16:17:53,20,-20.0
2015-03-28 16:22:53,17,-17.0
2015-03-28 16:27:53,15,-15.0
2015-03-28 16:32:53,8,-8.0
2015-03-28 16:37:53,12,-12.0
2015-03-28 16:42:53,12,-12.0
2015-03-28 16:47:53,11,-11.0
2015-03-28 16:52:53,11,-11.0
2015-03-28 16:57:53,18,-18.0
2015-03-28 17:02:53,46,-46.0
2015-03-28 17:07:53,11,-11.0
2015-03-28 17:12:53,10,-10.0
2015-03-28 17:17:53,20,-20.0
2015-03-28 17:22:53,9,-9.0
2015-03-28 17:27:53,15,-15.0
2015-03-28 17:32:53,10,-10.0
2015-03-28 17:37:53,10,-10.0
2015-03-28 17:42:53,29,-29.0
2015-03-28 17:47:53,21,-21.0
2015-03-28 17:52:53,15,-15.0
2015-03-28 17:57:53,11,-11.0
2015-03-28 18:02:53,22,-22.0
2015-03-28 18:07:53,51,-51.0
2015-03-28 18:12:53,12,-12.0
2015-03-28 18:17:53,11,-11.0
2015-03-28 18:22:53,5,-5.0
2015-03-28 18:27:53,6,-6.0
2015-03-28 18:32:53,7,-7.0
2015-03-28 18:37:53,6,-6.0
2015-03-28 18:42:53,6,-6.0
2015-03-28 18:47:53,15,-15.0
2015-03-28 18:52:53,6,-6.0
2015-03-28 18:57:53,16,-16.0
2015-03-28 19:02:53,12,-12.0
2015-03-28 19:07:53,12,-12.0
2015-03-28 19:12:53,4,-4.0
2015-03-28 19:17:53,13,-13.0
2015-03-28 19:22:53,7,-7.0
2015-03-28 19:27:53,47,-47.0
2015-03-28 19:32:53,11,-11.0
2015-03-28 19:37:53,12,-12.0
2015-03-28 19:42:53,12,-12.0
2015-03-28 19:47:53,15,-15.0
2015-03-28 19:52:53,12,-12.0
2015-03-28 19:57:53,22,-22.0
2015-03-28 20:02:53,7,-7.0
2015-03-28 20:07:53,5,-5.0
2015-03-28 20:12:53,8,-8.0
2015-03-28 20:17:53,5,-5.0
2015-03-28 20:22:53,8,-8.0
2015-03-28 20:27:53,7,-7.0
2015-03-28 20:32:53,35,-35.0
2015-03-28 20:37:53,3,-3.0
2015-03-28 20:42:53,16,-16.0
2015-03-28 20:47:53,7,-7.0
2015-03-28 20:52:53,15,-15.0
2015-03-28 20:57:53,24,-24.0
2015-03-28 21:02:53,18,-18.0
2015-03-28 21:07:53,15,-15.0
2015-03-28 21:12:53,28,-28.0
2015-03-28 21:17:53,11,-11.0
2015-03-28 21:22:53,13,-13.0
2015-03-28 21:27:53,3,-3.0
2015-03-28 21:32:53,8,-8.0
2015-03-28 21:37:53,45,-45.0
2015-03-28 21:42:53,14,-14.0
2015-03-28 21:47:53,4,-4.0
2015-03-28 21:52:53,10,-10.0
2015-03-28 21:57:53,8,-8.0
2015-03-28 22:02:53,8,-8.0
2015-03-28 22:07:53,9,-9.0
2015-03-28 22:12:53,10,-10.0
2015-03-28 22:17:53,5,-5.0
2015-03-28 22:22:53,6,-6.0
2015-03-28 22:27:53,14,-14.0
2015-03-28 22:32:53,17,-17.0
2015-03-28 22:37:53,27,-27.0
2015-03-28 22:42:53,16,-16.0
2015-03-28 22:47:53,19,-19.0
2015-03-28 22:52:53,15,-15.0
2015-03-28 22:57:53,13,-13.0
2015-03-28 23:02:53,17,-17.0
2015-03-28 23:07:53,8,-8.0
2015-03-28 23:12:53,6,-6.0
2015-03-28 23:17:53,13,-13.0
2015-03-28 23:22:53,20,-20.0
2015-03-28 23:27:53,10,-10.0
2015-03-28 23:32:53,8,-8.0
2015-03-28 23:37:53,7,-7.0
2015-03-28 23:42:53,13,-13.0
2015-03-28 23:47:53,20,-20.0
2015-03-28 23:52:53,22,-22.0
2015-03-28 23:57:53,18,-18.0
2015-03-29 00:02:53,13,-13.0
2015-03-29 00:07:53,49,-49.0
2015-03-29 00:12:53,10,-10.0
2015-03-29 00:17:53,9,-9.0
2015-03-29 00:22:53,9,-9.0
2015-03-29 00:27:53,6,-6.0
2015-03-29 00:32:53,13,-13.0
2015-03-29 00:37:53,14,-14.0
2015-03-29 00:42:53,43,-43.0
2015-03-29 00:47:53,11,-11.0
2015-03-29 00:52:53,5,-5.0
2015-03-29 00:57:53,24,-24.0
2015-03-29 01:02:53,14,-14.0
2015-03-29 01:07:53,7,-7.0
2015-03-29 01:12:53,15,-15.0
2015-03-29 01:17:53,4,-4.0
2015-03-29 01:22:53,8,-8.0
2015-03-29 01:27:53,9,-9.0
2015-03-29 01:32:53,8,-8.0
2015-03-29 01:37:53,6,-6.0
2015-03-29 01:42:53,12,-12.0
2015-03-29 01:47:53,6,-6.0
2015-03-29 01:52:53,12,-12.0
2015-03-29 01:57:53,10,-10.0
2015-03-29 02:02:53,9,-9.0
2015-03-29 02:07:53,8,-8.0
2015-03-29 02:12:53,20,-20.0
2015-03-29 02:17:53,2,-2.0
2015-03-29 02:22:53,5,-5.0
2015-03-29 02:27:53,11,-11.0
2015-03-29 02:32:53,4,-4.0
2015-03-29 02:37:53,8,-8.0
2015-03-29 02:42:53,7,-7.0
2015-03-29 02:47:53,8,-8.0
2015-03-29 02:52:53,2,-2.0
2015-03-29 02:57:53,6,-6.0
2015-03-29 03:02:53,4,-4.0
2015-03-29 03:07:53,12,-12.0
2015-03-29 03:12:53,16,-16.0
2015-03-29 03:17:53,8,-8.0
2015-03-29 03:22:53,8,-8.0
2015-03-29 03:27:53,3,-3.0
2015-03-29 03:32:53,7,-7.0
2015-03-29 03:37:53,5,-5.0
2015-03-29 03:42:53,5,-5.0
2015-03-29 03:47:53,4,-4.0
2015-03-29 03:52:53,9,-9.0
2015-03-29 03:57:53,37,-37.0
2015-03-29 04:02:53,10,-10.0
2015-03-29 04:07:53,13,-13.0
2015-03-29 04:12:53,7,-7.0
2015-03-29 04:17:53,1,-1.0
2015-03-29 04:22:53,7,-7.0
2015-03-29 04:27:53,44,-44.0
2015-03-29 04:32:53,5,-5.0
2015-03-29 04:37:53,3,-3.0
2015-03-29 04:42:53,11,-11.0
2015-03-29 04:47:53,4,-4.0
2015-03-29 04:52:53,3,-3.0
2015-03-29 04:57:53,5,-5.0
2015-03-29 05:02:53,7,-7.0
2015-03-29 05:07:53,9,-9.0
2015-03-29 05:12:53,3,-3.0
2015-03-29 05:17:53,7,-7.0
2015-03-29 05:22:53,5,-5.0
2015-03-29 05:27:53,15,-15.0
2015-03-29 05:32:53,6,-6.0
2015-03-29 05:37:53,3,-3.0
2015-03-29 05:42:53,1,-1.0
2015-03-29 05:47:53,7,-7.0
2015-03-29 05:52:53,5,-5.0
2015-03-29 05:57:53,10,-10.0
2015-03-29 06:02:53,5,-5.0
2015-03-29 06:07:53,2,-2.0
2015-03-29 06:12:53,8,-8.0
2015-03-29 06:17:53,4,-4.0
2015-03-29 06:22:53,3,-3.0
2015-03-29 06:27:53,4,-4.0
2015-03-29 06:32:53,9,-9.0
2015-03-29 06:37:53,3,-3.0
2015-03-29 06:42:53,12,-12.0
2015-03-29 06:47:53,42,-42.0
2015-03-29 06:52:53,3,-3.0
2015-03-29 06:57:53,4,-4.0
2015-03-29 07:02:53,9,-9.0
2015-03-29 07:07:53,9,-9.0
2015-03-29 07:12:53,8,-8.0
2015-03-29 07:17:53,2,-2.0
2015-03-29 07:22:53,5,-5.0
2015-03-29 07:27:53,13,-13.0
2015-03-29 07:32:53,11,-11.0
2015-03-29 07:37:53,5,-5.0
2015-03-29 07:42:53,4,-4.0
2015-03-29 07:47:53,1,-1.0
2015-03-29 07:52:53,6,-6.0
2015-03-29 07:57:53,7,-7.0
2015-03-29 08:02:53,6,-6.0
2015-03-29 08:07:53,5,-5.0
2015-03-29 08:12:53,4,-4.0
2015-03-29 08:17:53,8,-8.0
2015-03-29 08:22:53,8,-8.0
2015-03-29 08:27:53,5,-5.0
2015-03-29 08:32:53,4,-4.0
2015-03-29 08:37:53,1,-1.0
2015-03-29 08:42:53,3,-3.0
2015-03-29 08:47:53,9,-9.0
2015-03-29 08:52:53,5,-5.0
2015-03-29 08:57:53,4,-4.0
2015-03-29 09:02:53,8,-8.0
2015-03-29 09:07:53,53,-53.0
2015-03-29 09:12:53,6,-6.0
2015-03-29 09:17:53,11,-11.0
2015-03-29 09:22:53,6,-6.0
2015-03-29 09:27:53,4,-4.0
2015-03-29 09:32:53,6,-6.0
2015-03-29 09:37:53,0,0.0
2015-03-29 09:42:53,4,-4.0
2015-03-29 09:47:53,4,-4.0
2015-03-29 09:52:53,6,-6.0
2015-03-29 09:57:53,4,-4.0
2015-03-29 10:02:53,1,-1.0
2015-03-29 10:07:53,3,-3.0
2015-03-29 10:12:53,8,-8.0
2015-03-29 10:17:53,5,-5.0
2015-03-29 10:22:53,6,-6.0
2015-03-29 10:27:53,43,-43.0
2015-03-29 10:32:53,5,-5.0
2015-03-29 10:37:53,2,-2.0
2015-03-29 10:42:53,5,-5.0
2015-03-29 10:47:53,11,-11.0
2015-03-29 10:52:53,6,-6.0
2015-03-29 10:57:53,9,-9.0
2015-03-29 11:02:53,9,-9.0
2015-03-29 11:07:53,3,-3.0
2015-03-29 11:12:53,4,-4.0
2015-03-29 11:17:53,4,-4.0
2015-03-29 11:22:53,3,-3.0
2015-03-29 11:27:53,6,-6.0
2015-03-29 11:32:53,0,0.0
2015-03-29 11:37:53,43,-43.0
2015-03-29 11:42:53,7,-7.0
2015-03-29 11:47:53,15,-15.0
2015-03-29 11:52:53,10,-10.0
2015-03-29 11:57:53,10,-10.0
2015-03-29 12:02:53,2,-2.0
2015-03-29 12:07:53,21,-21.0
2015-03-29 12:12:53,2,-2.0
2015-03-29 12:17:53,5,-5.0
2015-03-29 12:22:53,7,-7.0
2015-03-29 12:27:53,5,-5.0
2015-03-29 12:32:53,7,-7.0
2015-03-29 12:37:53,17,-17.0
2015-03-29 12:42:53,10,-10.0
2015-03-29 12:47:53,16,-16.0
2015-03-29 12:52:53,7,-7.0
2015-03-29 12:57:53,7,-7.0
2015-03-29 13:02:53,8,-8.0
2015-03-29 13:07:53,7,-7.0
2015-03-29 13:12:53,7,-7.0
2015-03-29 13:17:53,11,-11.0
2015-03-29 13:22:53,0,0.0
2015-03-29 13:27:53,5,-5.0
2015-03-29 13:32:53,6,-6.0
2015-03-29 13:37:53,2,-2.0
2015-03-29 13:42:53,6,-6.0
2015-03-29 13:47:53,7,-7.0
2015-03-29 13:52:53,11,-11.0
2015-03-29 13:57:53,24,-24.0
2015-03-29 14:02:53,45,-45.0
2015-03-29 14:07:53,59,-59.0
2015-03-29 14:12:53,16,-16.0
2015-03-29 14:17:53,18,-18.0
2015-03-29 14:22:53,13,-13.0
2015-03-29 14:27:53,11,-11.0
2015-03-29 14:32:53,5,-5.0
2015-03-29 14:37:53,14,-14.0
2015-03-29 14:42:53,8,-8.0
2015-03-29 14:47:53,8,-8.0
2015-03-29 14:52:53,8,-8.0
2015-03-29 14:57:53,23,-23.0
2015-03-29 15:02:53,10,-10.0
2015-03-29 15:07:53,10,-10.0
2015-03-29 15:12:53,12,-12.0
2015-03-29 15:17:53,11,-11.0
2015-03-29 15:22:53,14,-14.0
2015-03-29 15:27:53,16,-16.0
2015-03-29 15:32:53,9,-9.0
2015-03-29 15:37:53,8,-8.0
2015-03-29 15:42:53,14,-14.0
2015-03-29 15:47:53,15,-15.0
2015-03-29 15:52:53,10,-10.0
2015-03-29 15:57:53,13,-13.0
2015-03-29 16:02:53,17,-17.0
2015-03-29 16:07:53,10,-10.0
2015-03-29 16:12:53,15,-15.0
2015-03-29 16:17:53,11,-11.0
2015-03-29 16:22:53,12,-12.0
2015-03-29 16:27:53,21,-21.0
2015-03-29 16:32:53,10,-10.0
2015-03-29 16:37:53,39,-39.0
2015-03-29 16:42:53,26,-26.0
2015-03-29 16:47:53,19,-19.0
2015-03-29 16:52:53,14,-14.0
2015-03-29 16:57:53,15,-15.0
2015-03-29 17:02:53,15,-15.0
2015-03-29 17:07:53,17,-17.0
2015-03-29 17:12:53,12,-12.0
2015-03-29 17:17:53,13,-13.0
2015-03-29 17:22:53,16,-16.0
2015-03-29 17:27:53,11,-11.0
2015-03-29 17:32:53,15,-15.0
2015-03-29 17:37:53,45,-45.0
2015-03-29 17:42:53,16,-16.0
2015-03-29 17:47:53,14,-14.0
2015-03-29 17:52:53,17,-17.0
2015-03-29 17:57:53,30,-30.0
2015-03-29 18:02:53,21,-21.0
2015-03-29 18:07:53,11,-11.0
2015-03-29 18:12:53,7,-7.0
2015-03-29 18:17:53,11,-11.0
2015-03-29 18:22:53,15,-15.0
2015-03-29 18:27:53,16,-16.0
2015-03-29 18:32:53,15,-15.0
2015-03-29 18:37:53,10,-10.0
2015-03-29 18:42:53,17,-17.0
2015-03-29 18:47:53,11,-11.0
2015-03-29 18:52:53,6,-6.0
2015-03-29 18:57:53,14,-14.0
2015-03-29 19:02:53,15,-15.0
2015-03-29 19:07:53,9,-9.0
2015-03-29 19:12:53,11,-11.0
2015-03-29 19:17:53,7,-7.0
2015-03-29 19:22:53,59,-59.0
2015-03-29 19:27:53,12,-12.0
2015-03-29 19:32:53,8,-8.0
2015-03-29 19:37:53,11,-11.0
2015-03-29 19:42:53,12,-12.0
2015-03-29 19:47:53,18,-18.0
2015-03-29 19:52:53,10,-10.0
2015-03-29 19:57:53,12,-12.0
2015-03-29 20:02:53,29,-29.0
2015-03-29 20:07:53,10,-10.0
2015-03-29 20:12:53,12,-12.0
2015-03-29 20:17:53,15,-15.0
2015-03-29 20:22:53,11,-11.0
2015-03-29 20:27:53,12,-12.0
2015-03-29 20:32:53,19,-19.0
2015-03-29 20:37:53,11,-11.0
2015-03-29 20:42:53,16,-16.0
2015-03-29 20:47:53,12,-12.0
2015-03-29 20:52:53,8,-8.0
2015-03-29 20:57:53,15,-15.0
2015-03-29 21:02:53,11,-11.0
2015-03-29 21:07:53,18,-18.0
2015-03-29 21:12:53,5,-5.0
2015-03-29 21:17:53,13,-13.0
2015-03-29 21:22:53,14,-14.0
2015-03-29 21:27:53,8,-8.0
2015-03-29 21:32:53,8,-8.0
2015-03-29 21:37:53,13,-13.0
2015-03-29 21:42:53,8,-8.0
2015-03-29 21:47:53,42,-42.0
2015-03-29 21:52:53,5,-5.0
2015-03-29 21:57:53,15,-15.0
2015-03-29 22:02:53,7,-7.0
2015-03-29 22:07:53,10,-10.0
2015-03-29 22:12:53,9,-9.0
2015-03-29 22:17:53,18,-18.0
2015-03-29 22:22:53,12,-12.0
2015-03-29 22:27:53,20,-20.0
2015-03-29 22:32:53,12,-12.0
2015-03-29 22:37:53,13,-13.0
2015-03-29 22:42:53,24,-24.0
2015-03-29 22:47:53,15,-15.0
2015-03-29 22:52:53,10,-10.0
2015-03-29 22:57:53,10,-10.0
2015-03-29 23:02:53,12,-12.0
2015-03-29 23:07:53,13,-13.0
2015-03-29 23:12:53,5,-5.0
2015-03-29 23:17:53,6,-6.0
2015-03-29 23:22:53,11,-11.0
2015-03-29 23:27:53,17,-17.0
2015-03-29 23:32:53,9,-9.0
2015-03-29 23:37:53,12,-12.0
2015-03-29 23:42:53,27,-27.0
2015-03-29 23:47:53,12,-12.0
2015-03-29 23:52:53,23,-23.0
2015-03-29 23:57:53,9,-9.0
2015-03-30 00:02:53,8,-8.0
2015-03-30 00:07:53,52,-52.0
2015-03-30 00:12:53,25,-25.0
2015-03-30 00:17:53,10,-10.0
2015-03-30 00:22:53,18,-18.0
2015-03-30 00:27:53,45,-45.0
2015-03-30 00:32:53,8,-8.0
2015-03-30 00:37:53,7,-7.0
2015-03-30 00:42:53,13,-13.0
2015-03-30 00:47:53,19,-19.0
2015-03-30 00:52:53,12,-12.0
2015-03-30 00:57:53,7,-7.0
2015-03-30 01:02:53,7,-7.0
2015-03-30 01:07:53,15,-15.0
2015-03-30 01:12:53,9,-9.0
2015-03-30 01:17:53,15,-15.0
2015-03-30 01:22:53,22,-22.0
2015-03-30 01:27:53,12,-12.0
2015-03-30 01:32:53,9,-9.0
2015-03-30 01:37:53,8,-8.0
2015-03-30 01:42:53,5,-5.0
2015-03-30 01:47:53,11,-11.0
2015-03-30 01:52:53,3,-3.0
2015-03-30 01:57:53,10,-10.0
2015-03-30 02:02:53,8,-8.0
2015-03-30 02:07:53,3,-3.0
2015-03-30 02:12:53,9,-9.0
2015-03-30 02:17:53,6,-6.0
2015-03-30 02:22:53,6,-6.0
2015-03-30 02:27:53,15,-15.0
2015-03-30 02:32:53,50,-50.0
2015-03-30 02:37:53,10,-10.0
2015-03-30 02:42:53,14,-14.0
2015-03-30 02:47:53,11,-11.0
2015-03-30 02:52:53,17,-17.0
2015-03-30 02:57:53,9,-9.0
2015-03-30 03:02:53,11,-11.0
2015-03-30 03:07:53,4,-4.0
2015-03-30 03:12:53,13,-13.0
2015-03-30 03:17:53,4,-4.0
2015-03-30 03:22:53,10,-10.0
2015-03-30 03:27:53,6,-6.0
2015-03-30 03:32:53,13,-13.0
2015-03-30 03:37:53,51,-51.0
2015-03-30 03:42:53,8,-8.0
2015-03-30 03:47:53,10,-10.0
2015-03-30 03:52:53,10,-10.0
2015-03-30 03:57:53,6,-6.0
2015-03-30 04:02:53,3,-3.0
2015-03-30 04:07:53,7,-7.0
2015-03-30 04:12:53,6,-6.0
2015-03-30 04:17:53,4,-4.0
2015-03-30 04:22:53,6,-6.0
2015-03-30 04:27:53,6,-6.0
2015-03-30 04:32:53,9,-9.0
2015-03-30 04:37:53,11,-11.0
2015-03-30 04:42:53,47,-47.0
2015-03-30 04:47:53,11,-11.0
2015-03-30 04:52:53,12,-12.0
2015-03-30 04:57:53,17,-17.0
2015-03-30 05:02:53,18,-18.0
2015-03-30 05:07:53,11,-11.0
2015-03-30 05:12:53,8,-8.0
2015-03-30 05:17:53,6,-6.0
2015-03-30 05:22:53,98,-98.0
2015-03-30 05:27:53,4,-4.0
2015-03-30 05:32:53,4,-4.0
2015-03-30 05:37:53,10,-10.0
2015-03-30 05:42:53,7,-7.0
2015-03-30 05:47:53,14,-14.0
2015-03-30 05:52:53,4,-4.0
2015-03-30 05:57:53,16,-16.0
2015-03-30 06:02:53,4,-4.0
2015-03-30 06:07:53,8,-8.0
2015-03-30 06:12:53,12,-12.0
2015-03-30 06:17:53,2,-2.0
2015-03-30 06:22:53,14,-14.0
2015-03-30 06:27:53,12,-12.0
2015-03-30 06:32:53,13,-13.0
2015-03-30 06:37:53,23,-23.0
2015-03-30 06:42:53,3,-3.0
2015-03-30 06:47:53,15,-15.0
2015-03-30 06:52:53,7,-7.0
2015-03-30 06:57:53,17,-17.0
2015-03-30 07:02:53,53,-53.0
2015-03-30 07:07:53,18,-18.0
2015-03-30 07:12:53,5,-5.0
2015-03-30 07:17:53,9,-9.0
2015-03-30 07:22:53,2,-2.0
2015-03-30 07:27:53,11,-11.0
2015-03-30 07:32:53,8,-8.0
2015-03-30 07:37:53,8,-8.0
2015-03-30 07:42:53,16,-16.0
2015-03-30 07:47:53,22,-22.0
2015-03-30 07:52:53,8,-8.0
2015-03-30 07:57:53,12,-12.0
2015-03-30 08:02:53,9,-9.0
2015-03-30 08:07:53,8,-8.0
2015-03-30 08:12:53,12,-12.0
2015-03-30 08:17:53,9,-9.0
2015-03-30 08:22:53,4,-4.0
2015-03-30 08:27:53,6,-6.0
2015-03-30 08:32:53,12,-12.0
2015-03-30 08:37:53,6,-6.0
2015-03-30 08:42:53,8,-8.0
2015-03-30 08:47:53,12,-12.0
2015-03-30 08:52:53,8,-8.0
2015-03-30 08:57:53,13,-13.0
2015-03-30 09:02:53,3,-3.0
2015-03-30 09:07:53,9,-9.0
2015-03-30 09:12:53,11,-11.0
2015-03-30 09:17:53,11,-11.0
2015-03-30 09:22:53,9,-9.0
2015-03-30 09:27:53,14,-14.0
2015-03-30 09:32:53,10,-10.0
2015-03-30 09:37:53,7,-7.0
2015-03-30 09:42:53,54,-54.0
2015-03-30 09:47:53,13,-13.0
2015-03-30 09:52:53,8,-8.0
2015-03-30 09:57:53,15,-15.0
2015-03-30 10:02:53,10,-10.0
2015-03-30 10:07:53,10,-10.0
2015-03-30 10:12:53,15,-15.0
2015-03-30 10:17:53,15,-15.0
2015-03-30 10:22:53,13,-13.0
2015-03-30 10:27:53,14,-14.0
2015-03-30 10:32:53,8,-8.0
2015-03-30 10:37:53,44,-44.0
2015-03-30 10:42:53,9,-9.0
2015-03-30 10:47:53,13,-13.0
2015-03-30 10:52:53,7,-7.0
2015-03-30 10:57:53,10,-10.0
2015-03-30 11:02:53,7,-7.0
2015-03-30 11:07:53,4,-4.0
2015-03-30 11:12:53,8,-8.0
2015-03-30 11:17:53,12,-12.0
2015-03-30 11:22:53,5,-5.0
2015-03-30 11:27:53,14,-14.0
2015-03-30 11:32:53,13,-13.0
2015-03-30 11:37:53,10,-10.0
2015-03-30 11:42:53,7,-7.0
2015-03-30 11:47:53,17,-17.0
2015-03-30 11:52:53,2,-2.0
2015-03-30 11:57:53,15,-15.0
2015-03-30 12:02:53,19,-19.0
2015-03-30 12:07:53,9,-9.0
2015-03-30 12:12:53,7,-7.0
2015-03-30 12:17:53,12,-12.0
2015-03-30 12:22:53,8,-8.0
2015-03-30 12:27:53,51,-51.0
2015-03-30 12:32:53,10,-10.0
2015-03-30 12:37:53,12,-12.0
2015-03-30 12:42:53,14,-14.0
2015-03-30 12:47:53,13,-13.0
2015-03-30 12:52:53,25,-25.0
2015-03-30 12:57:53,26,-26.0
2015-03-30 13:02:53,22,-22.0
2015-03-30 13:07:53,12,-12.0
2015-03-30 13:12:53,22,-22.0
2015-03-30 13:17:53,11,-11.0
2015-03-30 13:22:53,11,-11.0
2015-03-30 13:27:53,12,-12.0
2015-03-30 13:32:53,11,-11.0
2015-03-30 13:37:53,13,-13.0
2015-03-30 13:42:53,15,-15.0
2015-03-30 13:47:53,15,-15.0
2015-03-30 13:52:53,27,-27.0
2015-03-30 13:57:53,15,-15.0
2015-03-30 14:02:53,13,-13.0
2015-03-30 14:07:53,23,-23.0
2015-03-30 14:12:53,12,-12.0
2015-03-30 14:17:53,47,-47.0
2015-03-30 14:22:53,15,-15.0
2015-03-30 14:27:53,18,-18.0
2015-03-30 14:32:53,15,-15.0
2015-03-30 14:37:53,23,-23.0
2015-03-30 14:42:53,21,-21.0
2015-03-30 14:47:53,22,-22.0
2015-03-30 14:52:53,25,-25.0
2015-03-30 14:57:53,23,-23.0
2015-03-30 15:02:53,10,-10.0
2015-03-30 15:07:53,6,-6.0
2015-03-30 15:12:53,21,-21.0
2015-03-30 15:17:53,69,-69.0
2015-03-30 15:22:53,20,-20.0
2015-03-30 15:27:53,23,-23.0
2015-03-30 15:32:53,32,-32.0
2015-03-30 15:37:53,29,-29.0
2015-03-30 15:42:53,12,-12.0
2015-03-30 15:47:53,19,-19.0
2015-03-30 15:52:53,15,-15.0
2015-03-30 15:57:53,36,-36.0
2015-03-30 16:02:53,24,-24.0
2015-03-30 16:07:53,34,-34.0
2015-03-30 16:12:53,19,-19.0
2015-03-30 16:17:53,24,-24.0
2015-03-30 16:22:53,31,-31.0
2015-03-30 16:27:53,33,-33.0
2015-03-30 16:32:53,15,-15.0
2015-03-30 16:37:53,17,-17.0
2015-03-30 16:42:53,25,-25.0
2015-03-30 16:47:53,27,-27.0
2015-03-30 16:52:53,31,-31.0
2015-03-30 16:57:53,34,-34.0
2015-03-30 17:02:53,22,-22.0
2015-03-30 17:07:53,16,-16.0
2015-03-30 17:12:53,18,-18.0
2015-03-30 17:17:53,30,-30.0
2015-03-30 17:22:53,28,-28.0
2015-03-30 17:27:53,27,-27.0
2015-03-30 17:32:53,28,-28.0
2015-03-30 17:37:53,30,-30.0
2015-03-30 17:42:53,17,-17.0
2015-03-30 17:47:53,19,-19.0
2015-03-30 17:52:53,18,-18.0
2015-03-30 17:57:53,22,-22.0
2015-03-30 18:02:53,41,-41.0
2015-03-30 18:07:53,35,-35.0
2015-03-30 18:12:53,43,-43.0
2015-03-30 18:17:53,27,-27.0
2015-03-30 18:22:53,19,-19.0
2015-03-30 18:27:53,19,-19.0
2015-03-30 18:32:53,12,-12.0
2015-03-30 18:37:53,19,-19.0
2015-03-30 18:42:53,20,-20.0
2015-03-30 18:47:53,58,-58.0
2015-03-30 18:52:53,24,-24.0
2015-03-30 18:57:53,27,-27.0
2015-03-30 19:02:53,38,-38.0
2015-03-30 19:07:53,26,-26.0
2015-03-30 19:12:53,22,-22.0
2015-03-30 19:17:53,28,-28.0
2015-03-30 19:22:53,15,-15.0
2015-03-30 19:27:53,39,-39.0
2015-03-30 19:32:53,43,-43.0
2015-03-30 19:37:53,19,-19.0
2015-03-30 19:42:53,22,-22.0
2015-03-30 19:47:53,23,-23.0
2015-03-30 19:52:53,26,-26.0
2015-03-30 19:57:53,27,-27.0
2015-03-30 20:02:53,27,-27.0
2015-03-30 20:07:53,26,-26.0
2015-03-30 20:12:53,33,-33.0
2015-03-30 20:17:53,20,-20.0
2015-03-30 20:22:53,12,-12.0
2015-03-30 20:27:53,20,-20.0
2015-03-30 20:32:53,20,-20.0
2015-03-30 20:37:53,19,-19.0
2015-03-30 20:42:53,9,-9.0
2015-03-30 20:47:53,12,-12.0
2015-03-30 20:52:53,18,-18.0
2015-03-30 20:57:53,29,-29.0
2015-03-30 21:02:53,14,-14.0
2015-03-30 21:07:53,14,-14.0
2015-03-30 21:12:53,19,-19.0
2015-03-30 21:17:53,8,-8.0
2015-03-30 21:22:53,12,-12.0
2015-03-30 21:27:53,18,-18.0
2015-03-30 21:32:53,53,-53.0
2015-03-30 21:37:53,21,-21.0
2015-03-30 21:42:53,21,-21.0
2015-03-30 21:47:53,15,-15.0
2015-03-30 21:52:53,12,-12.0
2015-03-30 21:57:53,23,-23.0
2015-03-30 22:02:53,15,-15.0
2015-03-30 22:07:53,15,-15.0
2015-03-30 22:12:53,38,-38.0
2015-03-30 22:17:53,30,-30.0
2015-03-30 22:22:53,14,-14.0
2015-03-30 22:27:53,20,-20.0
2015-03-30 22:32:53,26,-26.0
2015-03-30 22:37:53,10,-10.0
2015-03-30 22:42:53,19,-19.0
2015-03-30 22:47:53,15,-15.0
2015-03-30 22:52:53,10,-10.0
2015-03-30 22:57:53,19,-19.0
2015-03-30 23:02:53,11,-11.0
2015-03-30 23:07:53,51,-51.0
2015-03-30 23:12:53,50,-50.0
2015-03-30 23:17:53,34,-34.0
2015-03-30 23:22:53,32,-32.0
2015-03-30 23:27:53,21,-21.0
2015-03-30 23:32:53,20,-20.0
2015-03-30 23:37:53,15,-15.0
2015-03-30 23:42:53,17,-17.0
2015-03-30 23:47:53,17,-17.0
2015-03-30 23:52:53,15,-15.0
2015-03-30 23:57:53,34,-34.0
2015-03-31 00:02:53,25,-25.0
2015-03-31 00:07:53,15,-15.0
2015-03-31 00:12:53,21,-21.0
2015-03-31 00:17:53,17,-17.0
2015-03-31 00:22:53,23,-23.0
2015-03-31 00:27:53,14,-14.0
2015-03-31 00:32:53,18,-18.0
2015-03-31 00:37:53,18,-18.0
2015-03-31 00:42:53,10,-10.0
2015-03-31 00:47:53,9,-9.0
2015-03-31 00:52:53,16,-16.0
2015-03-31 00:57:53,56,-56.0
2015-03-31 01:02:53,12,-12.0
2015-03-31 01:07:53,18,-18.0
2015-03-31 01:12:53,14,-14.0
2015-03-31 01:17:53,13,-13.0
2015-03-31 01:22:53,7,-7.0
2015-03-31 01:27:53,48,-48.0
2015-03-31 01:32:53,8,-8.0
2015-03-31 01:37:53,20,-20.0
2015-03-31 01:42:53,11,-11.0
2015-03-31 01:47:53,16,-16.0
2015-03-31 01:52:53,11,-11.0
2015-03-31 01:57:53,16,-16.0
2015-03-31 02:02:53,11,-11.0
2015-03-31 02:07:53,17,-17.0
2015-03-31 02:12:53,9,-9.0
2015-03-31 02:17:53,13,-13.0
2015-03-31 02:22:53,13,-13.0
2015-03-31 02:27:53,12,-12.0
2015-03-31 02:32:53,20,-20.0
2015-03-31 02:37:53,11,-11.0
2015-03-31 02:42:53,11,-11.0
2015-03-31 02:47:53,11,-11.0
2015-03-31 02:52:53,12,-12.0
2015-03-31 02:57:53,14,-14.0
2015-03-31 03:02:53,21,-21.0
2015-03-31 03:07:53,7,-7.0
2015-03-31 03:12:53,12,-12.0
2015-03-31 03:17:53,10,-10.0
2015-03-31 03:22:53,8,-8.0
2015-03-31 03:27:53,6,-6.0
2015-03-31 03:32:53,14,-14.0
2015-03-31 03:37:53,12,-12.0
2015-03-31 03:42:53,5,-5.0
2015-03-31 03:47:53,43,-43.0
2015-03-31 03:52:53,16,-16.0
2015-03-31 03:57:53,10,-10.0
2015-03-31 04:02:53,10,-10.0
2015-03-31 04:07:53,15,-15.0
2015-03-31 04:12:53,12,-12.0
2015-03-31 04:17:53,12,-12.0
2015-03-31 04:22:53,59,-59.0
2015-03-31 04:27:53,9,-9.0
2015-03-31 04:32:53,10,-10.0
2015-03-31 04:37:53,10,-10.0
2015-03-31 04:42:53,15,-15.0
2015-03-31 04:47:53,24,-24.0
2015-03-31 04:52:53,4,-4.0
2015-03-31 04:57:53,9,-9.0
2015-03-31 05:02:53,15,-15.0
2015-03-31 05:07:53,9,-9.0
2015-03-31 05:12:53,8,-8.0
2015-03-31 05:17:53,10,-10.0
2015-03-31 05:22:53,8,-8.0
2015-03-31 05:27:53,10,-10.0
2015-03-31 05:32:53,14,-14.0
2015-03-31 05:37:53,10,-10.0
2015-03-31 05:42:53,8,-8.0
2015-03-31 05:47:53,9,-9.0
2015-03-31 05:52:53,14,-14.0
2015-03-31 05:57:53,28,-28.0
2015-03-31 06:02:53,15,-15.0
2015-03-31 06:07:53,15,-15.0
2015-03-31 06:12:53,46,-46.0
2015-03-31 06:17:53,14,-14.0
2015-03-31 06:22:53,13,-13.0
2015-03-31 06:27:53,14,-14.0
2015-03-31 06:32:53,8,-8.0
2015-03-31 06:37:53,15,-15.0
2015-03-31 06:42:53,6,-6.0
2015-03-31 06:47:53,19,-19.0
2015-03-31 06:52:53,8,-8.0
2015-03-31 06:57:53,23,-23.0
2015-03-31 07:02:53,17,-17.0
2015-03-31 07:07:53,25,-25.0
2015-03-31 07:12:53,7,-7.0
2015-03-31 07:17:53,11,-11.0
2015-03-31 07:22:53,18,-18.0
2015-03-31 07:27:53,21,-21.0
2015-03-31 07:32:53,11,-11.0
2015-03-31 07:37:53,12,-12.0
2015-03-31 07:42:53,13,-13.0
2015-03-31 07:47:53,15,-15.0
2015-03-31 07:52:53,43,-43.0
2015-03-31 07:57:53,9,-9.0
2015-03-31 08:02:53,13,-13.0
2015-03-31 08:07:53,11,-11.0
2015-03-31 08:12:53,3,-3.0
2015-03-31 08:17:53,20,-20.0
2015-03-31 08:22:53,11,-11.0
2015-03-31 08:27:53,13,-13.0
2015-03-31 08:32:53,14,-14.0
2015-03-31 08:37:53,7,-7.0
2015-03-31 08:42:53,9,-9.0
2015-03-31 08:47:53,43,-43.0
2015-03-31 08:52:53,7,-7.0
2015-03-31 08:57:53,25,-25.0
2015-03-31 09:02:53,17,-17.0
2015-03-31 09:07:53,18,-18.0
2015-03-31 09:12:53,8,-8.0
2015-03-31 09:17:53,9,-9.0
2015-03-31 09:22:53,13,-13.0
2015-03-31 09:27:53,12,-12.0
2015-03-31 09:32:53,12,-12.0
2015-03-31 09:37:53,16,-16.0
2015-03-31 09:42:53,19,-19.0
2015-03-31 09:47:53,15,-15.0
2015-03-31 09:52:53,18,-18.0
2015-03-31 09:57:53,26,-26.0
2015-03-31 10:02:53,13,-13.0
2015-03-31 10:07:53,18,-18.0
2015-03-31 10:12:53,28,-28.0
2015-03-31 10:17:53,9,-9.0
2015-03-31 10:22:53,22,-22.0
2015-03-31 10:27:53,6,-6.0
2015-03-31 10:32:53,9,-9.0
2015-03-31 10:37:53,33,-33.0
2015-03-31 10:42:53,12,-12.0
2015-03-31 10:47:53,13,-13.0
2015-03-31 10:52:53,26,-26.0
2015-03-31 10:57:53,26,-26.0
2015-03-31 11:02:53,23,-23.0
2015-03-31 11:07:53,18,-18.0
2015-03-31 11:12:53,23,-23.0
2015-03-31 11:17:53,12,-12.0
2015-03-31 11:22:53,45,-45.0
2015-03-31 11:27:53,37,-37.0
2015-03-31 11:32:53,26,-26.0
2015-03-31 11:37:53,12,-12.0
2015-03-31 11:42:53,16,-16.0
2015-03-31 11:47:53,31,-31.0
2015-03-31 11:52:53,17,-17.0
2015-03-31 11:57:53,19,-19.0
2015-03-31 12:02:53,39,-39.0
2015-03-31 12:07:53,34,-34.0
2015-03-31 12:12:53,24,-24.0
2015-03-31 12:17:53,26,-26.0
2015-03-31 12:22:53,16,-16.0
2015-03-31 12:27:53,16,-16.0
2015-03-31 12:32:53,18,-18.0
2015-03-31 12:37:53,25,-25.0
2015-03-31 12:42:53,32,-32.0
2015-03-31 12:47:53,27,-27.0
2015-03-31 12:52:53,20,-20.0
2015-03-31 12:57:53,16,-16.0
2015-03-31 13:02:53,16,-16.0
2015-03-31 13:07:53,23,-23.0
2015-03-31 13:12:53,25,-25.0
2015-03-31 13:17:53,32,-32.0
2015-03-31 13:22:53,26,-26.0
2015-03-31 13:27:53,20,-20.0
2015-03-31 13:32:53,31,-31.0
2015-03-31 13:37:53,23,-23.0
2015-03-31 13:42:53,23,-23.0
2015-03-31 13:47:53,14,-14.0
2015-03-31 13:52:53,17,-17.0
2015-03-31 13:57:53,51,-51.0
2015-03-31 14:02:53,11,-11.0
2015-03-31 14:07:53,21,-21.0
2015-03-31 14:12:53,14,-14.0
2015-03-31 14:17:53,24,-24.0
2015-03-31 14:22:53,24,-24.0
2015-03-31 14:27:53,19,-19.0
2015-03-31 14:32:53,27,-27.0
2015-03-31 14:37:53,27,-27.0
2015-03-31 14:42:53,29,-29.0
2015-03-31 14:47:53,31,-31.0
2015-03-31 14:52:53,37,-37.0
2015-03-31 14:57:53,36,-36.0
2015-03-31 15:02:53,38,-38.0
2015-03-31 15:07:53,34,-34.0
2015-03-31 15:12:53,27,-27.0
2015-03-31 15:17:53,27,-27.0
2015-03-31 15:22:53,37,-37.0
2015-03-31 15:27:53,36,-36.0
2015-03-31 15:32:53,35,-35.0
2015-03-31 15:37:53,40,-40.0
2015-03-31 15:42:53,28,-28.0
2015-03-31 15:47:53,28,-28.0
2015-03-31 15:52:53,37,-37.0
2015-03-31 15:57:53,15,-15.0
2015-03-31 16:02:53,29,-29.0
2015-03-31 16:07:53,35,-35.0
2015-03-31 16:12:53,28,-28.0
2015-03-31 16:17:53,28,-28.0
2015-03-31 16:22:53,35,-35.0
2015-03-31 16:27:53,44,-44.0
2015-03-31 16:32:53,36,-36.0
2015-03-31 16:37:53,50,-50.0
2015-03-31 16:42:53,59,-59.0
2015-03-31 16:47:53,61,-61.0
2015-03-31 16:52:53,72,-72.0
2015-03-31 16:57:53,58,-58.0
2015-03-31 17:02:53,73,-73.0
2015-03-31 17:07:53,88,-88.0
2015-03-31 17:12:53,73,-73.0
2015-03-31 17:17:53,66,-66.0
2015-03-31 17:22:53,64,-64.0
2015-03-31 17:27:53,57,-57.0
2015-03-31 17:32:53,41,-41.0
2015-03-31 17:37:53,32,-32.0
2015-03-31 17:42:53,45,-45.0
2015-03-31 17:47:53,37,-37.0
2015-03-31 17:52:53,42,-42.0
2015-03-31 17:57:53,59,-59.0
2015-03-31 18:02:53,44,-44.0
2015-03-31 18:07:53,39,-39.0
2015-03-31 18:12:53,35,-35.0
2015-03-31 18:17:53,47,-47.0
2015-03-31 18:22:53,35,-35.0
2015-03-31 18:27:53,44,-44.0
2015-03-31 18:32:53,56,-56.0
2015-03-31 18:37:53,43,-43.0
2015-03-31 18:42:53,28,-28.0
2015-03-31 18:47:53,67,-67.0
2015-03-31 18:52:53,29,-29.0
2015-03-31 18:57:53,34,-34.0
2015-03-31 19:02:53,33,-33.0
2015-03-31 19:07:53,24,-24.0
2015-03-31 19:12:53,52,-52.0
2015-03-31 19:17:53,60,-60.0
2015-03-31 19:22:53,53,-53.0
2015-03-31 19:27:53,44,-44.0
2015-03-31 19:32:53,54,-54.0
2015-03-31 19:37:53,35,-35.0
2015-03-31 19:42:53,60,-60.0
2015-03-31 19:47:53,34,-34.0
2015-03-31 19:52:53,48,-48.0
2015-03-31 19:57:53,46,-46.0
2015-03-31 20:02:53,41,-41.0
2015-03-31 20:07:53,34,-34.0
2015-03-31 20:12:53,33,-33.0
2015-03-31 20:17:53,41,-41.0
2015-03-31 20:22:53,40,-40.0
2015-03-31 20:27:53,30,-30.0
2015-03-31 20:32:53,42,-42.0
2015-03-31 20:37:53,37,-37.0
2015-03-31 20:42:53,46,-46.0
2015-03-31 20:47:53,33,-33.0
2015-03-31 20:52:53,39,-39.0
2015-03-31 20:57:53,23,-23.0
2015-03-31 21:02:53,23,-23.0
2015-03-31 21:07:53,38,-38.0
2015-03-31 21:12:53,27,-27.0
2015-03-31 21:17:53,28,-28.0
2015-03-31 21:22:53,31,-31.0
2015-03-31 21:27:53,101,-101.0
2015-03-31 21:32:53,58,-58.0
2015-03-31 21:37:53,53,-53.0
2015-03-31 21:42:53,37,-37.0
2015-03-31 21:47:53,28,-28.0
2015-03-31 21:52:53,41,-41.0
2015-03-31 21:57:53,49,-49.0
2015-03-31 22:02:53,26,-26.0
2015-03-31 22:07:53,33,-33.0
2015-03-31 22:12:53,41,-41.0
2015-03-31 22:17:53,23,-23.0
2015-03-31 22:22:53,42,-42.0
2015-03-31 22:27:53,27,-27.0
2015-03-31 22:32:53,55,-55.0
2015-03-31 22:37:53,39,-39.0
2015-03-31 22:42:53,28,-28.0
2015-03-31 22:47:53,20,-20.0
2015-03-31 22:52:53,28,-28.0
2015-03-31 22:57:53,33,-33.0
2015-03-31 23:02:53,29,-29.0
2015-03-31 23:07:53,25,-25.0
2015-03-31 23:12:53,23,-23.0
2015-03-31 23:17:53,22,-22.0
2015-03-31 23:22:53,29,-29.0
2015-03-31 23:27:53,37,-37.0
2015-03-31 23:32:53,16,-16.0
2015-03-31 23:37:53,23,-23.0
2015-03-31 23:42:53,44,-44.0
2015-03-31 23:47:53,26,-26.0
2015-03-31 23:52:53,30,-30.0
2015-03-31 23:57:53,42,-42.0
2015-04-01 00:02:53,22,-22.0
2015-04-01 00:07:53,31,-31.0
2015-04-01 00:12:53,22,-22.0
2015-04-01 00:17:53,18,-18.0
2015-04-01 00:22:53,32,-32.0
2015-04-01 00:27:53,38,-38.0
2015-04-01 00:32:53,20,-20.0
2015-04-01 00:37:53,21,-21.0
2015-04-01 00:42:53,22,-22.0
2015-04-01 00:47:53,23,-23.0
2015-04-01 00:52:53,17,-17.0
2015-04-01 00:57:53,28,-28.0
2015-04-01 01:02:53,79,-79.0
2015-04-01 01:07:53,93,-93.0
2015-04-01 01:12:53,63,-63.0
2015-04-01 01:17:53,45,-45.0
2015-04-01 01:22:53,52,-52.0
2015-04-01 01:27:53,37,-37.0
2015-04-01 01:32:53,46,-46.0
2015-04-01 01:37:53,31,-31.0
2015-04-01 01:42:53,30,-30.0
2015-04-01 01:47:53,38,-38.0
2015-04-01 01:52:53,30,-30.0
2015-04-01 01:57:53,29,-29.0
2015-04-01 02:02:53,33,-33.0
2015-04-01 02:07:53,25,-25.0
2015-04-01 02:12:53,26,-26.0
2015-04-01 02:17:53,24,-24.0
2015-04-01 02:22:53,30,-30.0
2015-04-01 02:27:53,52,-52.0
2015-04-01 02:32:53,33,-33.0
2015-04-01 02:37:53,22,-22.0
2015-04-01 02:42:53,21,-21.0
2015-04-01 02:47:53,19,-19.0
2015-04-01 02:52:53,21,-21.0
2015-04-01 02:57:53,35,-35.0
2015-04-01 03:02:53,26,-26.0
2015-04-01 03:07:53,20,-20.0
2015-04-01 03:12:53,27,-27.0
2015-04-01 03:17:53,17,-17.0
2015-04-01 03:22:53,34,-34.0
2015-04-01 03:27:53,23,-23.0
2015-04-01 03:32:53,24,-24.0
2015-04-01 03:37:53,15,-15.0
2015-04-01 03:42:53,23,-23.0
2015-04-01 03:47:53,19,-19.0
2015-04-01 03:52:53,24,-24.0
2015-04-01 03:57:53,187,-187.0
2015-04-01 04:02:53,244,-244.0
2015-04-01 04:07:53,179,-179.0
2015-04-01 04:12:53,121,-121.0
2015-04-01 04:17:53,136,-136.0
2015-04-01 04:22:53,112,-112.0
2015-04-01 04:27:53,100,-100.0
2015-04-01 04:32:53,103,-103.0
2015-04-01 04:37:53,98,-98.0
2015-04-01 04:42:53,100,-100.0
2015-04-01 04:47:53,83,-83.0
2015-04-01 04:52:53,77,-77.0
2015-04-01 04:57:53,70,-70.0
2015-04-01 05:02:53,88,-88.0
2015-04-01 05:07:53,67,-67.0
2015-04-01 05:12:53,73,-73.0
2015-04-01 05:17:53,53,-53.0
2015-04-01 05:22:53,60,-60.0
2015-04-01 05:27:53,53,-53.0
2015-04-01 05:32:53,89,-89.0
2015-04-01 05:37:53,71,-71.0
2015-04-01 05:42:53,63,-63.0
2015-04-01 05:47:53,110,-110.0
2015-04-01 05:52:53,215,-215.0
2015-04-01 05:57:53,69,-69.0
2015-04-01 06:02:53,55,-55.0
2015-04-01 06:07:53,63,-63.0
2015-04-01 06:12:53,56,-56.0
2015-04-01 06:17:53,67,-67.0
2015-04-01 06:22:53,73,-73.0
2015-04-01 06:27:53,49,-49.0
2015-04-01 06:32:53,134,-134.0
2015-04-01 06:37:53,206,-206.0
2015-04-01 06:42:53,156,-156.0
2015-04-01 06:47:53,140,-140.0
2015-04-01 06:52:53,105,-105.0
2015-04-01 06:57:53,96,-96.0
2015-04-01 07:02:53,97,-97.0
2015-04-01 07:07:53,91,-91.0
2015-04-01 07:12:53,99,-99.0
2015-04-01 07:17:53,79,-79.0
2015-04-01 07:22:53,72,-72.0
2015-04-01 07:27:53,55,-55.0
2015-04-01 07:32:53,71,-71.0
2015-04-01 07:37:53,60,-60.0
2015-04-01 07:42:53,74,-74.0
2015-04-01 07:47:53,62,-62.0
2015-04-01 07:52:53,88,-88.0
2015-04-01 07:57:53,66,-66.0
2015-04-01 08:02:53,72,-72.0
2015-04-01 08:07:53,62,-62.0
2015-04-01 08:12:53,73,-73.0
2015-04-01 08:17:53,82,-82.0
2015-04-01 08:22:53,70,-70.0
2015-04-01 08:27:53,64,-64.0
2015-04-01 08:32:53,44,-44.0
2015-04-01 08:37:53,62,-62.0
2015-04-01 08:42:53,55,-55.0
2015-04-01 08:47:53,52,-52.0
2015-04-01 08:52:53,72,-72.0
2015-04-01 08:57:53,63,-63.0
2015-04-01 09:02:53,71,-71.0
2015-04-01 09:07:53,47,-47.0
2015-04-01 09:12:53,59,-59.0
2015-04-01 09:17:53,44,-44.0
2015-04-01 09:22:53,41,-41.0
2015-04-01 09:27:53,54,-54.0
2015-04-01 09:32:53,67,-67.0
2015-04-01 09:37:53,59,-59.0
2015-04-01 09:42:53,50,-50.0
2015-04-01 09:47:53,40,-40.0
2015-04-01 09:52:53,49,-49.0
2015-04-01 09:57:53,42,-42.0
2015-04-01 10:02:53,44,-44.0
2015-04-01 10:07:53,73,-73.0
2015-04-01 10:12:53,44,-44.0
2015-04-01 10:17:53,36,-36.0
2015-04-01 10:22:53,61,-61.0
2015-04-01 10:27:53,41,-41.0
2015-04-01 10:32:53,51,-51.0
2015-04-01 10:37:53,40,-40.0
2015-04-01 10:42:53,39,-39.0
2015-04-01 10:47:53,36,-36.0
2015-04-01 10:52:53,48,-48.0
2015-04-01 10:57:53,47,-47.0
2015-04-01 11:02:53,57,-57.0
2015-04-01 11:07:53,48,-48.0
2015-04-01 11:12:53,56,-56.0
2015-04-01 11:17:53,50,-50.0
2015-04-01 11:22:53,31,-31.0
2015-04-01 11:27:53,63,-63.0
2015-04-01 11:32:53,44,-44.0
2015-04-01 11:37:53,49,-49.0
2015-04-01 11:42:53,57,-57.0
2015-04-01 11:47:53,54,-54.0
2015-04-01 11:52:53,52,-52.0
2015-04-01 11:57:53,59,-59.0
2015-04-01 12:02:53,45,-45.0
2015-04-01 12:07:53,41,-41.0
2015-04-01 12:12:53,54,-54.0
2015-04-01 12:17:53,36,-36.0
2015-04-01 12:22:53,50,-50.0
2015-04-01 12:27:53,55,-55.0
2015-04-01 12:32:53,52,-52.0
2015-04-01 12:37:53,53,-53.0
2015-04-01 12:42:53,52,-52.0
2015-04-01 12:47:53,62,-62.0
2015-04-01 12:52:53,48,-48.0
2015-04-01 12:57:53,56,-56.0
2015-04-01 13:02:53,61,-61.0
2015-04-01 13:07:53,58,-58.0
2015-04-01 13:12:53,53,-53.0
2015-04-01 13:17:53,36,-36.0
2015-04-01 13:22:53,42,-42.0
2015-04-01 13:27:53,96,-96.0
2015-04-01 13:32:53,86,-86.0
2015-04-01 13:37:53,68,-68.0
2015-04-01 13:42:53,59,-59.0
2015-04-01 13:47:53,55,-55.0
2015-04-01 13:52:53,43,-43.0
2015-04-01 13:57:53,94,-94.0
2015-04-01 14:02:53,100,-100.0
2015-04-01 14:07:53,62,-62.0
2015-04-01 14:12:53,64,-64.0
2015-04-01 14:17:53,60,-60.0
2015-04-01 14:22:53,77,-77.0
2015-04-01 14:27:53,74,-74.0
2015-04-01 14:32:53,61,-61.0
2015-04-01 14:37:53,65,-65.0
2015-04-01 14:42:53,48,-48.0
2015-04-01 14:47:53,53,-53.0
2015-04-01 14:52:53,59,-59.0
2015-04-01 14:57:53,57,-57.0
2015-04-01 15:02:53,57,-57.0
2015-04-01 15:07:53,58,-58.0
2015-04-01 15:12:53,46,-46.0
2015-04-01 15:17:53,45,-45.0
2015-04-01 15:22:53,45,-45.0
2015-04-01 15:27:53,46,-46.0
2015-04-01 15:32:53,49,-49.0
2015-04-01 15:37:53,42,-42.0
2015-04-01 15:42:53,65,-65.0
2015-04-01 15:47:53,52,-52.0
2015-04-01 15:52:53,47,-47.0
2015-04-01 15:57:53,63,-63.0
2015-04-01 16:02:53,49,-49.0
2015-04-01 16:07:53,58,-58.0
2015-04-01 16:12:53,55,-55.0
2015-04-01 16:17:53,42,-42.0
2015-04-01 16:22:53,68,-68.0
2015-04-01 16:27:53,38,-38.0
2015-04-01 16:32:53,49,-49.0
2015-04-01 16:37:53,41,-41.0
2015-04-01 16:42:53,61,-61.0
2015-04-01 16:47:53,39,-39.0
2015-04-01 16:52:53,41,-41.0
2015-04-01 16:57:53,45,-45.0
2015-04-01 17:02:53,46,-46.0
2015-04-01 17:07:53,38,-38.0
2015-04-01 17:12:53,37,-37.0
2015-04-01 17:17:53,41,-41.0
2015-04-01 17:22:53,39,-39.0
2015-04-01 17:27:53,53,-53.0
2015-04-01 17:32:53,42,-42.0
2015-04-01 17:37:53,53,-53.0
2015-04-01 17:42:53,56,-56.0
2015-04-01 17:47:53,45,-45.0
2015-04-01 17:52:53,45,-45.0
2015-04-01 17:57:53,48,-48.0
2015-04-01 18:02:53,44,-44.0
2015-04-01 18:07:53,30,-30.0
2015-04-01 18:12:53,51,-51.0
2015-04-01 18:17:53,60,-60.0
2015-04-01 18:22:53,35,-35.0
2015-04-01 18:27:53,34,-34.0
2015-04-01 18:32:53,43,-43.0
2015-04-01 18:37:53,45,-45.0
2015-04-01 18:42:53,42,-42.0
2015-04-01 18:47:53,36,-36.0
2015-04-01 18:52:53,31,-31.0
2015-04-01 18:57:53,36,-36.0
2015-04-01 19:02:53,34,-34.0
2015-04-01 19:07:53,30,-30.0
2015-04-01 19:12:53,218,-218.0
2015-04-01 19:17:53,465,-465.0
2015-04-01 19:22:53,174,-174.0
2015-04-01 19:27:53,172,-172.0
2015-04-01 19:32:53,100,-100.0
2015-04-01 19:37:53,103,-103.0
2015-04-01 19:42:53,90,-90.0
2015-04-01 19:47:53,76,-76.0
2015-04-01 19:52:53,98,-98.0
2015-04-01 19:57:53,69,-69.0
2015-04-01 20:02:53,67,-67.0
2015-04-01 20:07:53,68,-68.0
2015-04-01 20:12:53,59,-59.0
2015-04-01 20:17:53,44,-44.0
2015-04-01 20:22:53,40,-40.0
2015-04-01 20:27:53,50,-50.0
2015-04-01 20:32:53,38,-38.0
2015-04-01 20:37:53,47,-47.0
2015-04-01 20:42:53,48,-48.0
2015-04-01 20:47:53,51,-51.0
2015-04-01 20:52:53,46,-46.0
2015-04-01 20:57:53,58,-58.0
2015-04-01 21:02:53,48,-48.0
2015-04-01 21:07:53,238,-238.0
2015-04-01 21:12:53,160,-160.0
2015-04-01 21:17:53,59,-59.0
2015-04-01 21:22:53,40,-40.0
2015-04-01 21:27:53,62,-62.0
2015-04-01 21:32:53,40,-40.0
2015-04-01 21:37:53,31,-31.0
2015-04-01 21:42:53,40,-40.0
2015-04-01 21:47:53,29,-29.0
2015-04-01 21:52:53,41,-41.0
2015-04-01 21:57:53,41,-41.0
2015-04-01 22:02:53,57,-57.0
2015-04-01 22:07:53,35,-35.0
2015-04-01 22:12:53,33,-33.0
2015-04-01 22:17:53,39,-39.0
2015-04-01 22:22:53,23,-23.0
2015-04-01 22:27:53,35,-35.0
2015-04-01 22:32:53,45,-45.0
2015-04-01 22:37:53,30,-30.0
2015-04-01 22:42:53,32,-32.0
2015-04-01 22:47:53,21,-21.0
2015-04-01 22:52:53,22,-22.0
2015-04-01 22:57:53,34,-34.0
2015-04-01 23:02:53,22,-22.0
2015-04-01 23:07:53,22,-22.0
2015-04-01 23:12:53,33,-33.0
2015-04-01 23:17:53,22,-22.0
2015-04-01 23:22:53,34,-34.0
2015-04-01 23:27:53,41,-41.0
2015-04-01 23:32:53,15,-15.0
2015-04-01 23:37:53,16,-16.0
2015-04-01 23:42:53,18,-18.0
2015-04-01 23:47:53,21,-21.0
2015-04-01 23:52:53,19,-19.0
2015-04-01 23:57:53,25,-25.0
2015-04-02 00:02:53,26,-26.0
2015-04-02 00:07:53,18,-18.0
2015-04-02 00:12:53,24,-24.0
2015-04-02 00:17:53,10,-10.0
2015-04-02 00:22:53,22,-22.0
2015-04-02 00:27:53,21,-21.0
2015-04-02 00:32:53,22,-22.0
2015-04-02 00:37:53,15,-15.0
2015-04-02 00:42:53,19,-19.0
2015-04-02 00:47:53,17,-17.0
2015-04-02 00:52:53,22,-22.0
2015-04-02 00:57:53,38,-38.0
2015-04-02 01:02:53,27,-27.0
2015-04-02 01:07:53,14,-14.0
2015-04-02 01:12:53,19,-19.0
2015-04-02 01:17:53,13,-13.0
2015-04-02 01:22:53,24,-24.0
2015-04-02 01:27:53,20,-20.0
2015-04-02 01:32:53,25,-25.0
2015-04-02 01:37:53,20,-20.0
2015-04-02 01:42:53,30,-30.0
2015-04-02 01:47:53,24,-24.0
2015-04-02 01:52:53,14,-14.0
2015-04-02 01:57:53,20,-20.0
2015-04-02 02:02:53,19,-19.0
2015-04-02 02:07:53,15,-15.0
2015-04-02 02:12:53,22,-22.0
2015-04-02 02:17:53,21,-21.0
2015-04-02 02:22:53,18,-18.0
2015-04-02 02:27:53,22,-22.0
2015-04-02 02:32:53,32,-32.0
2015-04-02 02:37:53,19,-19.0
2015-04-02 02:42:53,17,-17.0
2015-04-02 02:47:53,30,-30.0
2015-04-02 02:52:53,23,-23.0
2015-04-02 02:57:53,29,-29.0
2015-04-02 03:02:53,32,-32.0
2015-04-02 03:07:53,26,-26.0
2015-04-02 03:12:53,40,-40.0
2015-04-02 03:17:53,33,-33.0
2015-04-02 03:22:53,19,-19.0
2015-04-02 03:27:53,30,-30.0
2015-04-02 03:32:53,26,-26.0
2015-04-02 03:37:53,23,-23.0
2015-04-02 03:42:53,36,-36.0
2015-04-02 03:47:53,45,-45.0
2015-04-02 03:52:53,29,-29.0
2015-04-02 03:57:53,38,-38.0
2015-04-02 04:02:53,16,-16.0
2015-04-02 04:07:53,16,-16.0
2015-04-02 04:12:53,20,-20.0
2015-04-02 04:17:53,15,-15.0
2015-04-02 04:22:53,13,-13.0
2015-04-02 04:27:53,20,-20.0
2015-04-02 04:32:53,18,-18.0
2015-04-02 04:37:53,16,-16.0
2015-04-02 04:42:53,20,-20.0
2015-04-02 04:47:53,16,-16.0
2015-04-02 04:52:53,20,-20.0
2015-04-02 04:57:53,20,-20.0
2015-04-02 05:02:53,13,-13.0
2015-04-02 05:07:53,20,-20.0
2015-04-02 05:12:53,17,-17.0
2015-04-02 05:17:53,23,-23.0
2015-04-02 05:22:53,13,-13.0
2015-04-02 05:27:53,12,-12.0
2015-04-02 05:32:53,13,-13.0
2015-04-02 05:37:53,11,-11.0
2015-04-02 05:42:53,14,-14.0
2015-04-02 05:47:53,14,-14.0
2015-04-02 05:52:53,16,-16.0
2015-04-02 05:57:53,13,-13.0
2015-04-02 06:02:53,21,-21.0
2015-04-02 06:07:53,20,-20.0
2015-04-02 06:12:53,11,-11.0
2015-04-02 06:17:53,9,-9.0
2015-04-02 06:22:53,15,-15.0
2015-04-02 06:27:53,22,-22.0
2015-04-02 06:32:53,27,-27.0
2015-04-02 06:37:53,9,-9.0
2015-04-02 06:42:53,11,-11.0
2015-04-02 06:47:53,10,-10.0
2015-04-02 06:52:53,12,-12.0
2015-04-02 06:57:53,17,-17.0
2015-04-02 07:02:53,11,-11.0
2015-04-02 07:07:53,16,-16.0
2015-04-02 07:12:53,7,-7.0
2015-04-02 07:17:53,17,-17.0
2015-04-02 07:22:53,23,-23.0
2015-04-02 07:27:53,9,-9.0
2015-04-02 07:32:53,23,-23.0
2015-04-02 07:37:53,10,-10.0
2015-04-02 07:42:53,20,-20.0
2015-04-02 07:47:53,13,-13.0
2015-04-02 07:52:53,13,-13.0
2015-04-02 07:57:53,15,-15.0
2015-04-02 08:02:53,17,-17.0
2015-04-02 08:07:53,11,-11.0
2015-04-02 08:12:53,12,-12.0
2015-04-02 08:17:53,11,-11.0
2015-04-02 08:22:53,18,-18.0
2015-04-02 08:27:53,9,-9.0
2015-04-02 08:32:53,15,-15.0
2015-04-02 08:37:53,17,-17.0
2015-04-02 08:42:53,14,-14.0
2015-04-02 08:47:53,10,-10.0
2015-04-02 08:52:53,26,-26.0
2015-04-02 08:57:53,16,-16.0
2015-04-02 09:02:53,16,-16.0
2015-04-02 09:07:53,16,-16.0
2015-04-02 09:12:53,11,-11.0
2015-04-02 09:17:53,13,-13.0
2015-04-02 09:22:53,26,-26.0
2015-04-02 09:27:53,13,-13.0
2015-04-02 09:32:53,16,-16.0
2015-04-02 09:37:53,19,-19.0
2015-04-02 09:42:53,11,-11.0
2015-04-02 09:47:53,13,-13.0
2015-04-02 09:52:53,8,-8.0
2015-04-02 09:57:53,20,-20.0
2015-04-02 10:02:53,20,-20.0
2015-04-02 10:07:53,13,-13.0
2015-04-02 10:12:53,25,-25.0
2015-04-02 10:17:53,7,-7.0
2015-04-02 10:22:53,6,-6.0
2015-04-02 10:27:53,20,-20.0
2015-04-02 10:32:53,12,-12.0
2015-04-02 10:37:53,7,-7.0
2015-04-02 10:42:53,18,-18.0
2015-04-02 10:47:53,18,-18.0
2015-04-02 10:52:53,15,-15.0
2015-04-02 10:57:53,13,-13.0
2015-04-02 11:02:53,16,-16.0
2015-04-02 11:07:53,8,-8.0
2015-04-02 11:12:53,11,-11.0
2015-04-02 11:17:53,21,-21.0
2015-04-02 11:22:53,15,-15.0
2015-04-02 11:27:53,6,-6.0
2015-04-02 11:32:53,14,-14.0
2015-04-02 11:37:53,16,-16.0
2015-04-02 11:42:53,11,-11.0
2015-04-02 11:47:53,13,-13.0
2015-04-02 11:52:53,15,-15.0
2015-04-02 11:57:53,52,-52.0
2015-04-02 12:02:53,38,-38.0
2015-04-02 12:07:53,17,-17.0
2015-04-02 12:12:53,20,-20.0
2015-04-02 12:17:53,25,-25.0
2015-04-02 12:22:53,33,-33.0
2015-04-02 12:27:53,11,-11.0
2015-04-02 12:32:53,31,-31.0
2015-04-02 12:37:53,31,-31.0
2015-04-02 12:42:53,30,-30.0
2015-04-02 12:47:53,34,-34.0
2015-04-02 12:52:53,24,-24.0
2015-04-02 12:57:53,27,-27.0
2015-04-02 13:02:53,19,-19.0
2015-04-02 13:07:53,26,-26.0
2015-04-02 13:12:53,18,-18.0
2015-04-02 13:17:53,30,-30.0
2015-04-02 13:22:53,24,-24.0
2015-04-02 13:27:53,27,-27.0
2015-04-02 13:32:53,36,-36.0
2015-04-02 13:37:53,22,-22.0
2015-04-02 13:42:53,21,-21.0
2015-04-02 13:47:53,15,-15.0
2015-04-02 13:52:53,25,-25.0
2015-04-02 13:57:53,29,-29.0
2015-04-02 14:02:53,22,-22.0
2015-04-02 14:07:53,23,-23.0
2015-04-02 14:12:53,37,-37.0
2015-04-02 14:17:53,20,-20.0
2015-04-02 14:22:53,25,-25.0
2015-04-02 14:27:53,9,-9.0
2015-04-02 14:32:53,27,-27.0
2015-04-02 14:37:53,35,-35.0
2015-04-02 14:42:53,35,-35.0
2015-04-02 14:47:53,33,-33.0
2015-04-02 14:52:53,31,-31.0
2015-04-02 14:57:53,46,-46.0
2015-04-02 15:02:53,36,-36.0
2015-04-02 15:07:53,33,-33.0
2015-04-02 15:12:53,38,-38.0
2015-04-02 15:17:53,20,-20.0
2015-04-02 15:22:53,27,-27.0
2015-04-02 15:27:53,22,-22.0
2015-04-02 15:32:53,23,-23.0
2015-04-02 15:37:53,33,-33.0
2015-04-02 15:42:53,47,-47.0
2015-04-02 15:47:53,30,-30.0
2015-04-02 15:52:53,17,-17.0
2015-04-02 15:57:53,30,-30.0
2015-04-02 16:02:53,17,-17.0
2015-04-02 16:07:53,24,-24.0
2015-04-02 16:12:53,28,-28.0
2015-04-02 16:17:53,18,-18.0
2015-04-02 16:22:53,27,-27.0
2015-04-02 16:27:53,19,-19.0
2015-04-02 16:32:53,20,-20.0
2015-04-02 16:37:53,15,-15.0
2015-04-02 16:42:53,19,-19.0
2015-04-02 16:47:53,36,-36.0
2015-04-02 16:52:53,42,-42.0
2015-04-02 16:57:53,40,-40.0
2015-04-02 17:02:53,34,-34.0
2015-04-02 17:07:53,25,-25.0
2015-04-02 17:12:53,32,-32.0
2015-04-02 17:17:53,14,-14.0
2015-04-02 17:22:53,23,-23.0
2015-04-02 17:27:53,26,-26.0
2015-04-02 17:32:53,17,-17.0
2015-04-02 17:37:53,19,-19.0
2015-04-02 17:42:53,20,-20.0
2015-04-02 17:47:53,16,-16.0
2015-04-02 17:52:53,18,-18.0
2015-04-02 17:57:53,31,-31.0
2015-04-02 18:02:53,26,-26.0
2015-04-02 18:07:53,20,-20.0
2015-04-02 18:12:53,15,-15.0
2015-04-02 18:17:53,23,-23.0
2015-04-02 18:22:53,22,-22.0
2015-04-02 18:27:53,13,-13.0
2015-04-02 18:32:53,20,-20.0
2015-04-02 18:37:53,19,-19.0
2015-04-02 18:42:53,25,-25.0
2015-04-02 18:47:53,22,-22.0
2015-04-02 18:52:53,21,-21.0
2015-04-02 18:57:53,27,-27.0
2015-04-02 19:02:53,45,-45.0
2015-04-02 19:07:53,79,-79.0
2015-04-02 19:12:53,45,-45.0
2015-04-02 19:17:53,39,-39.0
2015-04-02 19:22:53,28,-28.0
2015-04-02 19:27:53,43,-43.0
2015-04-02 19:32:53,41,-41.0
2015-04-02 19:37:53,26,-26.0
2015-04-02 19:42:53,27,-27.0
2015-04-02 19:47:53,23,-23.0
2015-04-02 19:52:53,22,-22.0
2015-04-02 19:57:53,20,-20.0
2015-04-02 20:02:53,29,-29.0
2015-04-02 20:07:53,17,-17.0
2015-04-02 20:12:53,25,-25.0
2015-04-02 20:17:53,24,-24.0
2015-04-02 20:22:53,50,-50.0
2015-04-02 20:27:53,28,-28.0
2015-04-02 20:32:53,21,-21.0
2015-04-02 20:37:53,28,-28.0
2015-04-02 20:42:53,20,-20.0
2015-04-02 20:47:53,25,-25.0
2015-04-02 20:52:53,28,-28.0
2015-04-02 20:57:53,26,-26.0
2015-04-02 21:02:53,28,-28.0
2015-04-02 21:07:53,13,-13.0
2015-04-02 21:12:53,15,-15.0
2015-04-02 21:17:53,36,-36.0
2015-04-02 21:22:53,29,-29.0
2015-04-02 21:27:53,27,-27.0
2015-04-02 21:32:53,21,-21.0
2015-04-02 21:37:53,28,-28.0
2015-04-02 21:42:53,16,-16.0
2015-04-02 21:47:53,20,-20.0
2015-04-02 21:52:53,16,-16.0
2015-04-02 21:57:53,27,-27.0
2015-04-02 22:02:53,19,-19.0
2015-04-02 22:07:53,17,-17.0
2015-04-02 22:12:53,12,-12.0
2015-04-02 22:17:53,20,-20.0
2015-04-02 22:22:53,16,-16.0
2015-04-02 22:27:53,12,-12.0
2015-04-02 22:32:53,20,-20.0
2015-04-02 22:37:53,12,-12.0
2015-04-02 22:42:53,14,-14.0
2015-04-02 22:47:53,17,-17.0
2015-04-02 22:52:53,14,-14.0
2015-04-02 22:57:53,20,-20.0
2015-04-02 23:02:53,13,-13.0
2015-04-02 23:07:53,15,-15.0
2015-04-02 23:12:53,21,-21.0
2015-04-02 23:17:53,12,-12.0
2015-04-02 23:22:53,21,-21.0
2015-04-02 23:27:53,13,-13.0
2015-04-02 23:32:53,14,-14.0
2015-04-02 23:37:53,17,-17.0
2015-04-02 23:42:53,15,-15.0
2015-04-02 23:47:53,17,-17.0
2015-04-02 23:52:53,18,-18.0
2015-04-02 23:57:53,16,-16.0
2015-04-03 00:02:53,18,-18.0
2015-04-03 00:07:53,22,-22.0
2015-04-03 00:12:53,13,-13.0
2015-04-03 00:17:53,7,-7.0
2015-04-03 00:22:53,11,-11.0
2015-04-03 00:27:53,16,-16.0
2015-04-03 00:32:53,23,-23.0
2015-04-03 00:37:53,11,-11.0
2015-04-03 00:42:53,13,-13.0
2015-04-03 00:47:53,10,-10.0
2015-04-03 00:52:53,15,-15.0
2015-04-03 00:57:53,19,-19.0
2015-04-03 01:02:53,9,-9.0
2015-04-03 01:07:53,14,-14.0
2015-04-03 01:12:53,15,-15.0
2015-04-03 01:17:53,11,-11.0
2015-04-03 01:22:53,12,-12.0
2015-04-03 01:27:53,7,-7.0
2015-04-03 01:32:53,7,-7.0
2015-04-03 01:37:53,12,-12.0
2015-04-03 01:42:53,13,-13.0
2015-04-03 01:47:53,13,-13.0
2015-04-03 01:52:53,15,-15.0
2015-04-03 01:57:53,14,-14.0
2015-04-03 02:02:53,21,-21.0
2015-04-03 02:07:53,16,-16.0
2015-04-03 02:12:53,36,-36.0
2015-04-03 02:17:53,10,-10.0
2015-04-03 02:22:53,3,-3.0
2015-04-03 02:27:53,10,-10.0
2015-04-03 02:32:53,9,-9.0
2015-04-03 02:37:53,8,-8.0
2015-04-03 02:42:53,9,-9.0
2015-04-03 02:47:53,9,-9.0
2015-04-03 02:52:53,14,-14.0
2015-04-03 02:57:53,5,-5.0
2015-04-03 03:02:53,6,-6.0
2015-04-03 03:07:53,6,-6.0
2015-04-03 03:12:53,14,-14.0
2015-04-03 03:17:53,6,-6.0
2015-04-03 03:22:53,11,-11.0
2015-04-03 03:27:53,15,-15.0
2015-04-03 03:32:53,10,-10.0
2015-04-03 03:37:53,14,-14.0
2015-04-03 03:42:53,13,-13.0
2015-04-03 03:47:53,5,-5.0
2015-04-03 03:52:53,11,-11.0
2015-04-03 03:57:53,28,-28.0
2015-04-03 04:02:53,11,-11.0
2015-04-03 04:07:53,5,-5.0
2015-04-03 04:12:53,14,-14.0
2015-04-03 04:17:53,8,-8.0
2015-04-03 04:22:53,11,-11.0
2015-04-03 04:27:53,14,-14.0
2015-04-03 04:32:53,7,-7.0
2015-04-03 04:37:53,14,-14.0
2015-04-03 04:42:53,5,-5.0
2015-04-03 04:47:53,10,-10.0
2015-04-03 04:52:53,11,-11.0
2015-04-03 04:57:53,10,-10.0
2015-04-03 05:02:53,4,-4.0
2015-04-03 05:07:53,5,-5.0
2015-04-03 05:12:53,4,-4.0
2015-04-03 05:17:53,11,-11.0
2015-04-03 05:22:53,8,-8.0
2015-04-03 05:27:53,10,-10.0
2015-04-03 05:32:53,6,-6.0
2015-04-03 05:37:53,10,-10.0
2015-04-03 05:42:53,18,-18.0
2015-04-03 05:47:53,12,-12.0
2015-04-03 05:52:53,8,-8.0
2015-04-03 05:57:53,13,-13.0
2015-04-03 06:02:53,8,-8.0
2015-04-03 06:07:53,8,-8.0
2015-04-03 06:12:53,7,-7.0
2015-04-03 06:17:53,20,-20.0
2015-04-03 06:22:53,9,-9.0
2015-04-03 06:27:53,9,-9.0
2015-04-03 06:32:53,13,-13.0
2015-04-03 06:37:53,5,-5.0
2015-04-03 06:42:53,12,-12.0
2015-04-03 06:47:53,10,-10.0
2015-04-03 06:52:53,13,-13.0
2015-04-03 06:57:53,19,-19.0
2015-04-03 07:02:53,2,-2.0
2015-04-03 07:07:53,8,-8.0
2015-04-03 07:12:53,4,-4.0
2015-04-03 07:17:53,5,-5.0
2015-04-03 07:22:53,14,-14.0
2015-04-03 07:27:53,10,-10.0
2015-04-03 07:32:53,7,-7.0
2015-04-03 07:37:53,7,-7.0
2015-04-03 07:42:53,7,-7.0
2015-04-03 07:47:53,8,-8.0
2015-04-03 07:52:53,8,-8.0
2015-04-03 07:57:53,13,-13.0
2015-04-03 08:02:53,17,-17.0
2015-04-03 08:07:53,33,-33.0
2015-04-03 08:12:53,8,-8.0
2015-04-03 08:17:53,10,-10.0
2015-04-03 08:22:53,7,-7.0
2015-04-03 08:27:53,9,-9.0
2015-04-03 08:32:53,14,-14.0
2015-04-03 08:37:53,10,-10.0
2015-04-03 08:42:53,4,-4.0
2015-04-03 08:47:53,7,-7.0
2015-04-03 08:52:53,5,-5.0
2015-04-03 08:57:53,16,-16.0
2015-04-03 09:02:53,12,-12.0
2015-04-03 09:07:53,10,-10.0
2015-04-03 09:12:53,8,-8.0
2015-04-03 09:17:53,11,-11.0
2015-04-03 09:22:53,8,-8.0
2015-04-03 09:27:53,11,-11.0
2015-04-03 09:32:53,10,-10.0
2015-04-03 09:37:53,7,-7.0
2015-04-03 09:42:53,5,-5.0
2015-04-03 09:47:53,8,-8.0
2015-04-03 09:52:53,10,-10.0
2015-04-03 09:57:53,10,-10.0
2015-04-03 10:02:53,12,-12.0
2015-04-03 10:07:53,6,-6.0
2015-04-03 10:12:53,6,-6.0
2015-04-03 10:17:53,9,-9.0
2015-04-03 10:22:53,16,-16.0
2015-04-03 10:27:53,12,-12.0
2015-04-03 10:32:53,7,-7.0
2015-04-03 10:37:53,14,-14.0
2015-04-03 10:42:53,8,-8.0
2015-04-03 10:47:53,10,-10.0
2015-04-03 10:52:53,8,-8.0
2015-04-03 10:57:53,19,-19.0
2015-04-03 11:02:53,16,-16.0
2015-04-03 11:07:53,25,-25.0
2015-04-03 11:12:53,14,-14.0
2015-04-03 11:17:53,12,-12.0
2015-04-03 11:22:53,17,-17.0
2015-04-03 11:27:53,14,-14.0
2015-04-03 11:32:53,8,-8.0
2015-04-03 11:37:53,11,-11.0
2015-04-03 11:42:53,15,-15.0
2015-04-03 11:47:53,10,-10.0
2015-04-03 11:52:53,3,-3.0
2015-04-03 11:57:53,17,-17.0
2015-04-03 12:02:53,15,-15.0
2015-04-03 12:07:53,17,-17.0
2015-04-03 12:12:53,11,-11.0
2015-04-03 12:17:53,24,-24.0
2015-04-03 12:22:53,14,-14.0
2015-04-03 12:27:53,17,-17.0
2015-04-03 12:32:53,24,-24.0
2015-04-03 12:37:53,17,-17.0
2015-04-03 12:42:53,9,-9.0
2015-04-03 12:47:53,15,-15.0
2015-04-03 12:52:53,9,-9.0
2015-04-03 12:57:53,13,-13.0
2015-04-03 13:02:53,17,-17.0
2015-04-03 13:07:53,12,-12.0
2015-04-03 13:12:53,13,-13.0
2015-04-03 13:17:53,20,-20.0
2015-04-03 13:22:53,15,-15.0
2015-04-03 13:27:53,21,-21.0
2015-04-03 13:32:53,30,-30.0
2015-04-03 13:37:53,20,-20.0
2015-04-03 13:42:53,20,-20.0
2015-04-03 13:47:53,34,-34.0
2015-04-03 13:52:53,18,-18.0
2015-04-03 13:57:53,32,-32.0
2015-04-03 14:02:53,13,-13.0
2015-04-03 14:07:53,21,-21.0
2015-04-03 14:12:53,19,-19.0
2015-04-03 14:17:53,26,-26.0
2015-04-03 14:22:53,19,-19.0
2015-04-03 14:27:53,19,-19.0
2015-04-03 14:32:53,9,-9.0
2015-04-03 14:37:53,22,-22.0
2015-04-03 14:42:53,24,-24.0
2015-04-03 14:47:53,18,-18.0
2015-04-03 14:52:53,24,-24.0
2015-04-03 14:57:53,26,-26.0
2015-04-03 15:02:53,27,-27.0
2015-04-03 15:07:53,22,-22.0
2015-04-03 15:12:53,21,-21.0
2015-04-03 15:17:53,8,-8.0
2015-04-03 15:22:53,11,-11.0
2015-04-03 15:27:53,26,-26.0
2015-04-03 15:32:53,11,-11.0
2015-04-03 15:37:53,14,-14.0
2015-04-03 15:42:53,23,-23.0
2015-04-03 15:47:53,13,-13.0
2015-04-03 15:52:53,22,-22.0
2015-04-03 15:57:53,18,-18.0
2015-04-03 16:02:53,18,-18.0
2015-04-03 16:07:53,18,-18.0
2015-04-03 16:12:53,15,-15.0
2015-04-03 16:17:53,16,-16.0
2015-04-03 16:22:53,10,-10.0
2015-04-03 16:27:53,16,-16.0
2015-04-03 16:32:53,12,-12.0
2015-04-03 16:37:53,15,-15.0
2015-04-03 16:42:53,17,-17.0
2015-04-03 16:47:53,13,-13.0
2015-04-03 16:52:53,14,-14.0
2015-04-03 16:57:53,13,-13.0
2015-04-03 17:02:53,21,-21.0
2015-04-03 17:07:53,8,-8.0
2015-04-03 17:12:53,10,-10.0
2015-04-03 17:17:53,14,-14.0
2015-04-03 17:22:53,21,-21.0
2015-04-03 17:27:53,14,-14.0
2015-04-03 17:32:53,16,-16.0
2015-04-03 17:37:53,12,-12.0
2015-04-03 17:42:53,13,-13.0
2015-04-03 17:47:53,9,-9.0
2015-04-03 17:52:53,33,-33.0
2015-04-03 17:57:53,25,-25.0
2015-04-03 18:02:53,15,-15.0
2015-04-03 18:07:53,8,-8.0
2015-04-03 18:12:53,39,-39.0
2015-04-03 18:17:53,11,-11.0
2015-04-03 18:22:53,23,-23.0
2015-04-03 18:27:53,10,-10.0
2015-04-03 18:32:53,13,-13.0
2015-04-03 18:37:53,11,-11.0
2015-04-03 18:42:53,16,-16.0
2015-04-03 18:47:53,10,-10.0
2015-04-03 18:52:53,15,-15.0
2015-04-03 18:57:53,26,-26.0
2015-04-03 19:02:53,12,-12.0
2015-04-03 19:07:53,9,-9.0
2015-04-03 19:12:53,18,-18.0
2015-04-03 19:17:53,22,-22.0
2015-04-03 19:22:53,23,-23.0
2015-04-03 19:27:53,14,-14.0
2015-04-03 19:32:53,14,-14.0
2015-04-03 19:37:53,10,-10.0
2015-04-03 19:42:53,15,-15.0
2015-04-03 19:47:53,19,-19.0
2015-04-03 19:52:53,17,-17.0
2015-04-03 19:57:53,16,-16.0
2015-04-03 20:02:53,19,-19.0
2015-04-03 20:07:53,10,-10.0
2015-04-03 20:12:53,23,-23.0
2015-04-03 20:17:53,24,-24.0
2015-04-03 20:22:53,21,-21.0
2015-04-03 20:27:53,13,-13.0
2015-04-03 20:32:53,20,-20.0
2015-04-03 20:37:53,18,-18.0
2015-04-03 20:42:53,23,-23.0
2015-04-03 20:47:53,17,-17.0
2015-04-03 20:52:53,15,-15.0
2015-04-03 20:57:53,20,-20.0
2015-04-03 21:02:53,14,-14.0
2015-04-03 21:07:53,14,-14.0
2015-04-03 21:12:53,17,-17.0
2015-04-03 21:17:53,19,-19.0
2015-04-03 21:22:53,20,-20.0
2015-04-03 21:27:53,20,-20.0
2015-04-03 21:32:53,10,-10.0
2015-04-03 21:37:53,5,-5.0
2015-04-03 21:42:53,13,-13.0
2015-04-03 21:47:53,16,-16.0
2015-04-03 21:52:53,13,-13.0
2015-04-03 21:57:53,26,-26.0
2015-04-03 22:02:53,9,-9.0
2015-04-03 22:07:53,11,-11.0
2015-04-03 22:12:53,12,-12.0
2015-04-03 22:17:53,17,-17.0
2015-04-03 22:22:53,5,-5.0
2015-04-03 22:27:53,8,-8.0
2015-04-03 22:32:53,20,-20.0
2015-04-03 22:37:53,18,-18.0
2015-04-03 22:42:53,25,-25.0
2015-04-03 22:47:53,12,-12.0
2015-04-03 22:52:53,8,-8.0
2015-04-03 22:57:53,16,-16.0
2015-04-03 23:02:53,12,-12.0
2015-04-03 23:07:53,9,-9.0
2015-04-03 23:12:53,3,-3.0
2015-04-03 23:17:53,9,-9.0
2015-04-03 23:22:53,13,-13.0
2015-04-03 23:27:53,14,-14.0
2015-04-03 23:32:53,9,-9.0
2015-04-03 23:37:53,14,-14.0
2015-04-03 23:42:53,14,-14.0
2015-04-03 23:47:53,9,-9.0
2015-04-03 23:52:53,12,-12.0
2015-04-03 23:57:53,22,-22.0
2015-04-04 00:02:53,7,-7.0
2015-04-04 00:07:53,16,-16.0
2015-04-04 00:12:53,16,-16.0
2015-04-04 00:17:53,4,-4.0
2015-04-04 00:22:53,9,-9.0
2015-04-04 00:27:53,6,-6.0
2015-04-04 00:32:53,10,-10.0
2015-04-04 00:37:53,4,-4.0
2015-04-04 00:42:53,5,-5.0
2015-04-04 00:47:53,13,-13.0
2015-04-04 00:52:53,4,-4.0
2015-04-04 00:57:53,7,-7.0
2015-04-04 01:02:53,3,-3.0
2015-04-04 01:07:53,10,-10.0
2015-04-04 01:12:53,8,-8.0
2015-04-04 01:17:53,11,-11.0
2015-04-04 01:22:53,9,-9.0
2015-04-04 01:27:53,17,-17.0
2015-04-04 01:32:53,15,-15.0
2015-04-04 01:37:53,14,-14.0
2015-04-04 01:42:53,16,-16.0
2015-04-04 01:47:53,13,-13.0
2015-04-04 01:52:53,5,-5.0
2015-04-04 01:57:53,13,-13.0
2015-04-04 02:02:53,7,-7.0
2015-04-04 02:07:53,13,-13.0
2015-04-04 02:12:53,5,-5.0
2015-04-04 02:17:53,12,-12.0
2015-04-04 02:22:53,2,-2.0
2015-04-04 02:27:53,6,-6.0
2015-04-04 02:32:53,2,-2.0
2015-04-04 02:37:53,4,-4.0
2015-04-04 02:42:53,8,-8.0
2015-04-04 02:47:53,17,-17.0
2015-04-04 02:52:53,12,-12.0
2015-04-04 02:57:53,23,-23.0
2015-04-04 03:02:53,8,-8.0
2015-04-04 03:07:53,2,-2.0
2015-04-04 03:12:53,9,-9.0
2015-04-04 03:17:53,12,-12.0
2015-04-04 03:22:53,16,-16.0
2015-04-04 03:27:53,23,-23.0
2015-04-04 03:32:53,12,-12.0
2015-04-04 03:37:53,8,-8.0
2015-04-04 03:42:53,11,-11.0
2015-04-04 03:47:53,6,-6.0
2015-04-04 03:52:53,10,-10.0
2015-04-04 03:57:53,10,-10.0
2015-04-04 04:02:53,12,-12.0
2015-04-04 04:07:53,10,-10.0
2015-04-04 04:12:53,5,-5.0
2015-04-04 04:17:53,8,-8.0
2015-04-04 04:22:53,8,-8.0
2015-04-04 04:27:53,10,-10.0
2015-04-04 04:32:53,6,-6.0
2015-04-04 04:37:53,4,-4.0
2015-04-04 04:42:53,2,-2.0
2015-04-04 04:47:53,6,-6.0
2015-04-04 04:52:53,4,-4.0
2015-04-04 04:57:53,6,-6.0
2015-04-04 05:02:53,9,-9.0
2015-04-04 05:07:53,5,-5.0
2015-04-04 05:12:53,12,-12.0
2015-04-04 05:17:53,13,-13.0
2015-04-04 05:22:53,5,-5.0
2015-04-04 05:27:53,3,-3.0
2015-04-04 05:32:53,12,-12.0
2015-04-04 05:37:53,4,-4.0
2015-04-04 05:42:53,3,-3.0
2015-04-04 05:47:53,10,-10.0
2015-04-04 05:52:53,5,-5.0
2015-04-04 05:57:53,10,-10.0
2015-04-04 06:02:53,6,-6.0
2015-04-04 06:07:53,6,-6.0
2015-04-04 06:12:53,2,-2.0
2015-04-04 06:17:53,10,-10.0
2015-04-04 06:22:53,7,-7.0
2015-04-04 06:27:53,1,-1.0
2015-04-04 06:32:53,4,-4.0
2015-04-04 06:37:53,17,-17.0
2015-04-04 06:42:53,7,-7.0
2015-04-04 06:47:53,5,-5.0
2015-04-04 06:52:53,10,-10.0
2015-04-04 06:57:53,10,-10.0
2015-04-04 07:02:53,26,-26.0
2015-04-04 07:07:53,16,-16.0
2015-04-04 07:12:53,7,-7.0
2015-04-04 07:17:53,13,-13.0
2015-04-04 07:22:53,12,-12.0
2015-04-04 07:27:53,16,-16.0
2015-04-04 07:32:53,9,-9.0
2015-04-04 07:37:53,8,-8.0
2015-04-04 07:42:53,8,-8.0
2015-04-04 07:47:53,17,-17.0
2015-04-04 07:52:53,15,-15.0
2015-04-04 07:57:53,11,-11.0
2015-04-04 08:02:53,12,-12.0
2015-04-04 08:07:53,9,-9.0
2015-04-04 08:12:53,10,-10.0
2015-04-04 08:17:53,9,-9.0
2015-04-04 08:22:53,8,-8.0
2015-04-04 08:27:53,18,-18.0
2015-04-04 08:32:53,12,-12.0
2015-04-04 08:37:53,12,-12.0
2015-04-04 08:42:53,8,-8.0
2015-04-04 08:47:53,15,-15.0
2015-04-04 08:52:53,6,-6.0
2015-04-04 08:57:53,17,-17.0
2015-04-04 09:02:53,12,-12.0
2015-04-04 09:07:53,8,-8.0
2015-04-04 09:12:53,11,-11.0
2015-04-04 09:17:53,12,-12.0
2015-04-04 09:22:53,13,-13.0
2015-04-04 09:27:53,14,-14.0
2015-04-04 09:32:53,12,-12.0
2015-04-04 09:37:53,9,-9.0
2015-04-04 09:42:53,11,-11.0
2015-04-04 09:47:53,6,-6.0
2015-04-04 09:52:53,8,-8.0
2015-04-04 09:57:53,7,-7.0
2015-04-04 10:02:53,7,-7.0
2015-04-04 10:07:53,1,-1.0
2015-04-04 10:12:53,4,-4.0
2015-04-04 10:17:53,12,-12.0
2015-04-04 10:22:53,15,-15.0
2015-04-04 10:27:53,8,-8.0
2015-04-04 10:32:53,17,-17.0
2015-04-04 10:37:53,5,-5.0
2015-04-04 10:42:53,8,-8.0
2015-04-04 10:47:53,12,-12.0
2015-04-04 10:52:53,11,-11.0
2015-04-04 10:57:53,7,-7.0
2015-04-04 11:02:53,7,-7.0
2015-04-04 11:07:53,6,-6.0
2015-04-04 11:12:53,7,-7.0
2015-04-04 11:17:53,9,-9.0
2015-04-04 11:22:53,6,-6.0
2015-04-04 11:27:53,9,-9.0
2015-04-04 11:32:53,8,-8.0
2015-04-04 11:37:53,9,-9.0
2015-04-04 11:42:53,7,-7.0
2015-04-04 11:47:53,1,-1.0
2015-04-04 11:52:53,16,-16.0
2015-04-04 11:57:53,9,-9.0
2015-04-04 12:02:53,11,-11.0
2015-04-04 12:07:53,14,-14.0
2015-04-04 12:12:53,3,-3.0
2015-04-04 12:17:53,6,-6.0
2015-04-04 12:22:53,6,-6.0
2015-04-04 12:27:53,4,-4.0
2015-04-04 12:32:53,6,-6.0
2015-04-04 12:37:53,9,-9.0
2015-04-04 12:42:53,8,-8.0
2015-04-04 12:47:53,17,-17.0
2015-04-04 12:52:53,12,-12.0
2015-04-04 12:57:53,12,-12.0
2015-04-04 13:02:53,10,-10.0
2015-04-04 13:07:53,8,-8.0
2015-04-04 13:12:53,4,-4.0
2015-04-04 13:17:53,11,-11.0
2015-04-04 13:22:53,14,-14.0
2015-04-04 13:27:53,5,-5.0
2015-04-04 13:32:53,5,-5.0
2015-04-04 13:37:53,8,-8.0
2015-04-04 13:42:53,9,-9.0
2015-04-04 13:47:53,11,-11.0
2015-04-04 13:52:53,17,-17.0
2015-04-04 13:57:53,14,-14.0
2015-04-04 14:02:53,25,-25.0
2015-04-04 14:07:53,13,-13.0
2015-04-04 14:12:53,7,-7.0
2015-04-04 14:17:53,11,-11.0
2015-04-04 14:22:53,17,-17.0
2015-04-04 14:27:53,14,-14.0
2015-04-04 14:32:53,5,-5.0
2015-04-04 14:37:53,16,-16.0
2015-04-04 14:42:53,11,-11.0
2015-04-04 14:47:53,8,-8.0
2015-04-04 14:52:53,17,-17.0
2015-04-04 14:57:53,11,-11.0
2015-04-04 15:02:53,22,-22.0
2015-04-04 15:07:53,26,-26.0
2015-04-04 15:12:53,8,-8.0
2015-04-04 15:17:53,18,-18.0
2015-04-04 15:22:53,14,-14.0
2015-04-04 15:27:53,5,-5.0
2015-04-04 15:32:53,15,-15.0
2015-04-04 15:37:53,8,-8.0
2015-04-04 15:42:53,10,-10.0
2015-04-04 15:47:53,25,-25.0
2015-04-04 15:52:53,28,-28.0
2015-04-04 15:57:53,12,-12.0
2015-04-04 16:02:53,9,-9.0
2015-04-04 16:07:53,15,-15.0
2015-04-04 16:12:53,19,-19.0
2015-04-04 16:17:53,12,-12.0
2015-04-04 16:22:53,14,-14.0
2015-04-04 16:27:53,12,-12.0
2015-04-04 16:32:53,12,-12.0
2015-04-04 16:37:53,11,-11.0
2015-04-04 16:42:53,17,-17.0
2015-04-04 16:47:53,18,-18.0
2015-04-04 16:52:53,17,-17.0
2015-04-04 16:57:53,27,-27.0
2015-04-04 17:02:53,20,-20.0
2015-04-04 17:07:53,18,-18.0
2015-04-04 17:12:53,10,-10.0
2015-04-04 17:17:53,14,-14.0
2015-04-04 17:22:53,18,-18.0
2015-04-04 17:27:53,10,-10.0
2015-04-04 17:32:53,6,-6.0
2015-04-04 17:37:53,11,-11.0
2015-04-04 17:42:53,8,-8.0
2015-04-04 17:47:53,8,-8.0
2015-04-04 17:52:53,17,-17.0
2015-04-04 17:57:53,23,-23.0
2015-04-04 18:02:53,41,-41.0
2015-04-04 18:07:53,25,-25.0
2015-04-04 18:12:53,19,-19.0
2015-04-04 18:17:53,23,-23.0
2015-04-04 18:22:53,18,-18.0
2015-04-04 18:27:53,27,-27.0
2015-04-04 18:32:53,13,-13.0
2015-04-04 18:37:53,17,-17.0
2015-04-04 18:42:53,8,-8.0
2015-04-04 18:47:53,13,-13.0
2015-04-04 18:52:53,26,-26.0
2015-04-04 18:57:53,18,-18.0
2015-04-04 19:02:53,13,-13.0
2015-04-04 19:07:53,11,-11.0
2015-04-04 19:12:53,15,-15.0
2015-04-04 19:17:53,14,-14.0
2015-04-04 19:22:53,8,-8.0
2015-04-04 19:27:53,13,-13.0
2015-04-04 19:32:53,4,-4.0
2015-04-04 19:37:53,6,-6.0
2015-04-04 19:42:53,20,-20.0
2015-04-04 19:47:53,8,-8.0
2015-04-04 19:52:53,5,-5.0
2015-04-04 19:57:53,6,-6.0
2015-04-04 20:02:53,6,-6.0
2015-04-04 20:07:53,8,-8.0
2015-04-04 20:12:53,11,-11.0
2015-04-04 20:17:53,28,-28.0
2015-04-04 20:22:53,11,-11.0
2015-04-04 20:27:53,16,-16.0
2015-04-04 20:32:53,23,-23.0
2015-04-04 20:37:53,14,-14.0
2015-04-04 20:42:53,6,-6.0
2015-04-04 20:47:53,6,-6.0
2015-04-04 20:52:53,6,-6.0
2015-04-04 20:57:53,9,-9.0
2015-04-04 21:02:53,7,-7.0
2015-04-04 21:07:53,7,-7.0
2015-04-04 21:12:53,7,-7.0
2015-04-04 21:17:53,9,-9.0
2015-04-04 21:22:53,6,-6.0
2015-04-04 21:27:53,8,-8.0
2015-04-04 21:32:53,4,-4.0
2015-04-04 21:37:53,6,-6.0
2015-04-04 21:42:53,7,-7.0
2015-04-04 21:47:53,16,-16.0
2015-04-04 21:52:53,8,-8.0
2015-04-04 21:57:53,7,-7.0
2015-04-04 22:02:53,6,-6.0
2015-04-04 22:07:53,9,-9.0
2015-04-04 22:12:53,4,-4.0
2015-04-04 22:17:53,5,-5.0
2015-04-04 22:22:53,12,-12.0
2015-04-04 22:27:53,6,-6.0
2015-04-04 22:32:53,12,-12.0
2015-04-04 22:37:53,16,-16.0
2015-04-04 22:42:53,18,-18.0
2015-04-04 22:47:53,12,-12.0
2015-04-04 22:52:53,15,-15.0
2015-04-04 22:57:53,15,-15.0
2015-04-04 23:02:53,12,-12.0
2015-04-04 23:07:53,14,-14.0
2015-04-04 23:12:53,13,-13.0
2015-04-04 23:17:53,6,-6.0
2015-04-04 23:22:53,6,-6.0
2015-04-04 23:27:53,10,-10.0
2015-04-04 23:32:53,8,-8.0
2015-04-04 23:37:53,8,-8.0
2015-04-04 23:42:53,6,-6.0
2015-04-04 23:47:53,8,-8.0
2015-04-04 23:52:53,5,-5.0
2015-04-04 23:57:53,10,-10.0
2015-04-05 00:02:53,10,-10.0
2015-04-05 00:07:53,2,-2.0
2015-04-05 00:12:53,10,-10.0
2015-04-05 00:17:53,9,-9.0
2015-04-05 00:22:53,11,-11.0
2015-04-05 00:27:53,5,-5.0
2015-04-05 00:32:53,23,-23.0
2015-04-05 00:37:53,20,-20.0
2015-04-05 00:42:53,9,-9.0
2015-04-05 00:47:53,15,-15.0
2015-04-05 00:52:53,14,-14.0
2015-04-05 00:57:53,23,-23.0
2015-04-05 01:02:53,16,-16.0
2015-04-05 01:07:53,6,-6.0
2015-04-05 01:12:53,13,-13.0
2015-04-05 01:17:53,10,-10.0
2015-04-05 01:22:53,11,-11.0
2015-04-05 01:27:53,15,-15.0
2015-04-05 01:32:53,13,-13.0
2015-04-05 01:37:53,18,-18.0
2015-04-05 01:42:53,6,-6.0
2015-04-05 01:47:53,9,-9.0
2015-04-05 01:52:53,10,-10.0
2015-04-05 01:57:53,8,-8.0
2015-04-05 02:02:53,3,-3.0
2015-04-05 02:07:53,5,-5.0
2015-04-05 02:12:53,6,-6.0
2015-04-05 02:17:53,6,-6.0
2015-04-05 02:22:53,5,-5.0
2015-04-05 02:27:53,6,-6.0
2015-04-05 02:32:53,4,-4.0
2015-04-05 02:37:53,8,-8.0
2015-04-05 02:42:53,63,-63.0
2015-04-05 02:47:53,96,-96.0
2015-04-05 02:52:53,64,-64.0
2015-04-05 02:57:53,34,-34.0
2015-04-05 03:02:53,39,-39.0
2015-04-05 03:07:53,39,-39.0
2015-04-05 03:12:53,40,-40.0
2015-04-05 03:17:53,16,-16.0
2015-04-05 03:22:53,18,-18.0
2015-04-05 03:27:53,23,-23.0
2015-04-05 03:32:53,24,-24.0
2015-04-05 03:37:53,21,-21.0
2015-04-05 03:42:53,17,-17.0
2015-04-05 03:47:53,26,-26.0
2015-04-05 03:52:53,7,-7.0
2015-04-05 03:57:53,16,-16.0
2015-04-05 04:02:53,7,-7.0
2015-04-05 04:07:53,9,-9.0
2015-04-05 04:12:53,12,-12.0
2015-04-05 04:17:53,7,-7.0
2015-04-05 04:22:53,14,-14.0
2015-04-05 04:27:53,18,-18.0
2015-04-05 04:32:53,14,-14.0
2015-04-05 04:37:53,35,-35.0
2015-04-05 04:42:53,37,-37.0
2015-04-05 04:47:53,19,-19.0
2015-04-05 04:52:53,21,-21.0
2015-04-05 04:57:53,27,-27.0
2015-04-05 05:02:53,10,-10.0
2015-04-05 05:07:53,10,-10.0
2015-04-05 05:12:53,20,-20.0
2015-04-05 05:17:53,11,-11.0
2015-04-05 05:22:53,9,-9.0
2015-04-05 05:27:53,11,-11.0
2015-04-05 05:32:53,17,-17.0
2015-04-05 05:37:53,13,-13.0
2015-04-05 05:42:53,13,-13.0
2015-04-05 05:47:53,11,-11.0
2015-04-05 05:52:53,7,-7.0
2015-04-05 05:57:53,22,-22.0
2015-04-05 06:02:53,13,-13.0
2015-04-05 06:07:53,11,-11.0
2015-04-05 06:12:53,12,-12.0
2015-04-05 06:17:53,9,-9.0
2015-04-05 06:22:53,5,-5.0
2015-04-05 06:27:53,14,-14.0
2015-04-05 06:32:53,9,-9.0
2015-04-05 06:37:53,12,-12.0
2015-04-05 06:42:53,8,-8.0
2015-04-05 06:47:53,12,-12.0
2015-04-05 06:52:53,5,-5.0
2015-04-05 06:57:53,15,-15.0
2015-04-05 07:02:53,15,-15.0
2015-04-05 07:07:53,15,-15.0
2015-04-05 07:12:53,22,-22.0
2015-04-05 07:17:53,13,-13.0
2015-04-05 07:22:53,10,-10.0
2015-04-05 07:27:53,23,-23.0
2015-04-05 07:32:53,11,-11.0
2015-04-05 07:37:53,31,-31.0
2015-04-05 07:42:53,18,-18.0
2015-04-05 07:47:53,12,-12.0
2015-04-05 07:52:53,10,-10.0
2015-04-05 07:57:53,4,-4.0
2015-04-05 08:02:53,12,-12.0
2015-04-05 08:07:53,7,-7.0
2015-04-05 08:12:53,11,-11.0
2015-04-05 08:17:53,11,-11.0
2015-04-05 08:22:53,15,-15.0
2015-04-05 08:27:53,5,-5.0
2015-04-05 08:32:53,8,-8.0
2015-04-05 08:37:53,2,-2.0
2015-04-05 08:42:53,4,-4.0
2015-04-05 08:47:53,14,-14.0
2015-04-05 08:52:53,14,-14.0
2015-04-05 08:57:53,7,-7.0
2015-04-05 09:02:53,14,-14.0
2015-04-05 09:07:53,15,-15.0
2015-04-05 09:12:53,12,-12.0
2015-04-05 09:17:53,10,-10.0
2015-04-05 09:22:53,8,-8.0
2015-04-05 09:27:53,13,-13.0
2015-04-05 09:32:53,16,-16.0
2015-04-05 09:37:53,12,-12.0
2015-04-05 09:42:53,11,-11.0
2015-04-05 09:47:53,12,-12.0
2015-04-05 09:52:53,8,-8.0
2015-04-05 09:57:53,7,-7.0
2015-04-05 10:02:53,49,-49.0
2015-04-05 10:07:53,12,-12.0
2015-04-05 10:12:53,6,-6.0
2015-04-05 10:17:53,18,-18.0
2015-04-05 10:22:53,9,-9.0
2015-04-05 10:27:53,8,-8.0
2015-04-05 10:32:53,13,-13.0
2015-04-05 10:37:53,3,-3.0
2015-04-05 10:42:53,10,-10.0
2015-04-05 10:47:53,6,-6.0
2015-04-05 10:52:53,17,-17.0
2015-04-05 10:57:53,21,-21.0
2015-04-05 11:02:53,6,-6.0
2015-04-05 11:07:53,12,-12.0
2015-04-05 11:12:53,13,-13.0
2015-04-05 11:17:53,7,-7.0
2015-04-05 11:22:53,7,-7.0
2015-04-05 11:27:53,10,-10.0
2015-04-05 11:32:53,10,-10.0
2015-04-05 11:37:53,7,-7.0
2015-04-05 11:42:53,13,-13.0
2015-04-05 11:47:53,8,-8.0
2015-04-05 11:52:53,13,-13.0
2015-04-05 11:57:53,12,-12.0
2015-04-05 12:02:53,10,-10.0
2015-04-05 12:07:53,16,-16.0
2015-04-05 12:12:53,30,-30.0
2015-04-05 12:17:53,14,-14.0
2015-04-05 12:22:53,14,-14.0
2015-04-05 12:27:53,15,-15.0
2015-04-05 12:32:53,21,-21.0
2015-04-05 12:37:53,36,-36.0
2015-04-05 12:42:53,36,-36.0
2015-04-05 12:47:53,36,-36.0
2015-04-05 12:52:53,14,-14.0
2015-04-05 12:57:53,38,-38.0
2015-04-05 13:02:53,38,-38.0
2015-04-05 13:07:53,17,-17.0
2015-04-05 13:12:53,18,-18.0
2015-04-05 13:17:53,22,-22.0
2015-04-05 13:22:53,16,-16.0
2015-04-05 13:27:53,30,-30.0
2015-04-05 13:32:53,25,-25.0
2015-04-05 13:37:53,29,-29.0
2015-04-05 13:42:53,17,-17.0
2015-04-05 13:47:53,11,-11.0
2015-04-05 13:52:53,10,-10.0
2015-04-05 13:57:53,16,-16.0
2015-04-05 14:02:53,28,-28.0
2015-04-05 14:07:53,26,-26.0
2015-04-05 14:12:53,48,-48.0
2015-04-05 14:17:53,18,-18.0
2015-04-05 14:22:53,19,-19.0
2015-04-05 14:27:53,18,-18.0
2015-04-05 14:32:53,18,-18.0
2015-04-05 14:37:53,16,-16.0
2015-04-05 14:42:53,22,-22.0
2015-04-05 14:47:53,18,-18.0
2015-04-05 14:52:53,23,-23.0
2015-04-05 14:57:53,19,-19.0
2015-04-05 15:02:53,27,-27.0
2015-04-05 15:07:53,33,-33.0
2015-04-05 15:12:53,19,-19.0
2015-04-05 15:17:53,15,-15.0
2015-04-05 15:22:53,13,-13.0
2015-04-05 15:27:53,21,-21.0
2015-04-05 15:32:53,10,-10.0
2015-04-05 15:37:53,20,-20.0
2015-04-05 15:42:53,15,-15.0
2015-04-05 15:47:53,113,-113.0
2015-04-05 15:52:53,201,-201.0
2015-04-05 15:57:53,161,-161.0
2015-04-05 16:02:53,15,-15.0
2015-04-05 16:07:53,16,-16.0
2015-04-05 16:12:53,22,-22.0
2015-04-05 16:17:53,19,-19.0
2015-04-05 16:22:53,22,-22.0
2015-04-05 16:27:53,83,-83.0
2015-04-05 16:32:53,89,-89.0
2015-04-05 16:37:53,12,-12.0
2015-04-05 16:42:53,13,-13.0
2015-04-05 16:47:53,10,-10.0
2015-04-05 16:52:53,12,-12.0
2015-04-05 16:57:53,13,-13.0
2015-04-05 17:02:53,18,-18.0
2015-04-05 17:07:53,14,-14.0
2015-04-05 17:12:53,9,-9.0
2015-04-05 17:17:53,16,-16.0
2015-04-05 17:22:53,11,-11.0
2015-04-05 17:27:53,3,-3.0
2015-04-05 17:32:53,23,-23.0
2015-04-05 17:37:53,54,-54.0
2015-04-05 17:42:53,28,-28.0
2015-04-05 17:47:53,6,-6.0
2015-04-05 17:52:53,7,-7.0
2015-04-05 17:57:53,18,-18.0
2015-04-05 18:02:53,13,-13.0
2015-04-05 18:07:53,6,-6.0
2015-04-05 18:12:53,12,-12.0
2015-04-05 18:17:53,10,-10.0
2015-04-05 18:22:53,10,-10.0
2015-04-05 18:27:53,13,-13.0
2015-04-05 18:32:53,24,-24.0
2015-04-05 18:37:53,11,-11.0
2015-04-05 18:42:53,10,-10.0
2015-04-05 18:47:53,13,-13.0
2015-04-05 18:52:53,12,-12.0
2015-04-05 18:57:53,22,-22.0
2015-04-05 19:02:53,21,-21.0
2015-04-05 19:07:53,12,-12.0
2015-04-05 19:12:53,14,-14.0
2015-04-05 19:17:53,10,-10.0
2015-04-05 19:22:53,12,-12.0
2015-04-05 19:27:53,8,-8.0
2015-04-05 19:32:53,17,-17.0
2015-04-05 19:37:53,14,-14.0
2015-04-05 19:42:53,17,-17.0
2015-04-05 19:47:53,13,-13.0
2015-04-05 19:52:53,11,-11.0
2015-04-05 19:57:53,23,-23.0
2015-04-05 20:02:53,14,-14.0
2015-04-05 20:07:53,13,-13.0
2015-04-05 20:12:53,15,-15.0
2015-04-05 20:17:53,9,-9.0
2015-04-05 20:22:53,12,-12.0
2015-04-05 20:27:53,11,-11.0
2015-04-05 20:32:53,6,-6.0
2015-04-05 20:37:53,14,-14.0
2015-04-05 20:42:53,19,-19.0
2015-04-05 20:47:53,7,-7.0
2015-04-05 20:52:53,19,-19.0
2015-04-05 20:57:53,19,-19.0
2015-04-05 21:02:53,31,-31.0
2015-04-05 21:07:53,15,-15.0
2015-04-05 21:12:53,12,-12.0
2015-04-05 21:17:53,15,-15.0
2015-04-05 21:22:53,9,-9.0
2015-04-05 21:27:53,8,-8.0
2015-04-05 21:32:53,12,-12.0
2015-04-05 21:37:53,7,-7.0
2015-04-05 21:42:53,6,-6.0
2015-04-05 21:47:53,14,-14.0
2015-04-05 21:52:53,10,-10.0
2015-04-05 21:57:53,9,-9.0
2015-04-05 22:02:53,15,-15.0
2015-04-05 22:07:53,6,-6.0
2015-04-05 22:12:53,13,-13.0
2015-04-05 22:17:53,4,-4.0
2015-04-05 22:22:53,10,-10.0
2015-04-05 22:27:53,12,-12.0
2015-04-05 22:32:53,22,-22.0
2015-04-05 22:37:53,13,-13.0
2015-04-05 22:42:53,11,-11.0
2015-04-05 22:47:53,14,-14.0
2015-04-05 22:52:53,12,-12.0
2015-04-05 22:57:53,23,-23.0
2015-04-05 23:02:53,19,-19.0
2015-04-05 23:07:53,12,-12.0
2015-04-05 23:12:53,16,-16.0
2015-04-05 23:17:53,16,-16.0
2015-04-05 23:22:53,9,-9.0
2015-04-05 23:27:53,14,-14.0
2015-04-05 23:32:53,9,-9.0
2015-04-05 23:37:53,10,-10.0
2015-04-05 23:42:53,9,-9.0
2015-04-05 23:47:53,16,-16.0
2015-04-05 23:52:53,18,-18.0
2015-04-05 23:57:53,18,-18.0
2015-04-06 00:02:53,9,-9.0
2015-04-06 00:07:53,7,-7.0
2015-04-06 00:12:53,9,-9.0
2015-04-06 00:17:53,12,-12.0
2015-04-06 00:22:53,13,-13.0
2015-04-06 00:27:53,14,-14.0
2015-04-06 00:32:53,12,-12.0
2015-04-06 00:37:53,8,-8.0
2015-04-06 00:42:53,44,-44.0
2015-04-06 00:47:53,24,-24.0
2015-04-06 00:52:53,28,-28.0
2015-04-06 00:57:53,19,-19.0
2015-04-06 01:02:53,17,-17.0
2015-04-06 01:07:53,16,-16.0
2015-04-06 01:12:53,13,-13.0
2015-04-06 01:17:53,9,-9.0
2015-04-06 01:22:53,12,-12.0
2015-04-06 01:27:53,14,-14.0
2015-04-06 01:32:53,9,-9.0
2015-04-06 01:37:53,8,-8.0
2015-04-06 01:42:53,9,-9.0
2015-04-06 01:47:53,12,-12.0
2015-04-06 01:52:53,23,-23.0
2015-04-06 01:57:53,16,-16.0
2015-04-06 02:02:53,6,-6.0
2015-04-06 02:07:53,20,-20.0
2015-04-06 02:12:53,12,-12.0
2015-04-06 02:17:53,6,-6.0
2015-04-06 02:22:53,7,-7.0
2015-04-06 02:27:53,13,-13.0
2015-04-06 02:32:53,6,-6.0
2015-04-06 02:37:53,12,-12.0
2015-04-06 02:42:53,9,-9.0
2015-04-06 02:47:53,5,-5.0
2015-04-06 02:52:53,10,-10.0
2015-04-06 02:57:53,11,-11.0
2015-04-06 03:02:53,10,-10.0
2015-04-06 03:07:53,9,-9.0
2015-04-06 03:12:53,12,-12.0
2015-04-06 03:17:53,11,-11.0
2015-04-06 03:22:53,12,-12.0
2015-04-06 03:27:53,14,-14.0
2015-04-06 03:32:53,9,-9.0
2015-04-06 03:37:53,9,-9.0
2015-04-06 03:42:53,10,-10.0
2015-04-06 03:47:53,11,-11.0
2015-04-06 03:52:53,5,-5.0
2015-04-06 03:57:53,7,-7.0
2015-04-06 04:02:53,11,-11.0
2015-04-06 04:07:53,14,-14.0
2015-04-06 04:12:53,13,-13.0
2015-04-06 04:17:53,7,-7.0
2015-04-06 04:22:53,9,-9.0
2015-04-06 04:27:53,4,-4.0
2015-04-06 04:32:53,5,-5.0
2015-04-06 04:37:53,5,-5.0
2015-04-06 04:42:53,8,-8.0
2015-04-06 04:47:53,6,-6.0
2015-04-06 04:52:53,6,-6.0
2015-04-06 04:57:53,9,-9.0
2015-04-06 05:02:53,4,-4.0
2015-04-06 05:07:53,5,-5.0
2015-04-06 05:12:53,5,-5.0
2015-04-06 05:17:53,7,-7.0
2015-04-06 05:22:53,4,-4.0
2015-04-06 05:27:53,12,-12.0
2015-04-06 05:32:53,4,-4.0
2015-04-06 05:37:53,7,-7.0
2015-04-06 05:42:53,7,-7.0
2015-04-06 05:47:53,4,-4.0
2015-04-06 05:52:53,14,-14.0
2015-04-06 05:57:53,5,-5.0
2015-04-06 06:02:53,9,-9.0
2015-04-06 06:07:53,7,-7.0
2015-04-06 06:12:53,9,-9.0
2015-04-06 06:17:53,7,-7.0
2015-04-06 06:22:53,6,-6.0
2015-04-06 06:27:53,11,-11.0
2015-04-06 06:32:53,13,-13.0
2015-04-06 06:37:53,2,-2.0
2015-04-06 06:42:53,3,-3.0
2015-04-06 06:47:53,9,-9.0
2015-04-06 06:52:53,9,-9.0
2015-04-06 06:57:53,6,-6.0
2015-04-06 07:02:53,14,-14.0
2015-04-06 07:07:53,14,-14.0
2015-04-06 07:12:53,10,-10.0
2015-04-06 07:17:53,9,-9.0
2015-04-06 07:22:53,7,-7.0
2015-04-06 07:27:53,12,-12.0
2015-04-06 07:32:53,12,-12.0
2015-04-06 07:37:53,9,-9.0
2015-04-06 07:42:53,11,-11.0
2015-04-06 07:47:53,11,-11.0
2015-04-06 07:52:53,6,-6.0
2015-04-06 07:57:53,15,-15.0
2015-04-06 08:02:53,14,-14.0
2015-04-06 08:07:53,10,-10.0
2015-04-06 08:12:53,6,-6.0
2015-04-06 08:17:53,12,-12.0
2015-04-06 08:22:53,9,-9.0
2015-04-06 08:27:53,22,-22.0
2015-04-06 08:32:53,23,-23.0
2015-04-06 08:37:53,14,-14.0
2015-04-06 08:42:53,15,-15.0
2015-04-06 08:47:53,3,-3.0
2015-04-06 08:52:53,8,-8.0
2015-04-06 08:57:53,12,-12.0
2015-04-06 09:02:53,11,-11.0
2015-04-06 09:07:53,6,-6.0
2015-04-06 09:12:53,8,-8.0
2015-04-06 09:17:53,10,-10.0
2015-04-06 09:22:53,10,-10.0
2015-04-06 09:27:53,6,-6.0
2015-04-06 09:32:53,14,-14.0
2015-04-06 09:37:53,7,-7.0
2015-04-06 09:42:53,7,-7.0
2015-04-06 09:47:53,9,-9.0
2015-04-06 09:52:53,3,-3.0
2015-04-06 09:57:53,9,-9.0
2015-04-06 10:02:53,5,-5.0
2015-04-06 10:07:53,7,-7.0
2015-04-06 10:12:53,5,-5.0
2015-04-06 10:17:53,5,-5.0
2015-04-06 10:22:53,8,-8.0
2015-04-06 10:27:53,17,-17.0
2015-04-06 10:32:53,10,-10.0
2015-04-06 10:37:53,8,-8.0
2015-04-06 10:42:53,11,-11.0
2015-04-06 10:47:53,3,-3.0
2015-04-06 10:52:53,12,-12.0
2015-04-06 10:57:53,6,-6.0
2015-04-06 11:02:53,7,-7.0
2015-04-06 11:07:53,19,-19.0
2015-04-06 11:12:53,9,-9.0
2015-04-06 11:17:53,11,-11.0
2015-04-06 11:22:53,10,-10.0
2015-04-06 11:27:53,12,-12.0
2015-04-06 11:32:53,21,-21.0
2015-04-06 11:37:53,26,-26.0
2015-04-06 11:42:53,28,-28.0
2015-04-06 11:47:53,16,-16.0
2015-04-06 11:52:53,6,-6.0
2015-04-06 11:57:53,9,-9.0
2015-04-06 12:02:53,10,-10.0
2015-04-06 12:07:53,12,-12.0
2015-04-06 12:12:53,13,-13.0
2015-04-06 12:17:53,16,-16.0
2015-04-06 12:22:53,27,-27.0
2015-04-06 12:27:53,29,-29.0
2015-04-06 12:32:53,21,-21.0
2015-04-06 12:37:53,14,-14.0
2015-04-06 12:42:53,19,-19.0
2015-04-06 12:47:53,12,-12.0
2015-04-06 12:52:53,16,-16.0
2015-04-06 12:57:53,19,-19.0
2015-04-06 13:02:53,10,-10.0
2015-04-06 13:07:53,14,-14.0
2015-04-06 13:12:53,19,-19.0
2015-04-06 13:17:53,15,-15.0
2015-04-06 13:22:53,22,-22.0
2015-04-06 13:27:53,16,-16.0
2015-04-06 13:32:53,23,-23.0
2015-04-06 13:37:53,17,-17.0
2015-04-06 13:42:53,26,-26.0
2015-04-06 13:47:53,33,-33.0
2015-04-06 13:52:53,23,-23.0
2015-04-06 13:57:53,30,-30.0
2015-04-06 14:02:53,16,-16.0
2015-04-06 14:07:53,20,-20.0
2015-04-06 14:12:53,19,-19.0
2015-04-06 14:17:53,17,-17.0
2015-04-06 14:22:53,19,-19.0
2015-04-06 14:27:53,16,-16.0
2015-04-06 14:32:53,20,-20.0
2015-04-06 14:37:53,17,-17.0
2015-04-06 14:42:53,28,-28.0
2015-04-06 14:47:53,30,-30.0
2015-04-06 14:52:53,47,-47.0
2015-04-06 14:57:53,40,-40.0
2015-04-06 15:02:53,15,-15.0
2015-04-06 15:07:53,29,-29.0
2015-04-06 15:12:53,22,-22.0
2015-04-06 15:17:53,27,-27.0
2015-04-06 15:22:53,17,-17.0
2015-04-06 15:27:53,14,-14.0
2015-04-06 15:32:53,14,-14.0
2015-04-06 15:37:53,31,-31.0
2015-04-06 15:42:53,44,-44.0
2015-04-06 15:47:53,26,-26.0
2015-04-06 15:52:53,43,-43.0
2015-04-06 15:57:53,23,-23.0
2015-04-06 16:02:53,32,-32.0
2015-04-06 16:07:53,25,-25.0
2015-04-06 16:12:53,13,-13.0
2015-04-06 16:17:53,13,-13.0
2015-04-06 16:22:53,14,-14.0
2015-04-06 16:27:53,19,-19.0
2015-04-06 16:32:53,30,-30.0
2015-04-06 16:37:53,27,-27.0
2015-04-06 16:42:53,32,-32.0
2015-04-06 16:47:53,14,-14.0
2015-04-06 16:52:53,23,-23.0
2015-04-06 16:57:53,29,-29.0
2015-04-06 17:02:53,28,-28.0
2015-04-06 17:07:53,23,-23.0
2015-04-06 17:12:53,23,-23.0
2015-04-06 17:17:53,16,-16.0
2015-04-06 17:22:53,17,-17.0
2015-04-06 17:27:53,34,-34.0
2015-04-06 17:32:53,23,-23.0
2015-04-06 17:37:53,15,-15.0
2015-04-06 17:42:53,19,-19.0
2015-04-06 17:47:53,28,-28.0
2015-04-06 17:52:53,28,-28.0
2015-04-06 17:57:53,20,-20.0
2015-04-06 18:02:53,15,-15.0
2015-04-06 18:07:53,26,-26.0
2015-04-06 18:12:53,31,-31.0
2015-04-06 18:17:53,56,-56.0
2015-04-06 18:22:53,48,-48.0
2015-04-06 18:27:53,44,-44.0
2015-04-06 18:32:53,28,-28.0
2015-04-06 18:37:53,18,-18.0
2015-04-06 18:42:53,111,-111.0
2015-04-06 18:47:53,120,-120.0
2015-04-06 18:52:53,22,-22.0
2015-04-06 18:57:53,27,-27.0
2015-04-06 19:02:53,44,-44.0
2015-04-06 19:07:53,28,-28.0
2015-04-06 19:12:53,54,-54.0
2015-04-06 19:17:53,70,-70.0
2015-04-06 19:22:53,28,-28.0
2015-04-06 19:27:53,31,-31.0
2015-04-06 19:32:53,24,-24.0
2015-04-06 19:37:53,23,-23.0
2015-04-06 19:42:53,27,-27.0
2015-04-06 19:47:53,37,-37.0
2015-04-06 19:52:53,35,-35.0
2015-04-06 19:57:53,38,-38.0
2015-04-06 20:02:53,42,-42.0
2015-04-06 20:07:53,42,-42.0
2015-04-06 20:12:53,54,-54.0
2015-04-06 20:17:53,49,-49.0
2015-04-06 20:22:53,41,-41.0
2015-04-06 20:27:53,53,-53.0
2015-04-06 20:32:53,73,-73.0
2015-04-06 20:37:53,52,-52.0
2015-04-06 20:42:53,105,-105.0
2015-04-06 20:47:53,52,-52.0
2015-04-06 20:52:53,50,-50.0
2015-04-06 20:57:53,21,-21.0
2015-04-06 21:02:53,43,-43.0
2015-04-06 21:07:53,25,-25.0
2015-04-06 21:12:53,22,-22.0
2015-04-06 21:17:53,35,-35.0
2015-04-06 21:22:53,39,-39.0
2015-04-06 21:27:53,43,-43.0
2015-04-06 21:32:53,35,-35.0
2015-04-06 21:37:53,27,-27.0
2015-04-06 21:42:53,22,-22.0
2015-04-06 21:47:53,18,-18.0
2015-04-06 21:52:53,25,-25.0
2015-04-06 21:57:53,41,-41.0
2015-04-06 22:02:53,69,-69.0
2015-04-06 22:07:53,51,-51.0
2015-04-06 22:12:53,47,-47.0
2015-04-06 22:17:53,77,-77.0
2015-04-06 22:22:53,53,-53.0
2015-04-06 22:27:53,61,-61.0
2015-04-06 22:32:53,55,-55.0
2015-04-06 22:37:53,53,-53.0
2015-04-06 22:42:53,43,-43.0
2015-04-06 22:47:53,56,-56.0
2015-04-06 22:52:53,39,-39.0
2015-04-06 22:57:53,46,-46.0
2015-04-06 23:02:53,27,-27.0
2015-04-06 23:07:53,25,-25.0
2015-04-06 23:12:53,22,-22.0
2015-04-06 23:17:53,21,-21.0
2015-04-06 23:22:53,43,-43.0
2015-04-06 23:27:53,26,-26.0
2015-04-06 23:32:53,16,-16.0
2015-04-06 23:37:53,26,-26.0
2015-04-06 23:42:53,17,-17.0
2015-04-06 23:47:53,15,-15.0
2015-04-06 23:52:53,16,-16.0
2015-04-06 23:57:53,20,-20.0
2015-04-07 00:02:53,24,-24.0
2015-04-07 00:07:53,13,-13.0
2015-04-07 00:12:53,28,-28.0
2015-04-07 00:17:53,26,-26.0
2015-04-07 00:22:53,23,-23.0
2015-04-07 00:27:53,12,-12.0
2015-04-07 00:32:53,30,-30.0
2015-04-07 00:37:53,29,-29.0
2015-04-07 00:42:53,19,-19.0
2015-04-07 00:47:53,9,-9.0
2015-04-07 00:52:53,7,-7.0
2015-04-07 00:57:53,18,-18.0
2015-04-07 01:02:53,10,-10.0
2015-04-07 01:07:53,21,-21.0
2015-04-07 01:12:53,65,-65.0
2015-04-07 01:17:53,48,-48.0
2015-04-07 01:22:53,24,-24.0
2015-04-07 01:27:53,15,-15.0
2015-04-07 01:32:53,22,-22.0
2015-04-07 01:37:53,22,-22.0
2015-04-07 01:42:53,13,-13.0
2015-04-07 01:47:53,20,-20.0
2015-04-07 01:52:53,9,-9.0
2015-04-07 01:57:53,9,-9.0
2015-04-07 02:02:53,5,-5.0
2015-04-07 02:07:53,6,-6.0
2015-04-07 02:12:53,7,-7.0
2015-04-07 02:17:53,14,-14.0
2015-04-07 02:22:53,16,-16.0
2015-04-07 02:27:53,23,-23.0
2015-04-07 02:32:53,10,-10.0
2015-04-07 02:37:53,17,-17.0
2015-04-07 02:42:53,9,-9.0
2015-04-07 02:47:53,8,-8.0
2015-04-07 02:52:53,10,-10.0
2015-04-07 02:57:53,20,-20.0
2015-04-07 03:02:53,16,-16.0
2015-04-07 03:07:53,12,-12.0
2015-04-07 03:12:53,16,-16.0
2015-04-07 03:17:53,14,-14.0
2015-04-07 03:22:53,10,-10.0
2015-04-07 03:27:53,21,-21.0
2015-04-07 03:32:53,8,-8.0
2015-04-07 03:37:53,24,-24.0
2015-04-07 03:42:53,14,-14.0
2015-04-07 03:47:53,25,-25.0
2015-04-07 03:52:53,70,-70.0
2015-04-07 03:57:53,39,-39.0
2015-04-07 04:02:53,33,-33.0
2015-04-07 04:07:53,19,-19.0
2015-04-07 04:12:53,13,-13.0
2015-04-07 04:17:53,19,-19.0
2015-04-07 04:22:53,12,-12.0
2015-04-07 04:27:53,13,-13.0
2015-04-07 04:32:53,12,-12.0
2015-04-07 04:37:53,15,-15.0
2015-04-07 04:42:53,17,-17.0
2015-04-07 04:47:53,23,-23.0
2015-04-07 04:52:53,9,-9.0
2015-04-07 04:57:53,33,-33.0
2015-04-07 05:02:53,19,-19.0
2015-04-07 05:07:53,18,-18.0
2015-04-07 05:12:53,15,-15.0
2015-04-07 05:17:53,18,-18.0
2015-04-07 05:22:53,15,-15.0
2015-04-07 05:27:53,7,-7.0
2015-04-07 05:32:53,17,-17.0
2015-04-07 05:37:53,8,-8.0
2015-04-07 05:42:53,8,-8.0
2015-04-07 05:47:53,15,-15.0
2015-04-07 05:52:53,15,-15.0
2015-04-07 05:57:53,19,-19.0
2015-04-07 06:02:53,12,-12.0
2015-04-07 06:07:53,12,-12.0
2015-04-07 06:12:53,23,-23.0
2015-04-07 06:17:53,9,-9.0
2015-04-07 06:22:53,14,-14.0
2015-04-07 06:27:53,10,-10.0
2015-04-07 06:32:53,14,-14.0
2015-04-07 06:37:53,13,-13.0
2015-04-07 06:42:53,13,-13.0
2015-04-07 06:47:53,8,-8.0
2015-04-07 06:52:53,10,-10.0
2015-04-07 06:57:53,13,-13.0
2015-04-07 07:02:53,15,-15.0
2015-04-07 07:07:53,11,-11.0
2015-04-07 07:12:53,10,-10.0
2015-04-07 07:17:53,17,-17.0
2015-04-07 07:22:53,22,-22.0
2015-04-07 07:27:53,11,-11.0
2015-04-07 07:32:53,17,-17.0
2015-04-07 07:37:53,7,-7.0
2015-04-07 07:42:53,10,-10.0
2015-04-07 07:47:53,22,-22.0
2015-04-07 07:52:53,9,-9.0
2015-04-07 07:57:53,19,-19.0
2015-04-07 08:02:53,9,-9.0
2015-04-07 08:07:53,27,-27.0
2015-04-07 08:12:53,26,-26.0
2015-04-07 08:17:53,35,-35.0
2015-04-07 08:22:53,21,-21.0
2015-04-07 08:27:53,19,-19.0
2015-04-07 08:32:53,26,-26.0
2015-04-07 08:37:53,15,-15.0
2015-04-07 08:42:53,18,-18.0
2015-04-07 08:47:53,16,-16.0
2015-04-07 08:52:53,18,-18.0
2015-04-07 08:57:53,16,-16.0
2015-04-07 09:02:53,9,-9.0
2015-04-07 09:07:53,9,-9.0
2015-04-07 09:12:53,6,-6.0
2015-04-07 09:17:53,26,-26.0
2015-04-07 09:22:53,8,-8.0
2015-04-07 09:27:53,15,-15.0
2015-04-07 09:32:53,10,-10.0
2015-04-07 09:37:53,17,-17.0
2015-04-07 09:42:53,12,-12.0
2015-04-07 09:47:53,43,-43.0
2015-04-07 09:52:53,17,-17.0
2015-04-07 09:57:53,19,-19.0
2015-04-07 10:02:53,13,-13.0
2015-04-07 10:07:53,10,-10.0
2015-04-07 10:12:53,19,-19.0
2015-04-07 10:17:53,15,-15.0
2015-04-07 10:22:53,10,-10.0
2015-04-07 10:27:53,21,-21.0
2015-04-07 10:32:53,11,-11.0
2015-04-07 10:37:53,12,-12.0
2015-04-07 10:42:53,12,-12.0
2015-04-07 10:47:53,19,-19.0
2015-04-07 10:52:53,15,-15.0
2015-04-07 10:57:53,24,-24.0
2015-04-07 11:02:53,15,-15.0
2015-04-07 11:07:53,9,-9.0
2015-04-07 11:12:53,21,-21.0
2015-04-07 11:17:53,11,-11.0
2015-04-07 11:22:53,15,-15.0
2015-04-07 11:27:53,20,-20.0
2015-04-07 11:32:53,16,-16.0
2015-04-07 11:37:53,12,-12.0
2015-04-07 11:42:53,14,-14.0
2015-04-07 11:47:53,20,-20.0
2015-04-07 11:52:53,21,-21.0
2015-04-07 11:57:53,18,-18.0
2015-04-07 12:02:53,18,-18.0
2015-04-07 12:07:53,12,-12.0
2015-04-07 12:12:53,19,-19.0
2015-04-07 12:17:53,27,-27.0
2015-04-07 12:22:53,16,-16.0
2015-04-07 12:27:53,27,-27.0
2015-04-07 12:32:53,11,-11.0
2015-04-07 12:37:53,8,-8.0
2015-04-07 12:42:53,29,-29.0
2015-04-07 12:47:53,21,-21.0
2015-04-07 12:52:53,31,-31.0
2015-04-07 12:57:53,23,-23.0
2015-04-07 13:02:53,25,-25.0
2015-04-07 13:07:53,31,-31.0
2015-04-07 13:12:53,20,-20.0
2015-04-07 13:17:53,19,-19.0
2015-04-07 13:22:53,30,-30.0
2015-04-07 13:27:53,33,-33.0
2015-04-07 13:32:53,27,-27.0
2015-04-07 13:37:53,31,-31.0
2015-04-07 13:42:53,23,-23.0
2015-04-07 13:47:53,25,-25.0
2015-04-07 13:52:53,25,-25.0
2015-04-07 13:57:53,32,-32.0
2015-04-07 14:02:53,32,-32.0
2015-04-07 14:07:53,16,-16.0
2015-04-07 14:12:53,22,-22.0
2015-04-07 14:17:53,17,-17.0
2015-04-07 14:22:53,30,-30.0
2015-04-07 14:27:53,18,-18.0
2015-04-07 14:32:53,22,-22.0
2015-04-07 14:37:53,29,-29.0
2015-04-07 14:42:53,21,-21.0
2015-04-07 14:47:53,24,-24.0
2015-04-07 14:52:53,27,-27.0
2015-04-07 14:57:53,27,-27.0
2015-04-07 15:02:53,33,-33.0
2015-04-07 15:07:53,45,-45.0
2015-04-07 15:12:53,35,-35.0
2015-04-07 15:17:53,35,-35.0
2015-04-07 15:22:53,30,-30.0
2015-04-07 15:27:53,34,-34.0
2015-04-07 15:32:53,36,-36.0
2015-04-07 15:37:53,67,-67.0
2015-04-07 15:42:53,60,-60.0
2015-04-07 15:47:53,31,-31.0
2015-04-07 15:52:53,36,-36.0
2015-04-07 15:57:53,54,-54.0
2015-04-07 16:02:53,70,-70.0
2015-04-07 16:07:53,31,-31.0
2015-04-07 16:12:53,26,-26.0
2015-04-07 16:17:53,36,-36.0
2015-04-07 16:22:53,27,-27.0
2015-04-07 16:27:53,34,-34.0
2015-04-07 16:32:53,35,-35.0
2015-04-07 16:37:53,36,-36.0
2015-04-07 16:42:53,22,-22.0
2015-04-07 16:47:53,40,-40.0
2015-04-07 16:52:53,28,-28.0
2015-04-07 16:57:53,20,-20.0
2015-04-07 17:02:53,30,-30.0
2015-04-07 17:07:53,34,-34.0
2015-04-07 17:12:53,34,-34.0
2015-04-07 17:17:53,69,-69.0
2015-04-07 17:22:53,27,-27.0
2015-04-07 17:27:53,48,-48.0
2015-04-07 17:32:53,30,-30.0
2015-04-07 17:37:53,22,-22.0
2015-04-07 17:42:53,30,-30.0
2015-04-07 17:47:53,34,-34.0
2015-04-07 17:52:53,30,-30.0
2015-04-07 17:57:53,31,-31.0
2015-04-07 18:02:53,30,-30.0
2015-04-07 18:07:53,41,-41.0
2015-04-07 18:12:53,27,-27.0
2015-04-07 18:17:53,28,-28.0
2015-04-07 18:22:53,29,-29.0
2015-04-07 18:27:53,37,-37.0
2015-04-07 18:32:53,22,-22.0
2015-04-07 18:37:53,30,-30.0
2015-04-07 18:42:53,27,-27.0
2015-04-07 18:47:53,28,-28.0
2015-04-07 18:52:53,23,-23.0
2015-04-07 18:57:53,26,-26.0
2015-04-07 19:02:53,20,-20.0
2015-04-07 19:07:53,26,-26.0
2015-04-07 19:12:53,34,-34.0
2015-04-07 19:17:53,15,-15.0
2015-04-07 19:22:53,19,-19.0
2015-04-07 19:27:53,16,-16.0
2015-04-07 19:32:53,23,-23.0
2015-04-07 19:37:53,29,-29.0
2015-04-07 19:42:53,38,-38.0
2015-04-07 19:47:53,23,-23.0
2015-04-07 19:52:53,28,-28.0
2015-04-07 19:57:53,16,-16.0
2015-04-07 20:02:53,25,-25.0
2015-04-07 20:07:53,20,-20.0
2015-04-07 20:12:53,24,-24.0
2015-04-07 20:17:53,28,-28.0
2015-04-07 20:22:53,30,-30.0
2015-04-07 20:27:53,23,-23.0
2015-04-07 20:32:53,30,-30.0
2015-04-07 20:37:53,31,-31.0
2015-04-07 20:42:53,24,-24.0
2015-04-07 20:47:53,16,-16.0
2015-04-07 20:52:53,62,-62.0
2015-04-07 20:57:53,62,-62.0
2015-04-07 21:02:53,47,-47.0
2015-04-07 21:07:53,44,-44.0
2015-04-07 21:12:53,44,-44.0
2015-04-07 21:17:53,38,-38.0
2015-04-07 21:22:53,39,-39.0
2015-04-07 21:27:53,18,-18.0
2015-04-07 21:32:53,25,-25.0
2015-04-07 21:37:53,21,-21.0
2015-04-07 21:42:53,17,-17.0
2015-04-07 21:47:53,24,-24.0
2015-04-07 21:52:53,17,-17.0
2015-04-07 21:57:53,32,-32.0
2015-04-07 22:02:53,26,-26.0
2015-04-07 22:07:53,12,-12.0
2015-04-07 22:12:53,16,-16.0
2015-04-07 22:17:53,16,-16.0
2015-04-07 22:22:53,24,-24.0
2015-04-07 22:27:53,15,-15.0
2015-04-07 22:32:53,20,-20.0
2015-04-07 22:37:53,19,-19.0
2015-04-07 22:42:53,16,-16.0
2015-04-07 22:47:53,26,-26.0
2015-04-07 22:52:53,27,-27.0
2015-04-07 22:57:53,8,-8.0
2015-04-07 23:02:53,26,-26.0
2015-04-07 23:07:53,17,-17.0
2015-04-07 23:12:53,16,-16.0
2015-04-07 23:17:53,14,-14.0
2015-04-07 23:22:53,18,-18.0
2015-04-07 23:27:53,60,-60.0
2015-04-07 23:32:53,19,-19.0
2015-04-07 23:37:53,19,-19.0
2015-04-07 23:42:53,15,-15.0
2015-04-07 23:47:53,14,-14.0
2015-04-07 23:52:53,19,-19.0
2015-04-07 23:57:53,10,-10.0
2015-04-08 00:02:53,23,-23.0
2015-04-08 00:07:53,21,-21.0
2015-04-08 00:12:53,14,-14.0
2015-04-08 00:17:53,11,-11.0
2015-04-08 00:22:53,15,-15.0
2015-04-08 00:27:53,21,-21.0
2015-04-08 00:32:53,18,-18.0
2015-04-08 00:37:53,16,-16.0
2015-04-08 00:42:53,17,-17.0
2015-04-08 00:47:53,5,-5.0
2015-04-08 00:52:53,9,-9.0
2015-04-08 00:57:53,12,-12.0
2015-04-08 01:02:53,14,-14.0
2015-04-08 01:07:53,16,-16.0
2015-04-08 01:12:53,12,-12.0
2015-04-08 01:17:53,14,-14.0
2015-04-08 01:22:53,14,-14.0
2015-04-08 01:27:53,13,-13.0
2015-04-08 01:32:53,20,-20.0
2015-04-08 01:37:53,19,-19.0
2015-04-08 01:42:53,13,-13.0
2015-04-08 01:47:53,14,-14.0
2015-04-08 01:52:53,13,-13.0
2015-04-08 01:57:53,27,-27.0
2015-04-08 02:02:53,21,-21.0
2015-04-08 02:07:53,16,-16.0
2015-04-08 02:12:53,7,-7.0
2015-04-08 02:17:53,8,-8.0
2015-04-08 02:22:53,6,-6.0
2015-04-08 02:27:53,11,-11.0
2015-04-08 02:32:53,10,-10.0
2015-04-08 02:37:53,17,-17.0
2015-04-08 02:42:53,16,-16.0
2015-04-08 02:47:53,6,-6.0
2015-04-08 02:52:53,21,-21.0
2015-04-08 02:57:53,14,-14.0
2015-04-08 03:02:53,11,-11.0
2015-04-08 03:07:53,12,-12.0
2015-04-08 03:12:53,11,-11.0
2015-04-08 03:17:53,14,-14.0
2015-04-08 03:22:53,10,-10.0
2015-04-08 03:27:53,15,-15.0
2015-04-08 03:32:53,7,-7.0
2015-04-08 03:37:53,10,-10.0
2015-04-08 03:42:53,5,-5.0
2015-04-08 03:47:53,7,-7.0
2015-04-08 03:52:53,13,-13.0
2015-04-08 03:57:53,21,-21.0
2015-04-08 04:02:53,25,-25.0
2015-04-08 04:07:53,17,-17.0
2015-04-08 04:12:53,9,-9.0
2015-04-08 04:17:53,11,-11.0
2015-04-08 04:22:53,10,-10.0
2015-04-08 04:27:53,23,-23.0
2015-04-08 04:32:53,12,-12.0
2015-04-08 04:37:53,11,-11.0
2015-04-08 04:42:53,15,-15.0
2015-04-08 04:47:53,9,-9.0
2015-04-08 04:52:53,17,-17.0
2015-04-08 04:57:53,13,-13.0
2015-04-08 05:02:53,12,-12.0
2015-04-08 05:07:53,9,-9.0
2015-04-08 05:12:53,23,-23.0
2015-04-08 05:17:53,20,-20.0
2015-04-08 05:22:53,12,-12.0
2015-04-08 05:27:53,7,-7.0
2015-04-08 05:32:53,9,-9.0
2015-04-08 05:37:53,9,-9.0
2015-04-08 05:42:53,3,-3.0
2015-04-08 05:47:53,10,-10.0
2015-04-08 05:52:53,12,-12.0
2015-04-08 05:57:53,9,-9.0
2015-04-08 06:02:53,11,-11.0
2015-04-08 06:07:53,11,-11.0
2015-04-08 06:12:53,21,-21.0
2015-04-08 06:17:53,17,-17.0
2015-04-08 06:22:53,14,-14.0
2015-04-08 06:27:53,15,-15.0
2015-04-08 06:32:53,11,-11.0
2015-04-08 06:37:53,10,-10.0
2015-04-08 06:42:53,9,-9.0
2015-04-08 06:47:53,14,-14.0
2015-04-08 06:52:53,10,-10.0
2015-04-08 06:57:53,14,-14.0
2015-04-08 07:02:53,11,-11.0
2015-04-08 07:07:53,14,-14.0
2015-04-08 07:12:53,8,-8.0
2015-04-08 07:17:53,17,-17.0
2015-04-08 07:22:53,11,-11.0
2015-04-08 07:27:53,24,-24.0
2015-04-08 07:32:53,19,-19.0
2015-04-08 07:37:53,9,-9.0
2015-04-08 07:42:53,14,-14.0
2015-04-08 07:47:53,18,-18.0
2015-04-08 07:52:53,14,-14.0
2015-04-08 07:57:53,6,-6.0
2015-04-08 08:02:53,12,-12.0
2015-04-08 08:07:53,17,-17.0
2015-04-08 08:12:53,8,-8.0
2015-04-08 08:17:53,13,-13.0
2015-04-08 08:22:53,6,-6.0
2015-04-08 08:27:53,13,-13.0
2015-04-08 08:32:53,18,-18.0
2015-04-08 08:37:53,14,-14.0
2015-04-08 08:42:53,16,-16.0
2015-04-08 08:47:53,16,-16.0
2015-04-08 08:52:53,23,-23.0
2015-04-08 08:57:53,11,-11.0
2015-04-08 09:02:53,17,-17.0
2015-04-08 09:07:53,13,-13.0
2015-04-08 09:12:53,6,-6.0
2015-04-08 09:17:53,6,-6.0
2015-04-08 09:22:53,24,-24.0
2015-04-08 09:27:53,12,-12.0
2015-04-08 09:32:53,11,-11.0
2015-04-08 09:37:53,11,-11.0
2015-04-08 09:42:53,12,-12.0
2015-04-08 09:47:53,10,-10.0
2015-04-08 09:52:53,18,-18.0
2015-04-08 09:57:53,22,-22.0
2015-04-08 10:02:53,8,-8.0
2015-04-08 10:07:53,5,-5.0
2015-04-08 10:12:53,10,-10.0
2015-04-08 10:17:53,16,-16.0
2015-04-08 10:22:53,11,-11.0
2015-04-08 10:27:53,16,-16.0
2015-04-08 10:32:53,8,-8.0
2015-04-08 10:37:53,11,-11.0
2015-04-08 10:42:53,13,-13.0
2015-04-08 10:47:53,16,-16.0
2015-04-08 10:52:53,16,-16.0
2015-04-08 10:57:53,10,-10.0
2015-04-08 11:02:53,17,-17.0
2015-04-08 11:07:53,12,-12.0
2015-04-08 11:12:53,15,-15.0
2015-04-08 11:17:53,10,-10.0
2015-04-08 11:22:53,5,-5.0
2015-04-08 11:27:53,15,-15.0
2015-04-08 11:32:53,22,-22.0
2015-04-08 11:37:53,22,-22.0
2015-04-08 11:42:53,26,-26.0
2015-04-08 11:47:53,19,-19.0
2015-04-08 11:52:53,16,-16.0
2015-04-08 11:57:53,19,-19.0
2015-04-08 12:02:53,23,-23.0
2015-04-08 12:07:53,17,-17.0
2015-04-08 12:12:53,14,-14.0
2015-04-08 12:17:53,18,-18.0
2015-04-08 12:22:53,12,-12.0
2015-04-08 12:27:53,13,-13.0
2015-04-08 12:32:53,25,-25.0
2015-04-08 12:37:53,28,-28.0
2015-04-08 12:42:53,32,-32.0
2015-04-08 12:47:53,22,-22.0
2015-04-08 12:52:53,22,-22.0
2015-04-08 12:57:53,29,-29.0
2015-04-08 13:02:53,19,-19.0
2015-04-08 13:07:53,20,-20.0
2015-04-08 13:12:53,21,-21.0
2015-04-08 13:17:53,16,-16.0
2015-04-08 13:22:53,23,-23.0
2015-04-08 13:27:53,15,-15.0
2015-04-08 13:32:53,23,-23.0
2015-04-08 13:37:53,17,-17.0
2015-04-08 13:42:53,29,-29.0
2015-04-08 13:47:53,18,-18.0
2015-04-08 13:52:53,27,-27.0
2015-04-08 13:57:53,23,-23.0
2015-04-08 14:02:53,23,-23.0
2015-04-08 14:07:53,14,-14.0
2015-04-08 14:12:53,23,-23.0
2015-04-08 14:17:53,28,-28.0
2015-04-08 14:22:53,19,-19.0
2015-04-08 14:27:53,36,-36.0
2015-04-08 14:32:53,23,-23.0
2015-04-08 14:37:53,21,-21.0
2015-04-08 14:42:53,30,-30.0
2015-04-08 14:47:53,18,-18.0
2015-04-08 14:52:53,20,-20.0
2015-04-08 14:57:53,28,-28.0
2015-04-08 15:02:53,25,-25.0
2015-04-08 15:07:53,19,-19.0
2015-04-08 15:12:53,21,-21.0
2015-04-08 15:17:53,22,-22.0
2015-04-08 15:22:53,29,-29.0
2015-04-08 15:27:53,32,-32.0
2015-04-08 15:32:53,23,-23.0
2015-04-08 15:37:53,22,-22.0
2015-04-08 15:42:53,25,-25.0
2015-04-08 15:47:53,25,-25.0
2015-04-08 15:52:53,33,-33.0
2015-04-08 15:57:53,31,-31.0
2015-04-08 16:02:53,24,-24.0
2015-04-08 16:07:53,24,-24.0
2015-04-08 16:12:53,36,-36.0
2015-04-08 16:17:53,23,-23.0
2015-04-08 16:22:53,24,-24.0
2015-04-08 16:27:53,44,-44.0
2015-04-08 16:32:53,41,-41.0
2015-04-08 16:37:53,41,-41.0
2015-04-08 16:42:53,47,-47.0
2015-04-08 16:47:53,21,-21.0
2015-04-08 16:52:53,25,-25.0
2015-04-08 16:57:53,30,-30.0
2015-04-08 17:02:53,45,-45.0
2015-04-08 17:07:53,33,-33.0
2015-04-08 17:12:53,30,-30.0
2015-04-08 17:17:53,17,-17.0
2015-04-08 17:22:53,25,-25.0
2015-04-08 17:27:53,33,-33.0
2015-04-08 17:32:53,23,-23.0
2015-04-08 17:37:53,34,-34.0
2015-04-08 17:42:53,25,-25.0
2015-04-08 17:47:53,38,-38.0
2015-04-08 17:52:53,52,-52.0
2015-04-08 17:57:53,40,-40.0
2015-04-08 18:02:53,37,-37.0
2015-04-08 18:07:53,33,-33.0
2015-04-08 18:12:53,29,-29.0
2015-04-08 18:17:53,28,-28.0
2015-04-08 18:22:53,29,-29.0
2015-04-08 18:27:53,23,-23.0
2015-04-08 18:32:53,26,-26.0
2015-04-08 18:37:53,27,-27.0
2015-04-08 18:42:53,16,-16.0
2015-04-08 18:47:53,25,-25.0
2015-04-08 18:52:53,33,-33.0
2015-04-08 18:57:53,28,-28.0
2015-04-08 19:02:53,36,-36.0
2015-04-08 19:07:53,36,-36.0
2015-04-08 19:12:53,37,-37.0
2015-04-08 19:17:53,22,-22.0
2015-04-08 19:22:53,29,-29.0
2015-04-08 19:27:53,26,-26.0
2015-04-08 19:32:53,21,-21.0
2015-04-08 19:37:53,36,-36.0
2015-04-08 19:42:53,17,-17.0
2015-04-08 19:47:53,28,-28.0
2015-04-08 19:52:53,23,-23.0
2015-04-08 19:57:53,42,-42.0
2015-04-08 20:02:53,31,-31.0
2015-04-08 20:07:53,38,-38.0
2015-04-08 20:12:53,18,-18.0
2015-04-08 20:17:53,26,-26.0
2015-04-08 20:22:53,14,-14.0
2015-04-08 20:27:53,28,-28.0
2015-04-08 20:32:53,21,-21.0
2015-04-08 20:37:53,18,-18.0
2015-04-08 20:42:53,21,-21.0
2015-04-08 20:47:53,26,-26.0
2015-04-08 20:52:53,31,-31.0
2015-04-08 20:57:53,33,-33.0
2015-04-08 21:02:53,23,-23.0
2015-04-08 21:07:53,25,-25.0
2015-04-08 21:12:53,21,-21.0
2015-04-08 21:17:53,22,-22.0
2015-04-08 21:22:53,26,-26.0
2015-04-08 21:27:53,23,-23.0
2015-04-08 21:32:53,28,-28.0
2015-04-08 21:37:53,17,-17.0
2015-04-08 21:42:53,30,-30.0
2015-04-08 21:47:53,18,-18.0
2015-04-08 21:52:53,17,-17.0
2015-04-08 21:57:53,16,-16.0
2015-04-08 22:02:53,18,-18.0
2015-04-08 22:07:53,15,-15.0
2015-04-08 22:12:53,24,-24.0
2015-04-08 22:17:53,18,-18.0
2015-04-08 22:22:53,10,-10.0
2015-04-08 22:27:53,20,-20.0
2015-04-08 22:32:53,22,-22.0
2015-04-08 22:37:53,15,-15.0
2015-04-08 22:42:53,20,-20.0
2015-04-08 22:47:53,14,-14.0
2015-04-08 22:52:53,18,-18.0
2015-04-08 22:57:53,56,-56.0
2015-04-08 23:02:53,34,-34.0
2015-04-08 23:07:53,26,-26.0
2015-04-08 23:12:53,19,-19.0
2015-04-08 23:17:53,19,-19.0
2015-04-08 23:22:53,21,-21.0
2015-04-08 23:27:53,17,-17.0
2015-04-08 23:32:53,27,-27.0
2015-04-08 23:37:53,17,-17.0
2015-04-08 23:42:53,15,-15.0
2015-04-08 23:47:53,14,-14.0
2015-04-08 23:52:53,18,-18.0
2015-04-08 23:57:53,12,-12.0
2015-04-09 00:02:53,22,-22.0
2015-04-09 00:07:53,12,-12.0
2015-04-09 00:12:53,17,-17.0
2015-04-09 00:17:53,15,-15.0
2015-04-09 00:22:53,20,-20.0
2015-04-09 00:27:53,21,-21.0
2015-04-09 00:32:53,22,-22.0
2015-04-09 00:37:53,13,-13.0
2015-04-09 00:42:53,23,-23.0
2015-04-09 00:47:53,16,-16.0
2015-04-09 00:52:53,28,-28.0
2015-04-09 00:57:53,20,-20.0
2015-04-09 01:02:53,18,-18.0
2015-04-09 01:07:53,13,-13.0
2015-04-09 01:12:53,24,-24.0
2015-04-09 01:17:53,21,-21.0
2015-04-09 01:22:53,20,-20.0
2015-04-09 01:27:53,18,-18.0
2015-04-09 01:32:53,13,-13.0
2015-04-09 01:37:53,15,-15.0
2015-04-09 01:42:53,18,-18.0
2015-04-09 01:47:53,22,-22.0
2015-04-09 01:52:53,18,-18.0
2015-04-09 01:57:53,19,-19.0
2015-04-09 02:02:53,16,-16.0
2015-04-09 02:07:53,11,-11.0
2015-04-09 02:12:53,22,-22.0
2015-04-09 02:17:53,16,-16.0
2015-04-09 02:22:53,15,-15.0
2015-04-09 02:27:53,27,-27.0
2015-04-09 02:32:53,3,-3.0
2015-04-09 02:37:53,11,-11.0
2015-04-09 02:42:53,14,-14.0
2015-04-09 02:47:53,6,-6.0
2015-04-09 02:52:53,31,-31.0
2015-04-09 02:57:53,33,-33.0
2015-04-09 03:02:53,35,-35.0
2015-04-09 03:07:53,23,-23.0
2015-04-09 03:12:53,16,-16.0
2015-04-09 03:17:53,11,-11.0
2015-04-09 03:22:53,11,-11.0
2015-04-09 03:27:53,15,-15.0
2015-04-09 03:32:53,16,-16.0
2015-04-09 03:37:53,13,-13.0
2015-04-09 03:42:53,12,-12.0
2015-04-09 03:47:53,17,-17.0
2015-04-09 03:52:53,13,-13.0
2015-04-09 03:57:53,8,-8.0
2015-04-09 04:02:53,7,-7.0
2015-04-09 04:07:53,13,-13.0
2015-04-09 04:12:53,13,-13.0
2015-04-09 04:17:53,13,-13.0
2015-04-09 04:22:53,10,-10.0
2015-04-09 04:27:53,15,-15.0
2015-04-09 04:32:53,8,-8.0
2015-04-09 04:37:53,9,-9.0
2015-04-09 04:42:53,13,-13.0
2015-04-09 04:47:53,17,-17.0
2015-04-09 04:52:53,17,-17.0
2015-04-09 04:57:53,12,-12.0
2015-04-09 05:02:53,12,-12.0
2015-04-09 05:07:53,10,-10.0
2015-04-09 05:12:53,13,-13.0
2015-04-09 05:17:53,7,-7.0
2015-04-09 05:22:53,15,-15.0
2015-04-09 05:27:53,17,-17.0
2015-04-09 05:32:53,15,-15.0
2015-04-09 05:37:53,30,-30.0
2015-04-09 05:42:53,16,-16.0
2015-04-09 05:47:53,3,-3.0
2015-04-09 05:52:53,13,-13.0
2015-04-09 05:57:53,15,-15.0
2015-04-09 06:02:53,8,-8.0
2015-04-09 06:07:53,11,-11.0
2015-04-09 06:12:53,11,-11.0
2015-04-09 06:17:53,14,-14.0
2015-04-09 06:22:53,16,-16.0
2015-04-09 06:27:53,13,-13.0
2015-04-09 06:32:53,5,-5.0
2015-04-09 06:37:53,8,-8.0
2015-04-09 06:42:53,10,-10.0
2015-04-09 06:47:53,6,-6.0
2015-04-09 06:52:53,17,-17.0
2015-04-09 06:57:53,16,-16.0
2015-04-09 07:02:53,10,-10.0
2015-04-09 07:07:53,5,-5.0
2015-04-09 07:12:53,17,-17.0
2015-04-09 07:17:53,17,-17.0
2015-04-09 07:22:53,25,-25.0
2015-04-09 07:27:53,17,-17.0
2015-04-09 07:32:53,13,-13.0
2015-04-09 07:37:53,7,-7.0
2015-04-09 07:42:53,20,-20.0
2015-04-09 07:47:53,9,-9.0
2015-04-09 07:52:53,19,-19.0
2015-04-09 07:57:53,12,-12.0
2015-04-09 08:02:53,18,-18.0
2015-04-09 08:07:53,17,-17.0
2015-04-09 08:12:53,12,-12.0
2015-04-09 08:17:53,16,-16.0
2015-04-09 08:22:53,9,-9.0
2015-04-09 08:27:53,9,-9.0
2015-04-09 08:32:53,16,-16.0
2015-04-09 08:37:53,10,-10.0
2015-04-09 08:42:53,14,-14.0
2015-04-09 08:47:53,21,-21.0
2015-04-09 08:52:53,23,-23.0
2015-04-09 08:57:53,16,-16.0
2015-04-09 09:02:53,17,-17.0
2015-04-09 09:07:53,13,-13.0
2015-04-09 09:12:53,12,-12.0
2015-04-09 09:17:53,14,-14.0
2015-04-09 09:22:53,7,-7.0
2015-04-09 09:27:53,11,-11.0
2015-04-09 09:32:53,6,-6.0
2015-04-09 09:37:53,11,-11.0
2015-04-09 09:42:53,14,-14.0
2015-04-09 09:47:53,9,-9.0
2015-04-09 09:52:53,9,-9.0
2015-04-09 09:57:53,17,-17.0
2015-04-09 10:02:53,8,-8.0
2015-04-09 10:07:53,7,-7.0
2015-04-09 10:12:53,19,-19.0
2015-04-09 10:17:53,10,-10.0
2015-04-09 10:22:53,13,-13.0
2015-04-09 10:27:53,13,-13.0
2015-04-09 10:32:53,6,-6.0
2015-04-09 10:37:53,14,-14.0
2015-04-09 10:42:53,10,-10.0
2015-04-09 10:47:53,11,-11.0
2015-04-09 10:52:53,11,-11.0
2015-04-09 10:57:53,17,-17.0
2015-04-09 11:02:53,10,-10.0
2015-04-09 11:07:53,11,-11.0
2015-04-09 11:12:53,23,-23.0
2015-04-09 11:17:53,24,-24.0
2015-04-09 11:22:53,14,-14.0
2015-04-09 11:27:53,10,-10.0
2015-04-09 11:32:53,6,-6.0
2015-04-09 11:37:53,12,-12.0
2015-04-09 11:42:53,11,-11.0
2015-04-09 11:47:53,11,-11.0
2015-04-09 11:52:53,10,-10.0
2015-04-09 11:57:53,18,-18.0
2015-04-09 12:02:53,22,-22.0
2015-04-09 12:07:53,16,-16.0
2015-04-09 12:12:53,15,-15.0
2015-04-09 12:17:53,16,-16.0
2015-04-09 12:22:53,21,-21.0
2015-04-09 12:27:53,11,-11.0
2015-04-09 12:32:53,13,-13.0
2015-04-09 12:37:53,17,-17.0
2015-04-09 12:42:53,12,-12.0
2015-04-09 12:47:53,17,-17.0
2015-04-09 12:52:53,27,-27.0
2015-04-09 12:57:53,17,-17.0
2015-04-09 13:02:53,37,-37.0
2015-04-09 13:07:53,27,-27.0
2015-04-09 13:12:53,52,-52.0
2015-04-09 13:17:53,25,-25.0
2015-04-09 13:22:53,23,-23.0
2015-04-09 13:27:53,26,-26.0
2015-04-09 13:32:53,18,-18.0
2015-04-09 13:37:53,18,-18.0
2015-04-09 13:42:53,13,-13.0
2015-04-09 13:47:53,15,-15.0
2015-04-09 13:52:53,12,-12.0
2015-04-09 13:57:53,14,-14.0
2015-04-09 14:02:53,30,-30.0
2015-04-09 14:07:53,24,-24.0
2015-04-09 14:12:53,34,-34.0
2015-04-09 14:17:53,36,-36.0
2015-04-09 14:22:53,33,-33.0
2015-04-09 14:27:53,31,-31.0
2015-04-09 14:32:53,18,-18.0
2015-04-09 14:37:53,16,-16.0
2015-04-09 14:42:53,33,-33.0
2015-04-09 14:47:53,22,-22.0
2015-04-09 14:52:53,22,-22.0
2015-04-09 14:57:53,33,-33.0
2015-04-09 15:02:53,27,-27.0
2015-04-09 15:07:53,26,-26.0
2015-04-09 15:12:53,25,-25.0
2015-04-09 15:17:53,14,-14.0
2015-04-09 15:22:53,20,-20.0
2015-04-09 15:27:53,22,-22.0
2015-04-09 15:32:53,22,-22.0
2015-04-09 15:37:53,27,-27.0
2015-04-09 15:42:53,40,-40.0
2015-04-09 15:47:53,25,-25.0
2015-04-09 15:52:53,35,-35.0
2015-04-09 15:57:53,31,-31.0
2015-04-09 16:02:53,26,-26.0
2015-04-09 16:07:53,40,-40.0
2015-04-09 16:12:53,19,-19.0
2015-04-09 16:17:53,28,-28.0
2015-04-09 16:22:53,25,-25.0
2015-04-09 16:27:53,28,-28.0
2015-04-09 16:32:53,16,-16.0
2015-04-09 16:37:53,13,-13.0
2015-04-09 16:42:53,17,-17.0
2015-04-09 16:47:53,36,-36.0
2015-04-09 16:52:53,23,-23.0
2015-04-09 16:57:53,36,-36.0
2015-04-09 17:02:53,27,-27.0
2015-04-09 17:07:53,24,-24.0
2015-04-09 17:12:53,15,-15.0
2015-04-09 17:17:53,19,-19.0
2015-04-09 17:22:53,29,-29.0
2015-04-09 17:27:53,37,-37.0
2015-04-09 17:32:53,23,-23.0
2015-04-09 17:37:53,26,-26.0
2015-04-09 17:42:53,20,-20.0
2015-04-09 17:47:53,23,-23.0
2015-04-09 17:52:53,16,-16.0
2015-04-09 17:57:53,20,-20.0
2015-04-09 18:02:53,21,-21.0
2015-04-09 18:07:53,26,-26.0
2015-04-09 18:12:53,23,-23.0
2015-04-09 18:17:53,23,-23.0
2015-04-09 18:22:53,14,-14.0
2015-04-09 18:27:53,29,-29.0
2015-04-09 18:32:53,22,-22.0
2015-04-09 18:37:53,29,-29.0
2015-04-09 18:42:53,26,-26.0
2015-04-09 18:47:53,39,-39.0
2015-04-09 18:52:53,22,-22.0
2015-04-09 18:57:53,25,-25.0
2015-04-09 19:02:53,33,-33.0
2015-04-09 19:07:53,28,-28.0
2015-04-09 19:12:53,15,-15.0
2015-04-09 19:17:53,23,-23.0
2015-04-09 19:22:53,17,-17.0
2015-04-09 19:27:53,21,-21.0
2015-04-09 19:32:53,23,-23.0
2015-04-09 19:37:53,18,-18.0
2015-04-09 19:42:53,13,-13.0
2015-04-09 19:47:53,17,-17.0
2015-04-09 19:52:53,21,-21.0
2015-04-09 19:57:53,25,-25.0
2015-04-09 20:02:53,51,-51.0
2015-04-09 20:07:53,39,-39.0
2015-04-09 20:12:53,45,-45.0
2015-04-09 20:17:53,22,-22.0
2015-04-09 20:22:53,27,-27.0
2015-04-09 20:27:53,19,-19.0
2015-04-09 20:32:53,32,-32.0
2015-04-09 20:37:53,22,-22.0
2015-04-09 20:42:53,27,-27.0
2015-04-09 20:47:53,20,-20.0
2015-04-09 20:52:53,23,-23.0
2015-04-09 20:57:53,24,-24.0
2015-04-09 21:02:53,12,-12.0
2015-04-09 21:07:53,17,-17.0
2015-04-09 21:12:53,26,-26.0
2015-04-09 21:17:53,8,-8.0
2015-04-09 21:22:53,20,-20.0
2015-04-09 21:27:53,28,-28.0
2015-04-09 21:32:53,33,-33.0
2015-04-09 21:37:53,46,-46.0
2015-04-09 21:42:53,20,-20.0
2015-04-09 21:47:53,14,-14.0
2015-04-09 21:52:53,11,-11.0
2015-04-09 21:57:53,16,-16.0
2015-04-09 22:02:53,24,-24.0
2015-04-09 22:07:53,32,-32.0
2015-04-09 22:12:53,44,-44.0
2015-04-09 22:17:53,24,-24.0
2015-04-09 22:22:53,22,-22.0
2015-04-09 22:27:53,14,-14.0
2015-04-09 22:32:53,22,-22.0
2015-04-09 22:37:53,22,-22.0
2015-04-09 22:42:53,19,-19.0
2015-04-09 22:47:53,22,-22.0
2015-04-09 22:52:53,17,-17.0
2015-04-09 22:57:53,15,-15.0
2015-04-09 23:02:53,17,-17.0
2015-04-09 23:07:53,20,-20.0
2015-04-09 23:12:53,8,-8.0
2015-04-09 23:17:53,24,-24.0
2015-04-09 23:22:53,26,-26.0
2015-04-09 23:27:53,15,-15.0
2015-04-09 23:32:53,15,-15.0
2015-04-09 23:37:53,12,-12.0
2015-04-09 23:42:53,12,-12.0
2015-04-09 23:47:53,8,-8.0
2015-04-09 23:52:53,14,-14.0
2015-04-09 23:57:53,17,-17.0
2015-04-10 00:02:53,18,-18.0
2015-04-10 00:07:53,36,-36.0
2015-04-10 00:12:53,21,-21.0
2015-04-10 00:17:53,18,-18.0
2015-04-10 00:22:53,25,-25.0
2015-04-10 00:27:53,21,-21.0
2015-04-10 00:32:53,23,-23.0
2015-04-10 00:37:53,21,-21.0
2015-04-10 00:42:53,17,-17.0
2015-04-10 00:47:53,15,-15.0
2015-04-10 00:52:53,13,-13.0
2015-04-10 00:57:53,23,-23.0
2015-04-10 01:02:53,9,-9.0
2015-04-10 01:07:53,9,-9.0
2015-04-10 01:12:53,16,-16.0
2015-04-10 01:17:53,16,-16.0
2015-04-10 01:22:53,8,-8.0
2015-04-10 01:27:53,18,-18.0
2015-04-10 01:32:53,15,-15.0
2015-04-10 01:37:53,19,-19.0
2015-04-10 01:42:53,14,-14.0
2015-04-10 01:47:53,13,-13.0
2015-04-10 01:52:53,15,-15.0
2015-04-10 01:57:53,15,-15.0
2015-04-10 02:02:53,13,-13.0
2015-04-10 02:07:53,12,-12.0
2015-04-10 02:12:53,10,-10.0
2015-04-10 02:17:53,8,-8.0
2015-04-10 02:22:53,11,-11.0
2015-04-10 02:27:53,18,-18.0
2015-04-10 02:32:53,20,-20.0
2015-04-10 02:37:53,16,-16.0
2015-04-10 02:42:53,20,-20.0
2015-04-10 02:47:53,14,-14.0
2015-04-10 02:52:53,18,-18.0
2015-04-10 02:57:53,23,-23.0
2015-04-10 03:02:53,29,-29.0
2015-04-10 03:07:53,13,-13.0
2015-04-10 03:12:53,10,-10.0
2015-04-10 03:17:53,7,-7.0
2015-04-10 03:22:53,5,-5.0
2015-04-10 03:27:53,12,-12.0
2015-04-10 03:32:53,11,-11.0
2015-04-10 03:37:53,14,-14.0
2015-04-10 03:42:53,15,-15.0
2015-04-10 03:47:53,4,-4.0
2015-04-10 03:52:53,3,-3.0
2015-04-10 03:57:53,26,-26.0
2015-04-10 04:02:53,11,-11.0
2015-04-10 04:07:53,11,-11.0
2015-04-10 04:12:53,11,-11.0
2015-04-10 04:17:53,6,-6.0
2015-04-10 04:22:53,11,-11.0
2015-04-10 04:27:53,8,-8.0
2015-04-10 04:32:53,23,-23.0
2015-04-10 04:37:53,13,-13.0
2015-04-10 04:42:53,20,-20.0
2015-04-10 04:47:53,11,-11.0
2015-04-10 04:52:53,5,-5.0
2015-04-10 04:57:53,13,-13.0
2015-04-10 05:02:53,5,-5.0
2015-04-10 05:07:53,8,-8.0
2015-04-10 05:12:53,46,-46.0
2015-04-10 05:17:53,34,-34.0
2015-04-10 05:22:53,38,-38.0
2015-04-10 05:27:53,18,-18.0
2015-04-10 05:32:53,32,-32.0
2015-04-10 05:37:53,18,-18.0
2015-04-10 05:42:53,15,-15.0
2015-04-10 05:47:53,23,-23.0
2015-04-10 05:52:53,23,-23.0
2015-04-10 05:57:53,12,-12.0
2015-04-10 06:02:53,11,-11.0
2015-04-10 06:07:53,21,-21.0
2015-04-10 06:12:53,16,-16.0
2015-04-10 06:17:53,7,-7.0
2015-04-10 06:22:53,11,-11.0
2015-04-10 06:27:53,9,-9.0
2015-04-10 06:32:53,8,-8.0
2015-04-10 06:37:53,10,-10.0
2015-04-10 06:42:53,13,-13.0
2015-04-10 06:47:53,10,-10.0
2015-04-10 06:52:53,7,-7.0
2015-04-10 06:57:53,10,-10.0
2015-04-10 07:02:53,35,-35.0
2015-04-10 07:07:53,17,-17.0
2015-04-10 07:12:53,22,-22.0
2015-04-10 07:17:53,12,-12.0
2015-04-10 07:22:53,18,-18.0
2015-04-10 07:27:53,15,-15.0
2015-04-10 07:32:53,11,-11.0
2015-04-10 07:37:53,14,-14.0
2015-04-10 07:42:53,11,-11.0
2015-04-10 07:47:53,5,-5.0
2015-04-10 07:52:53,16,-16.0
2015-04-10 07:57:53,17,-17.0
2015-04-10 08:02:53,19,-19.0
2015-04-10 08:07:53,20,-20.0
2015-04-10 08:12:53,14,-14.0
2015-04-10 08:17:53,13,-13.0
2015-04-10 08:22:53,9,-9.0
2015-04-10 08:27:53,7,-7.0
2015-04-10 08:32:53,8,-8.0
2015-04-10 08:37:53,15,-15.0
2015-04-10 08:42:53,12,-12.0
2015-04-10 08:47:53,16,-16.0
2015-04-10 08:52:53,14,-14.0
2015-04-10 08:57:53,17,-17.0
2015-04-10 09:02:53,22,-22.0
2015-04-10 09:07:53,23,-23.0
2015-04-10 09:12:53,13,-13.0
2015-04-10 09:17:53,16,-16.0
2015-04-10 09:22:53,12,-12.0
2015-04-10 09:27:53,25,-25.0
2015-04-10 09:32:53,35,-35.0
2015-04-10 09:37:53,23,-23.0
2015-04-10 09:42:53,24,-24.0
2015-04-10 09:47:53,32,-32.0
2015-04-10 09:52:53,16,-16.0
2015-04-10 09:57:53,29,-29.0
2015-04-10 10:02:53,22,-22.0
2015-04-10 10:07:53,12,-12.0
2015-04-10 10:12:53,16,-16.0
2015-04-10 10:17:53,9,-9.0
2015-04-10 10:22:53,3,-3.0
2015-04-10 10:27:53,12,-12.0
2015-04-10 10:32:53,14,-14.0
2015-04-10 10:37:53,33,-33.0
2015-04-10 10:42:53,13,-13.0
2015-04-10 10:47:53,14,-14.0
2015-04-10 10:52:53,12,-12.0
2015-04-10 10:57:53,20,-20.0
2015-04-10 11:02:53,22,-22.0
2015-04-10 11:07:53,15,-15.0
2015-04-10 11:12:53,17,-17.0
2015-04-10 11:17:53,11,-11.0
2015-04-10 11:22:53,12,-12.0
2015-04-10 11:27:53,16,-16.0
2015-04-10 11:32:53,15,-15.0
2015-04-10 11:37:53,12,-12.0
2015-04-10 11:42:53,16,-16.0
2015-04-10 11:47:53,11,-11.0
2015-04-10 11:52:53,13,-13.0
2015-04-10 11:57:53,18,-18.0
2015-04-10 12:02:53,19,-19.0
2015-04-10 12:07:53,15,-15.0
2015-04-10 12:12:53,17,-17.0
2015-04-10 12:17:53,9,-9.0
2015-04-10 12:22:53,16,-16.0
2015-04-10 12:27:53,15,-15.0
2015-04-10 12:32:53,19,-19.0
2015-04-10 12:37:53,18,-18.0
2015-04-10 12:42:53,19,-19.0
2015-04-10 12:47:53,13,-13.0
2015-04-10 12:52:53,18,-18.0
2015-04-10 12:57:53,20,-20.0
2015-04-10 13:02:53,13,-13.0
2015-04-10 13:07:53,17,-17.0
2015-04-10 13:12:53,14,-14.0
2015-04-10 13:17:53,20,-20.0
2015-04-10 13:22:53,19,-19.0
2015-04-10 13:27:53,25,-25.0
2015-04-10 13:32:53,11,-11.0
2015-04-10 13:37:53,16,-16.0
2015-04-10 13:42:53,18,-18.0
2015-04-10 13:47:53,26,-26.0
2015-04-10 13:52:53,10,-10.0
2015-04-10 13:57:53,17,-17.0
2015-04-10 14:02:53,34,-34.0
2015-04-10 14:07:53,29,-29.0
2015-04-10 14:12:53,24,-24.0
2015-04-10 14:17:53,11,-11.0
2015-04-10 14:22:53,18,-18.0
2015-04-10 14:27:53,12,-12.0
2015-04-10 14:32:53,9,-9.0
2015-04-10 14:37:53,18,-18.0
2015-04-10 14:42:53,21,-21.0
2015-04-10 14:47:53,19,-19.0
2015-04-10 14:52:53,19,-19.0
2015-04-10 14:57:53,28,-28.0
2015-04-10 15:02:53,27,-27.0
2015-04-10 15:07:53,18,-18.0
2015-04-10 15:12:53,27,-27.0
2015-04-10 15:17:53,18,-18.0
2015-04-10 15:22:53,20,-20.0
2015-04-10 15:27:53,18,-18.0
2015-04-10 15:32:53,21,-21.0
2015-04-10 15:37:53,17,-17.0
2015-04-10 15:42:53,23,-23.0
2015-04-10 15:47:53,28,-28.0
2015-04-10 15:52:53,18,-18.0
2015-04-10 15:57:53,29,-29.0
2015-04-10 16:02:53,18,-18.0
2015-04-10 16:07:53,19,-19.0
2015-04-10 16:12:53,25,-25.0
2015-04-10 16:17:53,10,-10.0
2015-04-10 16:22:53,20,-20.0
2015-04-10 16:27:53,26,-26.0
2015-04-10 16:32:53,16,-16.0
2015-04-10 16:37:53,12,-12.0
2015-04-10 16:42:53,14,-14.0
2015-04-10 16:47:53,18,-18.0
2015-04-10 16:52:53,20,-20.0
2015-04-10 16:57:53,24,-24.0
2015-04-10 17:02:53,17,-17.0
2015-04-10 17:07:53,30,-30.0
2015-04-10 17:12:53,19,-19.0
2015-04-10 17:17:53,11,-11.0
2015-04-10 17:22:53,18,-18.0
2015-04-10 17:27:53,18,-18.0
2015-04-10 17:32:53,16,-16.0
2015-04-10 17:37:53,19,-19.0
2015-04-10 17:42:53,17,-17.0
2015-04-10 17:47:53,11,-11.0
2015-04-10 17:52:53,20,-20.0
2015-04-10 17:57:53,21,-21.0
2015-04-10 18:02:53,23,-23.0
2015-04-10 18:07:53,31,-31.0
2015-04-10 18:12:53,28,-28.0
2015-04-10 18:17:53,35,-35.0
2015-04-10 18:22:53,52,-52.0
2015-04-10 18:27:53,25,-25.0
2015-04-10 18:32:53,16,-16.0
2015-04-10 18:37:53,18,-18.0
2015-04-10 18:42:53,15,-15.0
2015-04-10 18:47:53,18,-18.0
2015-04-10 18:52:53,18,-18.0
2015-04-10 18:57:53,35,-35.0
2015-04-10 19:02:53,30,-30.0
2015-04-10 19:07:53,17,-17.0
2015-04-10 19:12:53,26,-26.0
2015-04-10 19:17:53,13,-13.0
2015-04-10 19:22:53,21,-21.0
2015-04-10 19:27:53,33,-33.0
2015-04-10 19:32:53,26,-26.0
2015-04-10 19:37:53,17,-17.0
2015-04-10 19:42:53,21,-21.0
2015-04-10 19:47:53,13,-13.0
2015-04-10 19:52:53,14,-14.0
2015-04-10 19:57:53,33,-33.0
2015-04-10 20:02:53,48,-48.0
2015-04-10 20:07:53,31,-31.0
2015-04-10 20:12:53,19,-19.0
2015-04-10 20:17:53,20,-20.0
2015-04-10 20:22:53,14,-14.0
2015-04-10 20:27:53,19,-19.0
2015-04-10 20:32:53,11,-11.0
2015-04-10 20:37:53,12,-12.0
2015-04-10 20:42:53,25,-25.0
2015-04-10 20:47:53,25,-25.0
2015-04-10 20:52:53,21,-21.0
2015-04-10 20:57:53,21,-21.0
2015-04-10 21:02:53,26,-26.0
2015-04-10 21:07:53,17,-17.0
2015-04-10 21:12:53,10,-10.0
2015-04-10 21:17:53,16,-16.0
2015-04-10 21:22:53,17,-17.0
2015-04-10 21:27:53,14,-14.0
2015-04-10 21:32:53,16,-16.0
2015-04-10 21:37:53,7,-7.0
2015-04-10 21:42:53,21,-21.0
2015-04-10 21:47:53,30,-30.0
2015-04-10 21:52:53,23,-23.0
2015-04-10 21:57:53,24,-24.0
2015-04-10 22:02:53,18,-18.0
2015-04-10 22:07:53,17,-17.0
2015-04-10 22:12:53,15,-15.0
2015-04-10 22:17:53,17,-17.0
2015-04-10 22:22:53,15,-15.0
2015-04-10 22:27:53,24,-24.0
2015-04-10 22:32:53,22,-22.0
2015-04-10 22:37:53,16,-16.0
2015-04-10 22:42:53,20,-20.0
2015-04-10 22:47:53,15,-15.0
2015-04-10 22:52:53,16,-16.0
2015-04-10 22:57:53,26,-26.0
2015-04-10 23:02:53,21,-21.0
2015-04-10 23:07:53,19,-19.0
2015-04-10 23:12:53,14,-14.0
2015-04-10 23:17:53,26,-26.0
2015-04-10 23:22:53,17,-17.0
2015-04-10 23:27:53,15,-15.0
2015-04-10 23:32:53,13,-13.0
2015-04-10 23:37:53,10,-10.0
2015-04-10 23:42:53,10,-10.0
2015-04-10 23:47:53,13,-13.0
2015-04-10 23:52:53,9,-9.0
2015-04-10 23:57:53,10,-10.0
2015-04-11 00:02:53,8,-8.0
2015-04-11 00:07:53,8,-8.0
2015-04-11 00:12:53,13,-13.0
2015-04-11 00:17:53,8,-8.0
2015-04-11 00:22:53,14,-14.0
2015-04-11 00:27:53,11,-11.0
2015-04-11 00:32:53,18,-18.0
2015-04-11 00:37:53,6,-6.0
2015-04-11 00:42:53,12,-12.0
2015-04-11 00:47:53,9,-9.0
2015-04-11 00:52:53,19,-19.0
2015-04-11 00:57:53,18,-18.0
2015-04-11 01:02:53,11,-11.0
2015-04-11 01:07:53,9,-9.0
2015-04-11 01:12:53,9,-9.0
2015-04-11 01:17:53,5,-5.0
2015-04-11 01:22:53,6,-6.0
2015-04-11 01:27:53,8,-8.0
2015-04-11 01:32:53,9,-9.0
2015-04-11 01:37:53,7,-7.0
2015-04-11 01:42:53,16,-16.0
2015-04-11 01:47:53,11,-11.0
2015-04-11 01:52:53,4,-4.0
2015-04-11 01:57:53,11,-11.0
2015-04-11 02:02:53,25,-25.0
2015-04-11 02:07:53,9,-9.0
2015-04-11 02:12:53,4,-4.0
2015-04-11 02:17:53,8,-8.0
2015-04-11 02:22:53,13,-13.0
2015-04-11 02:27:53,8,-8.0
2015-04-11 02:32:53,6,-6.0
2015-04-11 02:37:53,10,-10.0
2015-04-11 02:42:53,15,-15.0
2015-04-11 02:47:53,14,-14.0
2015-04-11 02:52:53,4,-4.0
2015-04-11 02:57:53,8,-8.0
2015-04-11 03:02:53,7,-7.0
2015-04-11 03:07:53,8,-8.0
2015-04-11 03:12:53,14,-14.0
2015-04-11 03:17:53,16,-16.0
2015-04-11 03:22:53,12,-12.0
2015-04-11 03:27:53,9,-9.0
2015-04-11 03:32:53,15,-15.0
2015-04-11 03:37:53,8,-8.0
2015-04-11 03:42:53,3,-3.0
2015-04-11 03:47:53,5,-5.0
2015-04-11 03:52:53,6,-6.0
2015-04-11 03:57:53,10,-10.0
2015-04-11 04:02:53,16,-16.0
2015-04-11 04:07:53,14,-14.0
2015-04-11 04:12:53,12,-12.0
2015-04-11 04:17:53,7,-7.0
2015-04-11 04:22:53,9,-9.0
2015-04-11 04:27:53,8,-8.0
2015-04-11 04:32:53,4,-4.0
2015-04-11 04:37:53,7,-7.0
2015-04-11 04:42:53,4,-4.0
2015-04-11 04:47:53,10,-10.0
2015-04-11 04:52:53,9,-9.0
2015-04-11 04:57:53,5,-5.0
2015-04-11 05:02:53,10,-10.0
2015-04-11 05:07:53,8,-8.0
2015-04-11 05:12:53,10,-10.0
2015-04-11 05:17:53,16,-16.0
2015-04-11 05:22:53,4,-4.0
2015-04-11 05:27:53,3,-3.0
2015-04-11 05:32:53,5,-5.0
2015-04-11 05:37:53,10,-10.0
2015-04-11 05:42:53,16,-16.0
2015-04-11 05:47:53,4,-4.0
2015-04-11 05:52:53,5,-5.0
2015-04-11 05:57:53,8,-8.0
2015-04-11 06:02:53,8,-8.0
2015-04-11 06:07:53,10,-10.0
2015-04-11 06:12:53,4,-4.0
2015-04-11 06:17:53,6,-6.0
2015-04-11 06:22:53,8,-8.0
2015-04-11 06:27:53,4,-4.0
2015-04-11 06:32:53,5,-5.0
2015-04-11 06:37:53,3,-3.0
2015-04-11 06:42:53,14,-14.0
2015-04-11 06:47:53,9,-9.0
2015-04-11 06:52:53,3,-3.0
2015-04-11 06:57:53,5,-5.0
2015-04-11 07:02:53,5,-5.0
2015-04-11 07:07:53,5,-5.0
2015-04-11 07:12:53,5,-5.0
2015-04-11 07:17:53,13,-13.0
2015-04-11 07:22:53,2,-2.0
2015-04-11 07:27:53,7,-7.0
2015-04-11 07:32:53,13,-13.0
2015-04-11 07:37:53,4,-4.0
2015-04-11 07:42:53,12,-12.0
2015-04-11 07:47:53,10,-10.0
2015-04-11 07:52:53,10,-10.0
2015-04-11 07:57:53,3,-3.0
2015-04-11 08:02:53,13,-13.0
2015-04-11 08:07:53,10,-10.0
2015-04-11 08:12:53,6,-6.0
2015-04-11 08:17:53,6,-6.0
2015-04-11 08:22:53,3,-3.0
2015-04-11 08:27:53,9,-9.0
2015-04-11 08:32:53,4,-4.0
2015-04-11 08:37:53,16,-16.0
2015-04-11 08:42:53,8,-8.0
2015-04-11 08:47:53,5,-5.0
2015-04-11 08:52:53,11,-11.0
2015-04-11 08:57:53,18,-18.0
2015-04-11 09:02:53,8,-8.0
2015-04-11 09:07:53,12,-12.0
2015-04-11 09:12:53,13,-13.0
2015-04-11 09:17:53,11,-11.0
2015-04-11 09:22:53,9,-9.0
2015-04-11 09:27:53,2,-2.0
2015-04-11 09:32:53,6,-6.0
2015-04-11 09:37:53,8,-8.0
2015-04-11 09:42:53,3,-3.0
2015-04-11 09:47:53,4,-4.0
2015-04-11 09:52:53,10,-10.0
2015-04-11 09:57:53,5,-5.0
2015-04-11 10:02:53,5,-5.0
2015-04-11 10:07:53,10,-10.0
2015-04-11 10:12:53,4,-4.0
2015-04-11 10:17:53,10,-10.0
2015-04-11 10:22:53,6,-6.0
2015-04-11 10:27:53,8,-8.0
2015-04-11 10:32:53,8,-8.0
2015-04-11 10:37:53,14,-14.0
2015-04-11 10:42:53,6,-6.0
2015-04-11 10:47:53,8,-8.0
2015-04-11 10:52:53,15,-15.0
2015-04-11 10:57:53,7,-7.0
2015-04-11 11:02:53,8,-8.0
2015-04-11 11:07:53,11,-11.0
2015-04-11 11:12:53,8,-8.0
2015-04-11 11:17:53,7,-7.0
2015-04-11 11:22:53,5,-5.0
2015-04-11 11:27:53,13,-13.0
2015-04-11 11:32:53,27,-27.0
2015-04-11 11:37:53,17,-17.0
2015-04-11 11:42:53,9,-9.0
2015-04-11 11:47:53,4,-4.0
2015-04-11 11:52:53,25,-25.0
2015-04-11 11:57:53,21,-21.0
2015-04-11 12:02:53,13,-13.0
2015-04-11 12:07:53,14,-14.0
2015-04-11 12:12:53,8,-8.0
2015-04-11 12:17:53,8,-8.0
2015-04-11 12:22:53,19,-19.0
2015-04-11 12:27:53,7,-7.0
2015-04-11 12:32:53,8,-8.0
2015-04-11 12:37:53,16,-16.0
2015-04-11 12:42:53,10,-10.0
2015-04-11 12:47:53,7,-7.0
2015-04-11 12:52:53,12,-12.0
2015-04-11 12:57:53,13,-13.0
2015-04-11 13:02:53,13,-13.0
2015-04-11 13:07:53,13,-13.0
2015-04-11 13:12:53,12,-12.0
2015-04-11 13:17:53,12,-12.0
2015-04-11 13:22:53,8,-8.0
2015-04-11 13:27:53,9,-9.0
2015-04-11 13:32:53,5,-5.0
2015-04-11 13:37:53,11,-11.0
2015-04-11 13:42:53,11,-11.0
2015-04-11 13:47:53,12,-12.0
2015-04-11 13:52:53,15,-15.0
2015-04-11 13:57:53,14,-14.0
2015-04-11 14:02:53,14,-14.0
2015-04-11 14:07:53,12,-12.0
2015-04-11 14:12:53,12,-12.0
2015-04-11 14:17:53,13,-13.0
2015-04-11 14:22:53,12,-12.0
2015-04-11 14:27:53,18,-18.0
2015-04-11 14:32:53,14,-14.0
2015-04-11 14:37:53,17,-17.0
2015-04-11 14:42:53,14,-14.0
2015-04-11 14:47:53,16,-16.0
2015-04-11 14:52:53,10,-10.0
2015-04-11 14:57:53,14,-14.0
2015-04-11 15:02:53,19,-19.0
2015-04-11 15:07:53,15,-15.0
2015-04-11 15:12:53,8,-8.0
2015-04-11 15:17:53,10,-10.0
2015-04-11 15:22:53,10,-10.0
2015-04-11 15:27:53,10,-10.0
2015-04-11 15:32:53,13,-13.0
2015-04-11 15:37:53,8,-8.0
2015-04-11 15:42:53,16,-16.0
2015-04-11 15:47:53,13,-13.0
2015-04-11 15:52:53,15,-15.0
2015-04-11 15:57:53,11,-11.0
2015-04-11 16:02:53,6,-6.0
2015-04-11 16:07:53,10,-10.0
2015-04-11 16:12:53,13,-13.0
2015-04-11 16:17:53,13,-13.0
2015-04-11 16:22:53,12,-12.0
2015-04-11 16:27:53,8,-8.0
2015-04-11 16:32:53,9,-9.0
2015-04-11 16:37:53,6,-6.0
2015-04-11 16:42:53,14,-14.0
2015-04-11 16:47:53,9,-9.0
2015-04-11 16:52:53,6,-6.0
2015-04-11 16:57:53,10,-10.0
2015-04-11 17:02:53,17,-17.0
2015-04-11 17:07:53,10,-10.0
2015-04-11 17:12:53,23,-23.0
2015-04-11 17:17:53,3,-3.0
2015-04-11 17:22:53,8,-8.0
2015-04-11 17:27:53,11,-11.0
2015-04-11 17:32:53,15,-15.0
2015-04-11 17:37:53,9,-9.0
2015-04-11 17:42:53,10,-10.0
2015-04-11 17:47:53,12,-12.0
2015-04-11 17:52:53,12,-12.0
2015-04-11 17:57:53,15,-15.0
2015-04-11 18:02:53,17,-17.0
2015-04-11 18:07:53,17,-17.0
2015-04-11 18:12:53,12,-12.0
2015-04-11 18:17:53,11,-11.0
2015-04-11 18:22:53,11,-11.0
2015-04-11 18:27:53,20,-20.0
2015-04-11 18:32:53,21,-21.0
2015-04-11 18:37:53,8,-8.0
2015-04-11 18:42:53,13,-13.0
2015-04-11 18:47:53,14,-14.0
2015-04-11 18:52:53,8,-8.0
2015-04-11 18:57:53,13,-13.0
2015-04-11 19:02:53,16,-16.0
2015-04-11 19:07:53,4,-4.0
2015-04-11 19:12:53,22,-22.0
2015-04-11 19:17:53,20,-20.0
2015-04-11 19:22:53,19,-19.0
2015-04-11 19:27:53,14,-14.0
2015-04-11 19:32:53,9,-9.0
2015-04-11 19:37:53,5,-5.0
2015-04-11 19:42:53,3,-3.0
2015-04-11 19:47:53,33,-33.0
2015-04-11 19:52:53,23,-23.0
2015-04-11 19:57:53,24,-24.0
2015-04-11 20:02:53,15,-15.0
2015-04-11 20:07:53,8,-8.0
2015-04-11 20:12:53,13,-13.0
2015-04-11 20:17:53,12,-12.0
2015-04-11 20:22:53,11,-11.0
2015-04-11 20:27:53,17,-17.0
2015-04-11 20:32:53,9,-9.0
2015-04-11 20:37:53,7,-7.0
2015-04-11 20:42:53,6,-6.0
2015-04-11 20:47:53,12,-12.0
2015-04-11 20:52:53,7,-7.0
2015-04-11 20:57:53,28,-28.0
2015-04-11 21:02:53,10,-10.0
2015-04-11 21:07:53,25,-25.0
2015-04-11 21:12:53,12,-12.0
2015-04-11 21:17:53,19,-19.0
2015-04-11 21:22:53,8,-8.0
2015-04-11 21:27:53,10,-10.0
2015-04-11 21:32:53,8,-8.0
2015-04-11 21:37:53,15,-15.0
2015-04-11 21:42:53,7,-7.0
2015-04-11 21:47:53,7,-7.0
2015-04-11 21:52:53,10,-10.0
2015-04-11 21:57:53,13,-13.0
2015-04-11 22:02:53,2,-2.0
2015-04-11 22:07:53,7,-7.0
2015-04-11 22:12:53,7,-7.0
2015-04-11 22:17:53,17,-17.0
2015-04-11 22:22:53,5,-5.0
2015-04-11 22:27:53,11,-11.0
2015-04-11 22:32:53,25,-25.0
2015-04-11 22:37:53,19,-19.0
2015-04-11 22:42:53,6,-6.0
2015-04-11 22:47:53,9,-9.0
2015-04-11 22:52:53,6,-6.0
2015-04-11 22:57:53,7,-7.0
2015-04-11 23:02:53,9,-9.0
2015-04-11 23:07:53,3,-3.0
2015-04-11 23:12:53,6,-6.0
2015-04-11 23:17:53,14,-14.0
2015-04-11 23:22:53,5,-5.0
2015-04-11 23:27:53,12,-12.0
2015-04-11 23:32:53,8,-8.0
2015-04-11 23:37:53,8,-8.0
2015-04-11 23:42:53,5,-5.0
2015-04-11 23:47:53,8,-8.0
2015-04-11 23:52:53,2,-2.0
2015-04-11 23:57:53,9,-9.0
2015-04-12 00:02:53,7,-7.0
2015-04-12 00:07:53,16,-16.0
2015-04-12 00:12:53,12,-12.0
2015-04-12 00:17:53,10,-10.0
2015-04-12 00:22:53,8,-8.0
2015-04-12 00:27:53,11,-11.0
2015-04-12 00:32:53,12,-12.0
2015-04-12 00:37:53,13,-13.0
2015-04-12 00:42:53,8,-8.0
2015-04-12 00:47:53,17,-17.0
2015-04-12 00:52:53,14,-14.0
2015-04-12 00:57:53,10,-10.0
2015-04-12 01:02:53,7,-7.0
2015-04-12 01:07:53,4,-4.0
2015-04-12 01:12:53,14,-14.0
2015-04-12 01:17:53,7,-7.0
2015-04-12 01:22:53,5,-5.0
2015-04-12 01:27:53,7,-7.0
2015-04-12 01:32:53,9,-9.0
2015-04-12 01:37:53,5,-5.0
2015-04-12 01:42:53,7,-7.0
2015-04-12 01:47:53,2,-2.0
2015-04-12 01:52:53,11,-11.0
2015-04-12 01:57:53,15,-15.0
2015-04-12 02:02:53,7,-7.0
2015-04-12 02:07:53,1,-1.0
2015-04-12 02:12:53,3,-3.0
2015-04-12 02:17:53,8,-8.0
2015-04-12 02:22:53,1,-1.0
2015-04-12 02:27:53,12,-12.0
2015-04-12 02:32:53,1,-1.0
2015-04-12 02:37:53,9,-9.0
2015-04-12 02:42:53,27,-27.0
2015-04-12 02:47:53,4,-4.0
2015-04-12 02:52:53,5,-5.0
2015-04-12 02:57:53,6,-6.0
2015-04-12 03:02:53,4,-4.0
2015-04-12 03:07:53,10,-10.0
2015-04-12 03:12:53,8,-8.0
2015-04-12 03:17:53,7,-7.0
2015-04-12 03:22:53,6,-6.0
2015-04-12 03:27:53,12,-12.0
2015-04-12 03:32:53,6,-6.0
2015-04-12 03:37:53,4,-4.0
2015-04-12 03:42:53,11,-11.0
2015-04-12 03:47:53,3,-3.0
2015-04-12 03:52:53,6,-6.0
2015-04-12 03:57:53,10,-10.0
2015-04-12 04:02:53,8,-8.0
2015-04-12 04:07:53,4,-4.0
2015-04-12 04:12:53,6,-6.0
2015-04-12 04:17:53,9,-9.0
2015-04-12 04:22:53,3,-3.0
2015-04-12 04:27:53,9,-9.0
2015-04-12 04:32:53,6,-6.0
2015-04-12 04:37:53,7,-7.0
2015-04-12 04:42:53,11,-11.0
2015-04-12 04:47:53,14,-14.0
2015-04-12 04:52:53,7,-7.0
2015-04-12 04:57:53,7,-7.0
2015-04-12 05:02:53,22,-22.0
2015-04-12 05:07:53,13,-13.0
2015-04-12 05:12:53,12,-12.0
2015-04-12 05:17:53,13,-13.0
2015-04-12 05:22:53,15,-15.0
2015-04-12 05:27:53,11,-11.0
2015-04-12 05:32:53,11,-11.0
2015-04-12 05:37:53,10,-10.0
2015-04-12 05:42:53,8,-8.0
2015-04-12 05:47:53,12,-12.0
2015-04-12 05:52:53,17,-17.0
2015-04-12 05:57:53,15,-15.0
2015-04-12 06:02:53,4,-4.0
2015-04-12 06:07:53,31,-31.0
2015-04-12 06:12:53,11,-11.0
2015-04-12 06:17:53,6,-6.0
2015-04-12 06:22:53,6,-6.0
2015-04-12 06:27:53,8,-8.0
2015-04-12 06:32:53,7,-7.0
2015-04-12 06:37:53,12,-12.0
2015-04-12 06:42:53,9,-9.0
2015-04-12 06:47:53,19,-19.0
2015-04-12 06:52:53,7,-7.0
2015-04-12 06:57:53,5,-5.0
2015-04-12 07:02:53,10,-10.0
2015-04-12 07:07:53,8,-8.0
2015-04-12 07:12:53,2,-2.0
2015-04-12 07:17:53,9,-9.0
2015-04-12 07:22:53,4,-4.0
2015-04-12 07:27:53,3,-3.0
2015-04-12 07:32:53,12,-12.0
2015-04-12 07:37:53,5,-5.0
2015-04-12 07:42:53,6,-6.0
2015-04-12 07:47:53,5,-5.0
2015-04-12 07:52:53,6,-6.0
2015-04-12 07:57:53,11,-11.0
2015-04-12 08:02:53,8,-8.0
2015-04-12 08:07:53,2,-2.0
2015-04-12 08:12:53,4,-4.0
2015-04-12 08:17:53,10,-10.0
2015-04-12 08:22:53,5,-5.0
2015-04-12 08:27:53,13,-13.0
2015-04-12 08:32:53,1,-1.0
2015-04-12 08:37:53,15,-15.0
2015-04-12 08:42:53,14,-14.0
2015-04-12 08:47:53,7,-7.0
2015-04-12 08:52:53,2,-2.0
2015-04-12 08:57:53,3,-3.0
2015-04-12 09:02:53,6,-6.0
2015-04-12 09:07:53,8,-8.0
2015-04-12 09:12:53,7,-7.0
2015-04-12 09:17:53,12,-12.0
2015-04-12 09:22:53,8,-8.0
2015-04-12 09:27:53,5,-5.0
2015-04-12 09:32:53,10,-10.0
2015-04-12 09:37:53,7,-7.0
2015-04-12 09:42:53,9,-9.0
2015-04-12 09:47:53,5,-5.0
2015-04-12 09:52:53,5,-5.0
2015-04-12 09:57:53,17,-17.0
2015-04-12 10:02:53,6,-6.0
2015-04-12 10:07:53,5,-5.0
2015-04-12 10:12:53,9,-9.0
2015-04-12 10:17:53,2,-2.0
2015-04-12 10:22:53,9,-9.0
2015-04-12 10:27:53,6,-6.0
2015-04-12 10:32:53,9,-9.0
2015-04-12 10:37:53,5,-5.0
2015-04-12 10:42:53,9,-9.0
2015-04-12 10:47:53,9,-9.0
2015-04-12 10:52:53,5,-5.0
2015-04-12 10:57:53,15,-15.0
2015-04-12 11:02:53,10,-10.0
2015-04-12 11:07:53,7,-7.0
2015-04-12 11:12:53,3,-3.0
2015-04-12 11:17:53,3,-3.0
2015-04-12 11:22:53,2,-2.0
2015-04-12 11:27:53,5,-5.0
2015-04-12 11:32:53,5,-5.0
2015-04-12 11:37:53,4,-4.0
2015-04-12 11:42:53,5,-5.0
2015-04-12 11:47:53,9,-9.0
2015-04-12 11:52:53,2,-2.0
2015-04-12 11:57:53,1,-1.0
2015-04-12 12:02:53,6,-6.0
2015-04-12 12:07:53,10,-10.0
2015-04-12 12:12:53,5,-5.0
2015-04-12 12:17:53,14,-14.0
2015-04-12 12:22:53,7,-7.0
2015-04-12 12:27:53,5,-5.0
2015-04-12 12:32:53,6,-6.0
2015-04-12 12:37:53,6,-6.0
2015-04-12 12:42:53,5,-5.0
2015-04-12 12:47:53,5,-5.0
2015-04-12 12:52:53,5,-5.0
2015-04-12 12:57:53,10,-10.0
2015-04-12 13:02:53,4,-4.0
2015-04-12 13:07:53,5,-5.0
2015-04-12 13:12:53,2,-2.0
2015-04-12 13:17:53,7,-7.0
2015-04-12 13:22:53,27,-27.0
2015-04-12 13:27:53,11,-11.0
2015-04-12 13:32:53,7,-7.0
2015-04-12 13:37:53,3,-3.0
2015-04-12 13:42:53,11,-11.0
2015-04-12 13:47:53,9,-9.0
2015-04-12 13:52:53,4,-4.0
2015-04-12 13:57:53,6,-6.0
2015-04-12 14:02:53,8,-8.0
2015-04-12 14:07:53,7,-7.0
2015-04-12 14:12:53,6,-6.0
2015-04-12 14:17:53,9,-9.0
2015-04-12 14:22:53,12,-12.0
2015-04-12 14:27:53,12,-12.0
2015-04-12 14:32:53,14,-14.0
2015-04-12 14:37:53,9,-9.0
2015-04-12 14:42:53,9,-9.0
2015-04-12 14:47:53,11,-11.0
2015-04-12 14:52:53,11,-11.0
2015-04-12 14:57:53,14,-14.0
2015-04-12 15:02:53,18,-18.0
2015-04-12 15:07:53,9,-9.0
2015-04-12 15:12:53,6,-6.0
2015-04-12 15:17:53,4,-4.0
2015-04-12 15:22:53,10,-10.0
2015-04-12 15:27:53,11,-11.0
2015-04-12 15:32:53,7,-7.0
2015-04-12 15:37:53,10,-10.0
2015-04-12 15:42:53,15,-15.0
2015-04-12 15:47:53,13,-13.0
2015-04-12 15:52:53,5,-5.0
2015-04-12 15:57:53,12,-12.0
2015-04-12 16:02:53,13,-13.0
2015-04-12 16:07:53,11,-11.0
2015-04-12 16:12:53,14,-14.0
2015-04-12 16:17:53,26,-26.0
2015-04-12 16:22:53,9,-9.0
2015-04-12 16:27:53,14,-14.0
2015-04-12 16:32:53,16,-16.0
2015-04-12 16:37:53,18,-18.0
2015-04-12 16:42:53,5,-5.0
2015-04-12 16:47:53,5,-5.0
2015-04-12 16:52:53,7,-7.0
2015-04-12 16:57:53,8,-8.0
2015-04-12 17:02:53,6,-6.0
2015-04-12 17:07:53,17,-17.0
2015-04-12 17:12:53,8,-8.0
2015-04-12 17:17:53,12,-12.0
2015-04-12 17:22:53,9,-9.0
2015-04-12 17:27:53,18,-18.0
2015-04-12 17:32:53,8,-8.0
2015-04-12 17:37:53,15,-15.0
2015-04-12 17:42:53,11,-11.0
2015-04-12 17:47:53,7,-7.0
2015-04-12 17:52:53,5,-5.0
2015-04-12 17:57:53,8,-8.0
2015-04-12 18:02:53,12,-12.0
2015-04-12 18:07:53,12,-12.0
2015-04-12 18:12:53,15,-15.0
2015-04-12 18:17:53,8,-8.0
2015-04-12 18:22:53,8,-8.0
2015-04-12 18:27:53,14,-14.0
2015-04-12 18:32:53,11,-11.0
2015-04-12 18:37:53,16,-16.0
2015-04-12 18:42:53,8,-8.0
2015-04-12 18:47:53,6,-6.0
2015-04-12 18:52:53,8,-8.0
2015-04-12 18:57:53,7,-7.0
2015-04-12 19:02:53,13,-13.0
2015-04-12 19:07:53,5,-5.0
2015-04-12 19:12:53,11,-11.0
2015-04-12 19:17:53,8,-8.0
2015-04-12 19:22:53,9,-9.0
2015-04-12 19:27:53,13,-13.0
2015-04-12 19:32:53,13,-13.0
2015-04-12 19:37:53,8,-8.0
2015-04-12 19:42:53,12,-12.0
2015-04-12 19:47:53,7,-7.0
2015-04-12 19:52:53,7,-7.0
2015-04-12 19:57:53,11,-11.0
2015-04-12 20:02:53,10,-10.0
2015-04-12 20:07:53,6,-6.0
2015-04-12 20:12:53,9,-9.0
2015-04-12 20:17:53,8,-8.0
2015-04-12 20:22:53,12,-12.0
2015-04-12 20:27:53,12,-12.0
2015-04-12 20:32:53,5,-5.0
2015-04-12 20:37:53,4,-4.0
2015-04-12 20:42:53,6,-6.0
2015-04-12 20:47:53,6,-6.0
2015-04-12 20:52:53,11,-11.0
2015-04-12 20:57:53,8,-8.0
2015-04-12 21:02:53,7,-7.0
2015-04-12 21:07:53,11,-11.0
2015-04-12 21:12:53,8,-8.0
2015-04-12 21:17:53,16,-16.0
2015-04-12 21:22:53,10,-10.0
2015-04-12 21:27:53,13,-13.0
2015-04-12 21:32:53,8,-8.0
2015-04-12 21:37:53,21,-21.0
2015-04-12 21:42:53,25,-25.0
2015-04-12 21:47:53,26,-26.0
2015-04-12 21:52:53,22,-22.0
2015-04-12 21:57:53,20,-20.0
2015-04-12 22:02:53,20,-20.0
2015-04-12 22:07:53,19,-19.0
2015-04-12 22:12:53,14,-14.0
2015-04-12 22:17:53,22,-22.0
2015-04-12 22:22:53,38,-38.0
2015-04-12 22:27:53,15,-15.0
2015-04-12 22:32:53,9,-9.0
2015-04-12 22:37:53,15,-15.0
2015-04-12 22:42:53,9,-9.0
2015-04-12 22:47:53,12,-12.0
2015-04-12 22:52:53,16,-16.0
2015-04-12 22:57:53,13,-13.0
2015-04-12 23:02:53,16,-16.0
2015-04-12 23:07:53,9,-9.0
2015-04-12 23:12:53,12,-12.0
2015-04-12 23:17:53,10,-10.0
2015-04-12 23:22:53,13,-13.0
2015-04-12 23:27:53,11,-11.0
2015-04-12 23:32:53,16,-16.0
2015-04-12 23:37:53,19,-19.0
2015-04-12 23:42:53,29,-29.0
2015-04-12 23:47:53,20,-20.0
2015-04-12 23:52:53,16,-16.0
2015-04-12 23:57:53,13,-13.0
2015-04-13 00:02:53,16,-16.0
2015-04-13 00:07:53,13,-13.0
2015-04-13 00:12:53,16,-16.0
2015-04-13 00:17:53,7,-7.0
2015-04-13 00:22:53,7,-7.0
2015-04-13 00:27:53,12,-12.0
2015-04-13 00:32:53,8,-8.0
2015-04-13 00:37:53,11,-11.0
2015-04-13 00:42:53,21,-21.0
2015-04-13 00:47:53,13,-13.0
2015-04-13 00:52:53,6,-6.0
2015-04-13 00:57:53,9,-9.0
2015-04-13 01:02:53,14,-14.0
2015-04-13 01:07:53,11,-11.0
2015-04-13 01:12:53,12,-12.0
2015-04-13 01:17:53,7,-7.0
2015-04-13 01:22:53,9,-9.0
2015-04-13 01:27:53,9,-9.0
2015-04-13 01:32:53,7,-7.0
2015-04-13 01:37:53,6,-6.0
2015-04-13 01:42:53,9,-9.0
2015-04-13 01:47:53,7,-7.0
2015-04-13 01:52:53,6,-6.0
2015-04-13 01:57:53,11,-11.0
2015-04-13 02:02:53,5,-5.0
2015-04-13 02:07:53,12,-12.0
2015-04-13 02:12:53,6,-6.0
2015-04-13 02:17:53,19,-19.0
2015-04-13 02:22:53,11,-11.0
2015-04-13 02:27:53,11,-11.0
2015-04-13 02:32:53,11,-11.0
2015-04-13 02:37:53,12,-12.0
2015-04-13 02:42:53,9,-9.0
2015-04-13 02:47:53,11,-11.0
2015-04-13 02:52:53,17,-17.0
2015-04-13 02:57:53,10,-10.0
2015-04-13 03:02:53,11,-11.0
2015-04-13 03:07:53,10,-10.0
2015-04-13 03:12:53,10,-10.0
2015-04-13 03:17:53,5,-5.0
2015-04-13 03:22:53,13,-13.0
2015-04-13 03:27:53,9,-9.0
2015-04-13 03:32:53,9,-9.0
2015-04-13 03:37:53,17,-17.0
2015-04-13 03:42:53,12,-12.0
2015-04-13 03:47:53,9,-9.0
2015-04-13 03:52:53,17,-17.0
2015-04-13 03:57:53,10,-10.0
2015-04-13 04:02:53,10,-10.0
2015-04-13 04:07:53,7,-7.0
2015-04-13 04:12:53,8,-8.0
2015-04-13 04:17:53,5,-5.0
2015-04-13 04:22:53,4,-4.0
2015-04-13 04:27:53,6,-6.0
2015-04-13 04:32:53,11,-11.0
2015-04-13 04:37:53,15,-15.0
2015-04-13 04:42:53,15,-15.0
2015-04-13 04:47:53,6,-6.0
2015-04-13 04:52:53,8,-8.0
2015-04-13 04:57:53,5,-5.0
2015-04-13 05:02:53,5,-5.0
2015-04-13 05:07:53,3,-3.0
2015-04-13 05:12:53,6,-6.0
2015-04-13 05:17:53,8,-8.0
2015-04-13 05:22:53,7,-7.0
2015-04-13 05:27:53,2,-2.0
2015-04-13 05:32:53,5,-5.0
2015-04-13 05:37:53,7,-7.0
2015-04-13 05:42:53,2,-2.0
2015-04-13 05:47:53,2,-2.0
2015-04-13 05:52:53,7,-7.0
2015-04-13 05:57:53,7,-7.0
2015-04-13 06:02:53,8,-8.0
2015-04-13 06:07:53,14,-14.0
2015-04-13 06:12:53,8,-8.0
2015-04-13 06:17:53,8,-8.0
2015-04-13 06:22:53,5,-5.0
2015-04-13 06:27:53,7,-7.0
2015-04-13 06:32:53,10,-10.0
2015-04-13 06:37:53,5,-5.0
2015-04-13 06:42:53,4,-4.0
2015-04-13 06:47:53,3,-3.0
2015-04-13 06:52:53,9,-9.0
2015-04-13 06:57:53,5,-5.0
2015-04-13 07:02:53,12,-12.0
2015-04-13 07:07:53,10,-10.0
2015-04-13 07:12:53,5,-5.0
2015-04-13 07:17:53,8,-8.0
2015-04-13 07:22:53,10,-10.0
2015-04-13 07:27:53,9,-9.0
2015-04-13 07:32:53,5,-5.0
2015-04-13 07:37:53,6,-6.0
2015-04-13 07:42:53,9,-9.0
2015-04-13 07:47:53,6,-6.0
2015-04-13 07:52:53,9,-9.0
2015-04-13 07:57:53,18,-18.0
2015-04-13 08:02:53,13,-13.0
2015-04-13 08:07:53,14,-14.0
2015-04-13 08:12:53,10,-10.0
2015-04-13 08:17:53,17,-17.0
2015-04-13 08:22:53,12,-12.0
2015-04-13 08:27:53,12,-12.0
2015-04-13 08:32:53,13,-13.0
2015-04-13 08:37:53,12,-12.0
2015-04-13 08:42:53,14,-14.0
2015-04-13 08:47:53,8,-8.0
2015-04-13 08:52:53,15,-15.0
2015-04-13 08:57:53,9,-9.0
2015-04-13 09:02:53,9,-9.0
2015-04-13 09:07:53,17,-17.0
2015-04-13 09:12:53,10,-10.0
2015-04-13 09:17:53,14,-14.0
2015-04-13 09:22:53,9,-9.0
2015-04-13 09:27:53,17,-17.0
2015-04-13 09:32:53,16,-16.0
2015-04-13 09:37:53,12,-12.0
2015-04-13 09:42:53,11,-11.0
2015-04-13 09:47:53,6,-6.0
2015-04-13 09:52:53,15,-15.0
2015-04-13 09:57:53,11,-11.0
2015-04-13 10:02:53,11,-11.0
2015-04-13 10:07:53,9,-9.0
2015-04-13 10:12:53,11,-11.0
2015-04-13 10:17:53,10,-10.0
2015-04-13 10:22:53,11,-11.0
2015-04-13 10:27:53,10,-10.0
2015-04-13 10:32:53,6,-6.0
2015-04-13 10:37:53,4,-4.0
2015-04-13 10:42:53,12,-12.0
2015-04-13 10:47:53,8,-8.0
2015-04-13 10:52:53,5,-5.0
2015-04-13 10:57:53,13,-13.0
2015-04-13 11:02:53,12,-12.0
2015-04-13 11:07:53,11,-11.0
2015-04-13 11:12:53,13,-13.0
2015-04-13 11:17:53,15,-15.0
2015-04-13 11:22:53,9,-9.0
2015-04-13 11:27:53,17,-17.0
2015-04-13 11:32:53,21,-21.0
2015-04-13 11:37:53,6,-6.0
2015-04-13 11:42:53,10,-10.0
2015-04-13 11:47:53,5,-5.0
2015-04-13 11:52:53,20,-20.0
2015-04-13 11:57:53,16,-16.0
2015-04-13 12:02:53,11,-11.0
2015-04-13 12:07:53,17,-17.0
2015-04-13 12:12:53,10,-10.0
2015-04-13 12:17:53,12,-12.0
2015-04-13 12:22:53,20,-20.0
2015-04-13 12:27:53,10,-10.0
2015-04-13 12:32:53,9,-9.0
2015-04-13 12:37:53,12,-12.0
2015-04-13 12:42:53,13,-13.0
2015-04-13 12:47:53,7,-7.0
2015-04-13 12:52:53,4,-4.0
2015-04-13 12:57:53,16,-16.0
2015-04-13 13:02:53,26,-26.0
2015-04-13 13:07:53,13,-13.0
2015-04-13 13:12:53,18,-18.0
2015-04-13 13:17:53,10,-10.0
2015-04-13 13:22:53,12,-12.0
2015-04-13 13:27:53,11,-11.0
2015-04-13 13:32:53,13,-13.0
2015-04-13 13:37:53,12,-12.0
2015-04-13 13:42:53,11,-11.0
2015-04-13 13:47:53,15,-15.0
2015-04-13 13:52:53,25,-25.0
2015-04-13 13:57:53,35,-35.0
2015-04-13 14:02:53,31,-31.0
2015-04-13 14:07:53,29,-29.0
2015-04-13 14:12:53,35,-35.0
2015-04-13 14:17:53,34,-34.0
2015-04-13 14:22:53,31,-31.0
2015-04-13 14:27:53,20,-20.0
2015-04-13 14:32:53,20,-20.0
2015-04-13 14:37:53,30,-30.0
2015-04-13 14:42:53,34,-34.0
2015-04-13 14:47:53,25,-25.0
2015-04-13 14:52:53,36,-36.0
2015-04-13 14:57:53,34,-34.0
2015-04-13 15:02:53,36,-36.0
2015-04-13 15:07:53,39,-39.0
2015-04-13 15:12:53,29,-29.0
2015-04-13 15:17:53,29,-29.0
2015-04-13 15:22:53,34,-34.0
2015-04-13 15:27:53,30,-30.0
2015-04-13 15:32:53,34,-34.0
2015-04-13 15:37:53,32,-32.0
2015-04-13 15:42:53,32,-32.0
2015-04-13 15:47:53,32,-32.0
2015-04-13 15:52:53,34,-34.0
2015-04-13 15:57:53,40,-40.0
2015-04-13 16:02:53,34,-34.0
2015-04-13 16:07:53,54,-54.0
2015-04-13 16:12:53,84,-84.0
2015-04-13 16:17:53,71,-71.0
2015-04-13 16:22:53,42,-42.0
2015-04-13 16:27:53,39,-39.0
2015-04-13 16:32:53,46,-46.0
2015-04-13 16:37:53,32,-32.0
2015-04-13 16:42:53,30,-30.0
2015-04-13 16:47:53,28,-28.0
2015-04-13 16:52:53,33,-33.0
2015-04-13 16:57:53,34,-34.0
2015-04-13 17:02:53,29,-29.0
2015-04-13 17:07:53,38,-38.0
2015-04-13 17:12:53,41,-41.0
2015-04-13 17:17:53,28,-28.0
2015-04-13 17:22:53,29,-29.0
2015-04-13 17:27:53,40,-40.0
2015-04-13 17:32:53,37,-37.0
2015-04-13 17:37:53,37,-37.0
2015-04-13 17:42:53,41,-41.0
2015-04-13 17:47:53,37,-37.0
2015-04-13 17:52:53,36,-36.0
2015-04-13 17:57:53,38,-38.0
2015-04-13 18:02:53,39,-39.0
2015-04-13 18:07:53,29,-29.0
2015-04-13 18:12:53,26,-26.0
2015-04-13 18:17:53,26,-26.0
2015-04-13 18:22:53,31,-31.0
2015-04-13 18:27:53,34,-34.0
2015-04-13 18:32:53,23,-23.0
2015-04-13 18:37:53,27,-27.0
2015-04-13 18:42:53,33,-33.0
2015-04-13 18:47:53,43,-43.0
2015-04-13 18:52:53,31,-31.0
2015-04-13 18:57:53,31,-31.0
2015-04-13 19:02:53,40,-40.0
2015-04-13 19:07:53,38,-38.0
2015-04-13 19:12:53,36,-36.0
2015-04-13 19:17:53,36,-36.0
2015-04-13 19:22:53,22,-22.0
2015-04-13 19:27:53,21,-21.0
2015-04-13 19:32:53,35,-35.0
2015-04-13 19:37:53,36,-36.0
2015-04-13 19:42:53,28,-28.0
2015-04-13 19:47:53,32,-32.0
2015-04-13 19:52:53,12,-12.0
2015-04-13 19:57:53,30,-30.0
2015-04-13 20:02:53,23,-23.0
2015-04-13 20:07:53,32,-32.0
2015-04-13 20:12:53,44,-44.0
2015-04-13 20:17:53,36,-36.0
2015-04-13 20:22:53,32,-32.0
2015-04-13 20:27:53,30,-30.0
2015-04-13 20:32:53,32,-32.0
2015-04-13 20:37:53,30,-30.0
2015-04-13 20:42:53,42,-42.0
2015-04-13 20:47:53,29,-29.0
2015-04-13 20:52:53,28,-28.0
2015-04-13 20:57:53,28,-28.0
2015-04-13 21:02:53,32,-32.0
2015-04-13 21:07:53,37,-37.0
2015-04-13 21:12:53,38,-38.0
2015-04-13 21:17:53,32,-32.0
2015-04-13 21:22:53,31,-31.0
2015-04-13 21:27:53,30,-30.0
2015-04-13 21:32:53,4,-4.0
2015-04-13 21:37:53,10,-10.0
2015-04-13 21:42:53,22,-22.0
2015-04-13 21:47:53,15,-15.0
2015-04-13 21:52:53,11,-11.0
2015-04-13 21:57:53,16,-16.0
2015-04-13 22:02:53,25,-25.0
2015-04-13 22:07:53,11,-11.0
2015-04-13 22:12:53,24,-24.0
2015-04-13 22:17:53,16,-16.0
2015-04-13 22:22:53,9,-9.0
2015-04-13 22:27:53,8,-8.0
2015-04-13 22:32:53,21,-21.0
2015-04-13 22:37:53,14,-14.0
2015-04-13 22:42:53,21,-21.0
2015-04-13 22:47:53,10,-10.0
2015-04-13 22:52:53,12,-12.0
2015-04-13 22:57:53,22,-22.0
2015-04-13 23:02:53,18,-18.0
2015-04-13 23:07:53,7,-7.0
2015-04-13 23:12:53,4,-4.0
2015-04-13 23:17:53,12,-12.0
2015-04-13 23:22:53,9,-9.0
2015-04-13 23:27:53,13,-13.0
2015-04-13 23:32:53,18,-18.0
2015-04-13 23:37:53,10,-10.0
2015-04-13 23:42:53,9,-9.0
2015-04-13 23:47:53,14,-14.0
2015-04-13 23:52:53,11,-11.0
2015-04-13 23:57:53,26,-26.0
2015-04-14 00:02:53,11,-11.0
2015-04-14 00:07:53,10,-10.0
2015-04-14 00:12:53,7,-7.0
2015-04-14 00:17:53,11,-11.0
2015-04-14 00:22:53,11,-11.0
2015-04-14 00:27:53,10,-10.0
2015-04-14 00:32:53,12,-12.0
2015-04-14 00:37:53,8,-8.0
2015-04-14 00:42:53,14,-14.0
2015-04-14 00:47:53,12,-12.0
2015-04-14 00:52:53,14,-14.0
2015-04-14 00:57:53,25,-25.0
2015-04-14 01:02:53,24,-24.0
2015-04-14 01:07:53,13,-13.0
2015-04-14 01:12:53,11,-11.0
2015-04-14 01:17:53,20,-20.0
2015-04-14 01:22:53,11,-11.0
2015-04-14 01:27:53,10,-10.0
2015-04-14 01:32:53,9,-9.0
2015-04-14 01:37:53,12,-12.0
2015-04-14 01:42:53,7,-7.0
2015-04-14 01:47:53,11,-11.0
2015-04-14 01:52:53,14,-14.0
2015-04-14 01:57:53,12,-12.0
2015-04-14 02:02:53,14,-14.0
2015-04-14 02:07:53,16,-16.0
2015-04-14 02:12:53,18,-18.0
2015-04-14 02:17:53,13,-13.0
2015-04-14 02:22:53,10,-10.0
2015-04-14 02:27:53,8,-8.0
2015-04-14 02:32:53,9,-9.0
2015-04-14 02:37:53,22,-22.0
2015-04-14 02:42:53,30,-30.0
2015-04-14 02:47:53,23,-23.0
2015-04-14 02:52:53,20,-20.0
2015-04-14 02:57:53,18,-18.0
2015-04-14 03:02:53,21,-21.0
2015-04-14 03:07:53,8,-8.0
2015-04-14 03:12:53,20,-20.0
2015-04-14 03:17:53,22,-22.0
2015-04-14 03:22:53,18,-18.0
2015-04-14 03:27:53,10,-10.0
2015-04-14 03:32:53,14,-14.0
2015-04-14 03:37:53,9,-9.0
2015-04-14 03:42:53,9,-9.0
2015-04-14 03:47:53,10,-10.0
2015-04-14 03:52:53,17,-17.0
2015-04-14 03:57:53,17,-17.0
2015-04-14 04:02:53,15,-15.0
2015-04-14 04:07:53,19,-19.0
2015-04-14 04:12:53,17,-17.0
2015-04-14 04:17:53,21,-21.0
2015-04-14 04:22:53,20,-20.0
2015-04-14 04:27:53,11,-11.0
2015-04-14 04:32:53,22,-22.0
2015-04-14 04:37:53,27,-27.0
2015-04-14 04:42:53,16,-16.0
2015-04-14 04:47:53,18,-18.0
2015-04-14 04:52:53,9,-9.0
2015-04-14 04:57:53,14,-14.0
2015-04-14 05:02:53,16,-16.0
2015-04-14 05:07:53,14,-14.0
2015-04-14 05:12:53,14,-14.0
2015-04-14 05:17:53,16,-16.0
2015-04-14 05:22:53,16,-16.0
2015-04-14 05:27:53,16,-16.0
2015-04-14 05:32:53,12,-12.0
2015-04-14 05:37:53,12,-12.0
2015-04-14 05:42:53,11,-11.0
2015-04-14 05:47:53,11,-11.0
2015-04-14 05:52:53,13,-13.0
2015-04-14 05:57:53,16,-16.0
2015-04-14 06:02:53,8,-8.0
2015-04-14 06:07:53,11,-11.0
2015-04-14 06:12:53,7,-7.0
2015-04-14 06:17:53,9,-9.0
2015-04-14 06:22:53,7,-7.0
2015-04-14 06:27:53,18,-18.0
2015-04-14 06:32:53,8,-8.0
2015-04-14 06:37:53,8,-8.0
2015-04-14 06:42:53,8,-8.0
2015-04-14 06:47:53,13,-13.0
2015-04-14 06:52:53,9,-9.0
2015-04-14 06:57:53,16,-16.0
2015-04-14 07:02:53,10,-10.0
2015-04-14 07:07:53,11,-11.0
2015-04-14 07:12:53,17,-17.0
2015-04-14 07:17:53,10,-10.0
2015-04-14 07:22:53,11,-11.0
2015-04-14 07:27:53,13,-13.0
2015-04-14 07:32:53,11,-11.0
2015-04-14 07:37:53,13,-13.0
2015-04-14 07:42:53,15,-15.0
2015-04-14 07:47:53,14,-14.0
2015-04-14 07:52:53,21,-21.0
2015-04-14 07:57:53,10,-10.0
2015-04-14 08:02:53,19,-19.0
2015-04-14 08:07:53,20,-20.0
2015-04-14 08:12:53,22,-22.0
2015-04-14 08:17:53,19,-19.0
2015-04-14 08:22:53,13,-13.0
2015-04-14 08:27:53,13,-13.0
2015-04-14 08:32:53,13,-13.0
2015-04-14 08:37:53,19,-19.0
2015-04-14 08:42:53,18,-18.0
2015-04-14 08:47:53,12,-12.0
2015-04-14 08:52:53,12,-12.0
2015-04-14 08:57:53,30,-30.0
2015-04-14 09:02:53,32,-32.0
2015-04-14 09:07:53,21,-21.0
2015-04-14 09:12:53,22,-22.0
2015-04-14 09:17:53,18,-18.0
2015-04-14 09:22:53,17,-17.0
2015-04-14 09:27:53,13,-13.0
2015-04-14 09:32:53,20,-20.0
2015-04-14 09:37:53,12,-12.0
2015-04-14 09:42:53,17,-17.0
2015-04-14 09:47:53,12,-12.0
2015-04-14 09:52:53,14,-14.0
2015-04-14 09:57:53,14,-14.0
2015-04-14 10:02:53,10,-10.0
2015-04-14 10:07:53,13,-13.0
2015-04-14 10:12:53,7,-7.0
2015-04-14 10:17:53,14,-14.0
2015-04-14 10:22:53,9,-9.0
2015-04-14 10:27:53,6,-6.0
2015-04-14 10:32:53,9,-9.0
2015-04-14 10:37:53,18,-18.0
2015-04-14 10:42:53,13,-13.0
2015-04-14 10:47:53,12,-12.0
2015-04-14 10:52:53,4,-4.0
2015-04-14 10:57:53,30,-30.0
2015-04-14 11:02:53,19,-19.0
2015-04-14 11:07:53,18,-18.0
2015-04-14 11:12:53,13,-13.0
2015-04-14 11:17:53,24,-24.0
2015-04-14 11:22:53,14,-14.0
2015-04-14 11:27:53,16,-16.0
2015-04-14 11:32:53,23,-23.0
2015-04-14 11:37:53,18,-18.0
2015-04-14 11:42:53,29,-29.0
2015-04-14 11:47:53,14,-14.0
2015-04-14 11:52:53,11,-11.0
2015-04-14 11:57:53,14,-14.0
2015-04-14 12:02:53,26,-26.0
2015-04-14 12:07:53,19,-19.0
2015-04-14 12:12:53,18,-18.0
2015-04-14 12:17:53,15,-15.0
2015-04-14 12:22:53,28,-28.0
2015-04-14 12:27:53,17,-17.0
2015-04-14 12:32:53,15,-15.0
2015-04-14 12:37:53,16,-16.0
2015-04-14 12:42:53,13,-13.0
2015-04-14 12:47:53,24,-24.0
2015-04-14 12:52:53,25,-25.0
2015-04-14 12:57:53,32,-32.0
2015-04-14 13:02:53,38,-38.0
2015-04-14 13:07:53,32,-32.0
2015-04-14 13:12:53,31,-31.0
2015-04-14 13:17:53,35,-35.0
2015-04-14 13:22:53,36,-36.0
2015-04-14 13:27:53,56,-56.0
2015-04-14 13:32:53,35,-35.0
2015-04-14 13:37:53,32,-32.0
2015-04-14 13:42:53,28,-28.0
2015-04-14 13:47:53,26,-26.0
2015-04-14 13:52:53,32,-32.0
2015-04-14 13:57:53,27,-27.0
2015-04-14 14:02:53,27,-27.0
2015-04-14 14:07:53,39,-39.0
2015-04-14 14:12:53,31,-31.0
2015-04-14 14:17:53,22,-22.0
2015-04-14 14:22:53,30,-30.0
2015-04-14 14:27:53,26,-26.0
2015-04-14 14:32:53,78,-78.0
2015-04-14 14:37:53,57,-57.0
2015-04-14 14:42:53,54,-54.0
2015-04-14 14:47:53,29,-29.0
2015-04-14 14:52:53,37,-37.0
2015-04-14 14:57:53,33,-33.0
2015-04-14 15:02:53,31,-31.0
2015-04-14 15:07:53,50,-50.0
2015-04-14 15:12:53,32,-32.0
2015-04-14 15:17:53,38,-38.0
2015-04-14 15:22:53,23,-23.0
2015-04-14 15:27:53,38,-38.0
2015-04-14 15:32:53,36,-36.0
2015-04-14 15:37:53,39,-39.0
2015-04-14 15:42:53,38,-38.0
2015-04-14 15:47:53,37,-37.0
2015-04-14 15:52:53,44,-44.0
2015-04-14 15:57:53,40,-40.0
2015-04-14 16:02:53,28,-28.0
2015-04-14 16:07:53,26,-26.0
2015-04-14 16:12:53,31,-31.0
2015-04-14 16:17:53,29,-29.0
2015-04-14 16:22:53,38,-38.0
2015-04-14 16:27:53,39,-39.0
2015-04-14 16:32:53,23,-23.0
2015-04-14 16:37:53,28,-28.0
2015-04-14 16:42:53,27,-27.0
2015-04-14 16:47:53,31,-31.0
2015-04-14 16:52:53,17,-17.0
2015-04-14 16:57:53,30,-30.0
2015-04-14 17:02:53,20,-20.0
2015-04-14 17:07:53,12,-12.0
2015-04-14 17:12:53,44,-44.0
2015-04-14 17:17:53,50,-50.0
2015-04-14 17:22:53,27,-27.0
2015-04-14 17:27:53,37,-37.0
2015-04-14 17:32:53,31,-31.0
2015-04-14 17:37:53,30,-30.0
2015-04-14 17:42:53,19,-19.0
2015-04-14 17:47:53,47,-47.0
2015-04-14 17:52:53,30,-30.0
2015-04-14 17:57:53,23,-23.0
2015-04-14 18:02:53,21,-21.0
2015-04-14 18:07:53,33,-33.0
2015-04-14 18:12:53,29,-29.0
2015-04-14 18:17:53,45,-45.0
2015-04-14 18:22:53,26,-26.0
2015-04-14 18:27:53,30,-30.0
2015-04-14 18:32:53,22,-22.0
2015-04-14 18:37:53,30,-30.0
2015-04-14 18:42:53,29,-29.0
2015-04-14 18:47:53,31,-31.0
2015-04-14 18:52:53,39,-39.0
2015-04-14 18:57:53,65,-65.0
2015-04-14 19:02:53,23,-23.0
2015-04-14 19:07:53,29,-29.0
2015-04-14 19:12:53,26,-26.0
2015-04-14 19:17:53,24,-24.0
2015-04-14 19:22:53,22,-22.0
2015-04-14 19:27:53,33,-33.0
2015-04-14 19:32:53,36,-36.0
2015-04-14 19:37:53,38,-38.0
2015-04-14 19:42:53,34,-34.0
2015-04-14 19:47:53,43,-43.0
2015-04-14 19:52:53,39,-39.0
2015-04-14 19:57:53,52,-52.0
2015-04-14 20:02:53,41,-41.0
2015-04-14 20:07:53,18,-18.0
2015-04-14 20:12:53,37,-37.0
2015-04-14 20:17:53,32,-32.0
2015-04-14 20:22:53,44,-44.0
2015-04-14 20:27:53,36,-36.0
2015-04-14 20:32:53,25,-25.0
2015-04-14 20:37:53,101,-101.0
2015-04-14 20:42:53,45,-45.0
2015-04-14 20:47:53,57,-57.0
2015-04-14 20:52:53,40,-40.0
2015-04-14 20:57:53,53,-53.0
2015-04-14 21:02:53,25,-25.0
2015-04-14 21:07:53,26,-26.0
2015-04-14 21:12:53,21,-21.0
2015-04-14 21:17:53,29,-29.0
2015-04-14 21:22:53,28,-28.0
2015-04-14 21:27:53,40,-40.0
2015-04-14 21:32:53,24,-24.0
2015-04-14 21:37:53,17,-17.0
2015-04-14 21:42:53,16,-16.0
2015-04-14 21:47:53,25,-25.0
2015-04-14 21:52:53,36,-36.0
2015-04-14 21:57:53,23,-23.0
2015-04-14 22:02:53,20,-20.0
2015-04-14 22:07:53,21,-21.0
2015-04-14 22:12:53,31,-31.0
2015-04-14 22:17:53,27,-27.0
2015-04-14 22:22:53,21,-21.0
2015-04-14 22:27:53,33,-33.0
2015-04-14 22:32:53,31,-31.0
2015-04-14 22:37:53,22,-22.0
2015-04-14 22:42:53,17,-17.0
2015-04-14 22:47:53,17,-17.0
2015-04-14 22:52:53,23,-23.0
2015-04-14 22:57:53,22,-22.0
2015-04-14 23:02:53,15,-15.0
2015-04-14 23:07:53,15,-15.0
2015-04-14 23:12:53,23,-23.0
2015-04-14 23:17:53,13,-13.0
2015-04-14 23:22:53,10,-10.0
2015-04-14 23:27:53,25,-25.0
2015-04-14 23:32:53,19,-19.0
2015-04-14 23:37:53,19,-19.0
2015-04-14 23:42:53,17,-17.0
2015-04-14 23:47:53,20,-20.0
2015-04-14 23:52:53,20,-20.0
2015-04-14 23:57:53,11,-11.0
2015-04-15 00:02:53,22,-22.0
2015-04-15 00:07:53,14,-14.0
2015-04-15 00:12:53,17,-17.0
2015-04-15 00:17:53,15,-15.0
2015-04-15 00:22:53,11,-11.0
2015-04-15 00:27:53,13,-13.0
2015-04-15 00:32:53,19,-19.0
2015-04-15 00:37:53,20,-20.0
2015-04-15 00:42:53,25,-25.0
2015-04-15 00:47:53,16,-16.0
2015-04-15 00:52:53,15,-15.0
2015-04-15 00:57:53,24,-24.0
2015-04-15 01:02:53,19,-19.0
2015-04-15 01:07:53,14,-14.0
2015-04-15 01:12:53,55,-55.0
2015-04-15 01:17:53,29,-29.0
2015-04-15 01:22:53,16,-16.0
2015-04-15 01:27:53,18,-18.0
2015-04-15 01:32:53,26,-26.0
2015-04-15 01:37:53,16,-16.0
2015-04-15 01:42:53,23,-23.0
2015-04-15 01:47:53,16,-16.0
2015-04-15 01:52:53,28,-28.0
2015-04-15 01:57:53,20,-20.0
2015-04-15 02:02:53,24,-24.0
2015-04-15 02:07:53,21,-21.0
2015-04-15 02:12:53,35,-35.0
2015-04-15 02:17:53,38,-38.0
2015-04-15 02:22:53,54,-54.0
2015-04-15 02:27:53,30,-30.0
2015-04-15 02:32:53,35,-35.0
2015-04-15 02:37:53,19,-19.0
2015-04-15 02:42:53,29,-29.0
2015-04-15 02:47:53,32,-32.0
2015-04-15 02:52:53,14,-14.0
2015-04-15 02:57:53,17,-17.0
2015-04-15 03:02:53,26,-26.0
2015-04-15 03:07:53,18,-18.0
2015-04-15 03:12:53,19,-19.0
2015-04-15 03:17:53,9,-9.0
2015-04-15 03:22:53,15,-15.0
2015-04-15 03:27:53,11,-11.0
2015-04-15 03:32:53,21,-21.0
2015-04-15 03:37:53,13,-13.0
2015-04-15 03:42:53,12,-12.0
2015-04-15 03:47:53,17,-17.0
2015-04-15 03:52:53,22,-22.0
2015-04-15 03:57:53,16,-16.0
2015-04-15 04:02:53,18,-18.0
2015-04-15 04:07:53,13,-13.0
2015-04-15 04:12:53,16,-16.0
2015-04-15 04:17:53,21,-21.0
2015-04-15 04:22:53,27,-27.0
2015-04-15 04:27:53,17,-17.0
2015-04-15 04:32:53,8,-8.0
2015-04-15 04:37:53,11,-11.0
2015-04-15 04:42:53,22,-22.0
2015-04-15 04:47:53,9,-9.0
2015-04-15 04:52:53,14,-14.0
2015-04-15 04:57:53,16,-16.0
2015-04-15 05:02:53,13,-13.0
2015-04-15 05:07:53,20,-20.0
2015-04-15 05:12:53,5,-5.0
2015-04-15 05:17:53,15,-15.0
2015-04-15 05:22:53,18,-18.0
2015-04-15 05:27:53,20,-20.0
2015-04-15 05:32:53,10,-10.0
2015-04-15 05:37:53,17,-17.0
2015-04-15 05:42:53,15,-15.0
2015-04-15 05:47:53,8,-8.0
2015-04-15 05:52:53,16,-16.0
2015-04-15 05:57:53,47,-47.0
2015-04-15 06:02:53,31,-31.0
2015-04-15 06:07:53,17,-17.0
2015-04-15 06:12:53,21,-21.0
2015-04-15 06:17:53,24,-24.0
2015-04-15 06:22:53,16,-16.0
2015-04-15 06:27:53,29,-29.0
2015-04-15 06:32:53,10,-10.0
2015-04-15 06:37:53,22,-22.0
2015-04-15 06:42:53,37,-37.0
2015-04-15 06:47:53,16,-16.0
2015-04-15 06:52:53,22,-22.0
2015-04-15 06:57:53,19,-19.0
2015-04-15 07:02:53,15,-15.0
2015-04-15 07:07:53,18,-18.0
2015-04-15 07:12:53,26,-26.0
2015-04-15 07:17:53,23,-23.0
2015-04-15 07:22:53,25,-25.0
2015-04-15 07:27:53,17,-17.0
2015-04-15 07:32:53,16,-16.0
2015-04-15 07:37:53,14,-14.0
2015-04-15 07:42:53,12,-12.0
2015-04-15 07:47:53,27,-27.0
2015-04-15 07:52:53,10,-10.0
2015-04-15 07:57:53,11,-11.0
2015-04-15 08:02:53,12,-12.0
2015-04-15 08:07:53,12,-12.0
2015-04-15 08:12:53,18,-18.0
2015-04-15 08:17:53,25,-25.0
2015-04-15 08:22:53,14,-14.0
2015-04-15 08:27:53,12,-12.0
2015-04-15 08:32:53,19,-19.0
2015-04-15 08:37:53,19,-19.0
2015-04-15 08:42:53,14,-14.0
2015-04-15 08:47:53,19,-19.0
2015-04-15 08:52:53,16,-16.0
2015-04-15 08:57:53,22,-22.0
2015-04-15 09:02:53,18,-18.0
2015-04-15 09:07:53,21,-21.0
2015-04-15 09:12:53,17,-17.0
2015-04-15 09:17:53,27,-27.0
2015-04-15 09:22:53,13,-13.0
2015-04-15 09:27:53,15,-15.0
2015-04-15 09:32:53,18,-18.0
2015-04-15 09:37:53,18,-18.0
2015-04-15 09:42:53,15,-15.0
2015-04-15 09:47:53,18,-18.0
2015-04-15 09:52:53,20,-20.0
2015-04-15 09:57:53,14,-14.0
2015-04-15 10:02:53,42,-42.0
2015-04-15 10:07:53,92,-92.0
2015-04-15 10:12:53,61,-61.0
2015-04-15 10:17:53,35,-35.0
2015-04-15 10:22:53,64,-64.0
2015-04-15 10:27:53,87,-87.0
2015-04-15 10:32:53,71,-71.0
2015-04-15 10:37:53,60,-60.0
2015-04-15 10:42:53,60,-60.0
2015-04-15 10:47:53,40,-40.0
2015-04-15 10:52:53,47,-47.0
2015-04-15 10:57:53,36,-36.0
2015-04-15 11:02:53,41,-41.0
2015-04-15 11:07:53,46,-46.0
2015-04-15 11:12:53,53,-53.0
2015-04-15 11:17:53,60,-60.0
2015-04-15 11:22:53,55,-55.0
2015-04-15 11:27:53,32,-32.0
2015-04-15 11:32:53,71,-71.0
2015-04-15 11:37:53,58,-58.0
2015-04-15 11:42:53,36,-36.0
2015-04-15 11:47:53,26,-26.0
2015-04-15 11:52:53,43,-43.0
2015-04-15 11:57:53,47,-47.0
2015-04-15 12:02:53,37,-37.0
2015-04-15 12:07:53,35,-35.0
2015-04-15 12:12:53,36,-36.0
2015-04-15 12:17:53,24,-24.0
2015-04-15 12:22:53,41,-41.0
2015-04-15 12:27:53,40,-40.0
2015-04-15 12:32:53,36,-36.0
2015-04-15 12:37:53,38,-38.0
2015-04-15 12:42:53,37,-37.0
2015-04-15 12:47:53,38,-38.0
2015-04-15 12:52:53,34,-34.0
2015-04-15 12:57:53,44,-44.0
2015-04-15 13:02:53,26,-26.0
2015-04-15 13:07:53,34,-34.0
2015-04-15 13:12:53,53,-53.0
2015-04-15 13:17:53,38,-38.0
2015-04-15 13:22:53,38,-38.0
2015-04-15 13:27:53,37,-37.0
2015-04-15 13:32:53,60,-60.0
2015-04-15 13:37:53,43,-43.0
2015-04-15 13:42:53,30,-30.0
2015-04-15 13:47:53,26,-26.0
2015-04-15 13:52:53,40,-40.0
2015-04-15 13:57:53,62,-62.0
2015-04-15 14:02:53,54,-54.0
2015-04-15 14:07:53,69,-69.0
2015-04-15 14:12:53,48,-48.0
2015-04-15 14:17:53,48,-48.0
2015-04-15 14:22:53,60,-60.0
2015-04-15 14:27:53,47,-47.0
2015-04-15 14:32:53,43,-43.0
2015-04-15 14:37:53,36,-36.0
2015-04-15 14:42:53,61,-61.0
2015-04-15 14:47:53,59,-59.0
2015-04-15 14:52:53,56,-56.0
2015-04-15 14:57:53,52,-52.0
2015-04-15 15:02:53,46,-46.0
2015-04-15 15:07:53,29,-29.0
2015-04-15 15:12:53,48,-48.0
2015-04-15 15:17:53,41,-41.0
2015-04-15 15:22:53,34,-34.0
2015-04-15 15:27:53,55,-55.0
2015-04-15 15:32:53,49,-49.0
2015-04-15 15:37:53,39,-39.0
2015-04-15 15:42:53,36,-36.0
2015-04-15 15:47:53,54,-54.0
2015-04-15 15:52:53,43,-43.0
2015-04-15 15:57:53,67,-67.0
2015-04-15 16:02:53,62,-62.0
2015-04-15 16:07:53,44,-44.0
2015-04-15 16:12:53,44,-44.0
2015-04-15 16:17:53,52,-52.0
2015-04-15 16:22:53,57,-57.0
2015-04-15 16:27:53,39,-39.0
2015-04-15 16:32:53,38,-38.0
2015-04-15 16:37:53,38,-38.0
2015-04-15 16:42:53,32,-32.0
2015-04-15 16:47:53,26,-26.0
2015-04-15 16:52:53,29,-29.0
2015-04-15 16:57:53,61,-61.0
2015-04-15 17:02:53,42,-42.0
2015-04-15 17:07:53,38,-38.0
2015-04-15 17:12:53,41,-41.0
2015-04-15 17:17:53,30,-30.0
2015-04-15 17:22:53,23,-23.0
2015-04-15 17:27:53,35,-35.0
2015-04-15 17:32:53,24,-24.0
2015-04-15 17:37:53,36,-36.0
2015-04-15 17:42:53,23,-23.0
2015-04-15 17:47:53,27,-27.0
2015-04-15 17:52:53,30,-30.0
2015-04-15 17:57:53,59,-59.0
2015-04-15 18:02:53,40,-40.0
2015-04-15 18:07:53,26,-26.0
2015-04-15 18:12:53,30,-30.0
2015-04-15 18:17:53,28,-28.0
2015-04-15 18:22:53,31,-31.0
2015-04-15 18:27:53,39,-39.0
2015-04-15 18:32:53,24,-24.0
2015-04-15 18:37:53,31,-31.0
2015-04-15 18:42:53,29,-29.0
2015-04-15 18:47:53,30,-30.0
2015-04-15 18:52:53,28,-28.0
2015-04-15 18:57:53,33,-33.0
2015-04-15 19:02:53,23,-23.0
2015-04-15 19:07:53,26,-26.0
2015-04-15 19:12:53,20,-20.0
2015-04-15 19:17:53,31,-31.0
2015-04-15 19:22:53,14,-14.0
2015-04-15 19:27:53,18,-18.0
2015-04-15 19:32:53,31,-31.0
2015-04-15 19:37:53,17,-17.0
2015-04-15 19:42:53,23,-23.0
2015-04-15 19:47:53,30,-30.0
2015-04-15 19:52:53,24,-24.0
2015-04-15 19:57:53,44,-44.0
2015-04-15 20:02:53,35,-35.0
2015-04-15 20:07:53,27,-27.0
2015-04-15 20:12:53,24,-24.0
2015-04-15 20:17:53,25,-25.0
2015-04-15 20:22:53,30,-30.0
2015-04-15 20:27:53,23,-23.0
2015-04-15 20:32:53,25,-25.0
2015-04-15 20:37:53,31,-31.0
2015-04-15 20:42:53,21,-21.0
2015-04-15 20:47:53,33,-33.0
2015-04-15 20:52:53,37,-37.0
2015-04-15 20:57:53,27,-27.0
2015-04-15 21:02:53,22,-22.0
2015-04-15 21:07:53,39,-39.0
2015-04-15 21:12:53,39,-39.0
2015-04-15 21:17:53,52,-52.0
2015-04-15 21:22:53,42,-42.0
2015-04-15 21:27:53,32,-32.0
2015-04-15 21:32:53,32,-32.0
2015-04-15 21:37:53,25,-25.0
2015-04-15 21:42:53,29,-29.0
2015-04-15 21:47:53,26,-26.0
2015-04-15 21:52:53,22,-22.0
2015-04-15 21:57:53,28,-28.0
2015-04-15 22:02:53,26,-26.0
2015-04-15 22:07:53,25,-25.0
2015-04-15 22:12:53,19,-19.0
2015-04-15 22:17:53,26,-26.0
2015-04-15 22:22:53,13,-13.0
2015-04-15 22:27:53,30,-30.0
2015-04-15 22:32:53,27,-27.0
2015-04-15 22:37:53,25,-25.0
2015-04-15 22:42:53,14,-14.0
2015-04-15 22:47:53,14,-14.0
2015-04-15 22:52:53,17,-17.0
2015-04-15 22:57:53,23,-23.0
2015-04-15 23:02:53,21,-21.0
2015-04-15 23:07:53,14,-14.0
2015-04-15 23:12:53,20,-20.0
2015-04-15 23:17:53,26,-26.0
2015-04-15 23:22:53,17,-17.0
2015-04-15 23:27:53,20,-20.0
2015-04-15 23:32:53,13,-13.0
2015-04-15 23:37:53,23,-23.0
2015-04-15 23:42:53,24,-24.0
2015-04-15 23:47:53,34,-34.0
2015-04-15 23:52:53,22,-22.0
2015-04-15 23:57:53,15,-15.0
2015-04-16 00:02:53,22,-22.0
2015-04-16 00:07:53,17,-17.0
2015-04-16 00:12:53,20,-20.0
2015-04-16 00:17:53,16,-16.0
2015-04-16 00:22:53,24,-24.0
2015-04-16 00:27:53,12,-12.0
2015-04-16 00:32:53,15,-15.0
2015-04-16 00:37:53,22,-22.0
2015-04-16 00:42:53,16,-16.0
2015-04-16 00:47:53,15,-15.0
2015-04-16 00:52:53,8,-8.0
2015-04-16 00:57:53,33,-33.0
2015-04-16 01:02:53,17,-17.0
2015-04-16 01:07:53,18,-18.0
2015-04-16 01:12:53,10,-10.0
2015-04-16 01:17:53,16,-16.0
2015-04-16 01:22:53,14,-14.0
2015-04-16 01:27:53,7,-7.0
2015-04-16 01:32:53,17,-17.0
2015-04-16 01:37:53,8,-8.0
2015-04-16 01:42:53,11,-11.0
2015-04-16 01:47:53,10,-10.0
2015-04-16 01:52:53,20,-20.0
2015-04-16 01:57:53,35,-35.0
2015-04-16 02:02:53,20,-20.0
2015-04-16 02:07:53,8,-8.0
2015-04-16 02:12:53,21,-21.0
2015-04-16 02:17:53,15,-15.0
2015-04-16 02:22:53,20,-20.0
2015-04-16 02:27:53,20,-20.0
2015-04-16 02:32:53,14,-14.0
2015-04-16 02:37:53,20,-20.0
2015-04-16 02:42:53,24,-24.0
2015-04-16 02:47:53,17,-17.0
2015-04-16 02:52:53,13,-13.0
2015-04-16 02:57:53,23,-23.0
2015-04-16 03:02:53,21,-21.0
2015-04-16 03:07:53,11,-11.0
2015-04-16 03:12:53,10,-10.0
2015-04-16 03:17:53,13,-13.0
2015-04-16 03:22:53,17,-17.0
2015-04-16 03:27:53,19,-19.0
2015-04-16 03:32:53,9,-9.0
2015-04-16 03:37:53,17,-17.0
2015-04-16 03:42:53,10,-10.0
2015-04-16 03:47:53,8,-8.0
2015-04-16 03:52:53,12,-12.0
2015-04-16 03:57:53,15,-15.0
2015-04-16 04:02:53,13,-13.0
2015-04-16 04:07:53,10,-10.0
2015-04-16 04:12:53,7,-7.0
2015-04-16 04:17:53,9,-9.0
2015-04-16 04:22:53,9,-9.0
2015-04-16 04:27:53,11,-11.0
2015-04-16 04:32:53,19,-19.0
2015-04-16 04:37:53,9,-9.0
2015-04-16 04:42:53,8,-8.0
2015-04-16 04:47:53,10,-10.0
2015-04-16 04:52:53,8,-8.0
2015-04-16 04:57:53,13,-13.0
2015-04-16 05:02:53,8,-8.0
2015-04-16 05:07:53,17,-17.0
2015-04-16 05:12:53,5,-5.0
2015-04-16 05:17:53,14,-14.0
2015-04-16 05:22:53,12,-12.0
2015-04-16 05:27:53,12,-12.0
2015-04-16 05:32:53,9,-9.0
2015-04-16 05:37:53,15,-15.0
2015-04-16 05:42:53,24,-24.0
2015-04-16 05:47:53,18,-18.0
2015-04-16 05:52:53,23,-23.0
2015-04-16 05:57:53,19,-19.0
2015-04-16 06:02:53,14,-14.0
2015-04-16 06:07:53,16,-16.0
2015-04-16 06:12:53,28,-28.0
2015-04-16 06:17:53,22,-22.0
2015-04-16 06:22:53,23,-23.0
2015-04-16 06:27:53,26,-26.0
2015-04-16 06:32:53,19,-19.0
2015-04-16 06:37:53,22,-22.0
2015-04-16 06:42:53,20,-20.0
2015-04-16 06:47:53,21,-21.0
2015-04-16 06:52:53,23,-23.0
2015-04-16 06:57:53,15,-15.0
2015-04-16 07:02:53,16,-16.0
2015-04-16 07:07:53,17,-17.0
2015-04-16 07:12:53,14,-14.0
2015-04-16 07:17:53,13,-13.0
2015-04-16 07:22:53,14,-14.0
2015-04-16 07:27:53,10,-10.0
2015-04-16 07:32:53,17,-17.0
2015-04-16 07:37:53,12,-12.0
2015-04-16 07:42:53,22,-22.0
2015-04-16 07:47:53,19,-19.0
2015-04-16 07:52:53,15,-15.0
2015-04-16 07:57:53,18,-18.0
2015-04-16 08:02:53,12,-12.0
2015-04-16 08:07:53,17,-17.0
2015-04-16 08:12:53,16,-16.0
2015-04-16 08:17:53,22,-22.0
2015-04-16 08:22:53,15,-15.0
2015-04-16 08:27:53,18,-18.0
2015-04-16 08:32:53,12,-12.0
2015-04-16 08:37:53,18,-18.0
2015-04-16 08:42:53,16,-16.0
2015-04-16 08:47:53,18,-18.0
2015-04-16 08:52:53,11,-11.0
2015-04-16 08:57:53,13,-13.0
2015-04-16 09:02:53,13,-13.0
2015-04-16 09:07:53,11,-11.0
2015-04-16 09:12:53,13,-13.0
2015-04-16 09:17:53,14,-14.0
2015-04-16 09:22:53,17,-17.0
2015-04-16 09:27:53,29,-29.0
2015-04-16 09:32:53,23,-23.0
2015-04-16 09:37:53,25,-25.0
2015-04-16 09:42:53,11,-11.0
2015-04-16 09:47:53,25,-25.0
2015-04-16 09:52:53,21,-21.0
2015-04-16 09:57:53,20,-20.0
2015-04-16 10:02:53,15,-15.0
2015-04-16 10:07:53,18,-18.0
2015-04-16 10:12:53,30,-30.0
2015-04-16 10:17:53,13,-13.0
2015-04-16 10:22:53,16,-16.0
2015-04-16 10:27:53,19,-19.0
2015-04-16 10:32:53,27,-27.0
2015-04-16 10:37:53,24,-24.0
2015-04-16 10:42:53,18,-18.0
2015-04-16 10:47:53,12,-12.0
2015-04-16 10:52:53,24,-24.0
2015-04-16 10:57:53,19,-19.0
2015-04-16 11:02:53,29,-29.0
2015-04-16 11:07:53,31,-31.0
2015-04-16 11:12:53,18,-18.0
2015-04-16 11:17:53,19,-19.0
2015-04-16 11:22:53,11,-11.0
2015-04-16 11:27:53,20,-20.0
2015-04-16 11:32:53,12,-12.0
2015-04-16 11:37:53,14,-14.0
2015-04-16 11:42:53,12,-12.0
2015-04-16 11:47:53,11,-11.0
2015-04-16 11:52:53,10,-10.0
2015-04-16 11:57:53,24,-24.0
2015-04-16 12:02:53,22,-22.0
2015-04-16 12:07:53,23,-23.0
2015-04-16 12:12:53,21,-21.0
2015-04-16 12:17:53,13,-13.0
2015-04-16 12:22:53,20,-20.0
2015-04-16 12:27:53,24,-24.0
2015-04-16 12:32:53,9,-9.0
2015-04-16 12:37:53,15,-15.0
2015-04-16 12:42:53,24,-24.0
2015-04-16 12:47:53,22,-22.0
2015-04-16 12:52:53,17,-17.0
2015-04-16 12:57:53,31,-31.0
2015-04-16 13:02:53,39,-39.0
2015-04-16 13:07:53,18,-18.0
2015-04-16 13:12:53,41,-41.0
2015-04-16 13:17:53,35,-35.0
2015-04-16 13:22:53,44,-44.0
2015-04-16 13:27:53,32,-32.0
2015-04-16 13:32:53,34,-34.0
2015-04-16 13:37:53,28,-28.0
2015-04-16 13:42:53,34,-34.0
2015-04-16 13:47:53,44,-44.0
2015-04-16 13:52:53,40,-40.0
2015-04-16 13:57:53,31,-31.0
2015-04-16 14:02:53,43,-43.0
2015-04-16 14:07:53,27,-27.0
2015-04-16 14:12:53,33,-33.0
2015-04-16 14:17:53,40,-40.0
2015-04-16 14:22:53,34,-34.0
2015-04-16 14:27:53,22,-22.0
2015-04-16 14:32:53,30,-30.0
2015-04-16 14:37:53,30,-30.0
2015-04-16 14:42:53,26,-26.0
2015-04-16 14:47:53,40,-40.0
2015-04-16 14:52:53,34,-34.0
2015-04-16 14:57:53,27,-27.0
2015-04-16 15:02:53,29,-29.0
2015-04-16 15:07:53,21,-21.0
2015-04-16 15:12:53,22,-22.0
2015-04-16 15:17:53,21,-21.0
2015-04-16 15:22:53,36,-36.0
2015-04-16 15:27:53,26,-26.0
2015-04-16 15:32:53,19,-19.0
2015-04-16 15:37:53,24,-24.0
2015-04-16 15:42:53,30,-30.0
2015-04-16 15:47:53,29,-29.0
2015-04-16 15:52:53,17,-17.0
2015-04-16 15:57:53,41,-41.0
2015-04-16 16:02:53,20,-20.0
2015-04-16 16:07:53,28,-28.0
2015-04-16 16:12:53,36,-36.0
2015-04-16 16:17:53,30,-30.0
2015-04-16 16:22:53,42,-42.0
2015-04-16 16:27:53,29,-29.0
2015-04-16 16:32:53,24,-24.0
2015-04-16 16:37:53,23,-23.0
2015-04-16 16:42:53,27,-27.0
2015-04-16 16:47:53,23,-23.0
2015-04-16 16:52:53,27,-27.0
2015-04-16 16:57:53,28,-28.0
2015-04-16 17:02:53,26,-26.0
2015-04-16 17:07:53,37,-37.0
2015-04-16 17:12:53,42,-42.0
2015-04-16 17:17:53,31,-31.0
2015-04-16 17:22:53,27,-27.0
2015-04-16 17:27:53,34,-34.0
2015-04-16 17:32:53,22,-22.0
2015-04-16 17:37:53,38,-38.0
2015-04-16 17:42:53,24,-24.0
2015-04-16 17:47:53,26,-26.0
2015-04-16 17:52:53,25,-25.0
2015-04-16 17:57:53,32,-32.0
2015-04-16 18:02:53,31,-31.0
2015-04-16 18:07:53,30,-30.0
2015-04-16 18:12:53,24,-24.0
2015-04-16 18:17:53,29,-29.0
2015-04-16 18:22:53,35,-35.0
2015-04-16 18:27:53,36,-36.0
2015-04-16 18:32:53,20,-20.0
2015-04-16 18:37:53,22,-22.0
2015-04-16 18:42:53,36,-36.0
2015-04-16 18:47:53,43,-43.0
2015-04-16 18:52:53,39,-39.0
2015-04-16 18:57:53,46,-46.0
2015-04-16 19:02:53,23,-23.0
2015-04-16 19:07:53,23,-23.0
2015-04-16 19:12:53,30,-30.0
2015-04-16 19:17:53,25,-25.0
2015-04-16 19:22:53,26,-26.0
2015-04-16 19:27:53,17,-17.0
2015-04-16 19:32:53,14,-14.0
2015-04-16 19:37:53,15,-15.0
2015-04-16 19:42:53,53,-53.0
2015-04-16 19:47:53,28,-28.0
2015-04-16 19:52:53,29,-29.0
2015-04-16 19:57:53,40,-40.0
2015-04-16 20:02:53,34,-34.0
2015-04-16 20:07:53,18,-18.0
2015-04-16 20:12:53,22,-22.0
2015-04-16 20:17:53,23,-23.0
2015-04-16 20:22:53,31,-31.0
2015-04-16 20:27:53,21,-21.0
2015-04-16 20:32:53,21,-21.0
2015-04-16 20:37:53,26,-26.0
2015-04-16 20:42:53,29,-29.0
2015-04-16 20:47:53,26,-26.0
2015-04-16 20:52:53,21,-21.0
2015-04-16 20:57:53,25,-25.0
2015-04-16 21:02:53,86,-86.0
2015-04-16 21:07:53,76,-76.0
2015-04-16 21:12:53,43,-43.0
2015-04-16 21:17:53,43,-43.0
2015-04-16 21:22:53,62,-62.0
2015-04-16 21:27:53,41,-41.0
2015-04-16 21:32:53,36,-36.0
2015-04-16 21:37:53,46,-46.0
2015-04-16 21:42:53,28,-28.0
2015-04-16 21:47:53,25,-25.0
2015-04-16 21:52:53,20,-20.0
2015-04-16 21:57:53,30,-30.0
2015-04-16 22:02:53,44,-44.0
2015-04-16 22:07:53,21,-21.0
2015-04-16 22:12:53,18,-18.0
2015-04-16 22:17:53,27,-27.0
2015-04-16 22:22:53,25,-25.0
2015-04-16 22:27:53,18,-18.0
2015-04-16 22:32:53,42,-42.0
2015-04-16 22:37:53,30,-30.0
2015-04-16 22:42:53,28,-28.0
2015-04-16 22:47:53,22,-22.0
2015-04-16 22:52:53,26,-26.0
2015-04-16 22:57:53,29,-29.0
2015-04-16 23:02:53,18,-18.0
2015-04-16 23:07:53,18,-18.0
2015-04-16 23:12:53,20,-20.0
2015-04-16 23:17:53,30,-30.0
2015-04-16 23:22:53,16,-16.0
2015-04-16 23:27:53,25,-25.0
2015-04-16 23:32:53,19,-19.0
2015-04-16 23:37:53,15,-15.0
2015-04-16 23:42:53,19,-19.0
2015-04-16 23:47:53,21,-21.0
2015-04-16 23:52:53,25,-25.0
2015-04-16 23:57:53,20,-20.0
2015-04-17 00:02:53,23,-23.0
2015-04-17 00:07:53,21,-21.0
2015-04-17 00:12:53,17,-17.0
2015-04-17 00:17:53,17,-17.0
2015-04-17 00:22:53,24,-24.0
2015-04-17 00:27:53,22,-22.0
2015-04-17 00:32:53,28,-28.0
2015-04-17 00:37:53,14,-14.0
2015-04-17 00:42:53,11,-11.0
2015-04-17 00:47:53,8,-8.0
2015-04-17 00:52:53,25,-25.0
2015-04-17 00:57:53,22,-22.0
2015-04-17 01:02:53,22,-22.0
2015-04-17 01:07:53,14,-14.0
2015-04-17 01:12:53,14,-14.0
2015-04-17 01:17:53,14,-14.0
2015-04-17 01:22:53,13,-13.0
2015-04-17 01:27:53,14,-14.0
2015-04-17 01:32:53,14,-14.0
2015-04-17 01:37:53,19,-19.0
2015-04-17 01:42:53,15,-15.0
2015-04-17 01:47:53,20,-20.0
2015-04-17 01:52:53,14,-14.0
2015-04-17 01:57:53,26,-26.0
2015-04-17 02:02:53,13,-13.0
2015-04-17 02:07:53,16,-16.0
2015-04-17 02:12:53,20,-20.0
2015-04-17 02:17:53,24,-24.0
2015-04-17 02:22:53,17,-17.0
2015-04-17 02:27:53,14,-14.0
2015-04-17 02:32:53,12,-12.0
2015-04-17 02:37:53,15,-15.0
2015-04-17 02:42:53,15,-15.0
2015-04-17 02:47:53,14,-14.0
2015-04-17 02:52:53,12,-12.0
2015-04-17 02:57:53,17,-17.0
2015-04-17 03:02:53,18,-18.0
2015-04-17 03:07:53,9,-9.0
2015-04-17 03:12:53,7,-7.0
2015-04-17 03:17:53,9,-9.0
2015-04-17 03:22:53,9,-9.0
2015-04-17 03:27:53,20,-20.0
2015-04-17 03:32:53,11,-11.0
2015-04-17 03:37:53,10,-10.0
2015-04-17 03:42:53,11,-11.0
2015-04-17 03:47:53,15,-15.0
2015-04-17 03:52:53,8,-8.0
2015-04-17 03:57:53,31,-31.0
2015-04-17 04:02:53,24,-24.0
2015-04-17 04:07:53,12,-12.0
2015-04-17 04:12:53,14,-14.0
2015-04-17 04:17:53,6,-6.0
2015-04-17 04:22:53,27,-27.0
2015-04-17 04:27:53,31,-31.0
2015-04-17 04:32:53,25,-25.0
2015-04-17 04:37:53,12,-12.0
2015-04-17 04:42:53,15,-15.0
2015-04-17 04:47:53,18,-18.0
2015-04-17 04:52:53,14,-14.0
2015-04-17 04:57:53,25,-25.0
2015-04-17 05:02:53,13,-13.0
2015-04-17 05:07:53,16,-16.0
2015-04-17 05:12:53,14,-14.0
2015-04-17 05:17:53,9,-9.0
2015-04-17 05:22:53,13,-13.0
2015-04-17 05:27:53,13,-13.0
2015-04-17 05:32:53,9,-9.0
2015-04-17 05:37:53,16,-16.0
2015-04-17 05:42:53,17,-17.0
2015-04-17 05:47:53,10,-10.0
2015-04-17 05:52:53,9,-9.0
2015-04-17 05:57:53,15,-15.0
2015-04-17 06:02:53,12,-12.0
2015-04-17 06:07:53,16,-16.0
2015-04-17 06:12:53,7,-7.0
2015-04-17 06:17:53,35,-35.0
2015-04-17 06:22:53,17,-17.0
2015-04-17 06:27:53,15,-15.0
2015-04-17 06:32:53,22,-22.0
2015-04-17 06:37:53,14,-14.0
2015-04-17 06:42:53,14,-14.0
2015-04-17 06:47:53,9,-9.0
2015-04-17 06:52:53,13,-13.0
2015-04-17 06:57:53,10,-10.0
2015-04-17 07:02:53,16,-16.0
2015-04-17 07:07:53,26,-26.0
2015-04-17 07:12:53,8,-8.0
2015-04-17 07:17:53,10,-10.0
2015-04-17 07:22:53,15,-15.0
2015-04-17 07:27:53,22,-22.0
2015-04-17 07:32:53,21,-21.0
2015-04-17 07:37:53,14,-14.0
2015-04-17 07:42:53,22,-22.0
2015-04-17 07:47:53,16,-16.0
2015-04-17 07:52:53,22,-22.0
2015-04-17 07:57:53,10,-10.0
2015-04-17 08:02:53,21,-21.0
2015-04-17 08:07:53,10,-10.0
2015-04-17 08:12:53,12,-12.0
2015-04-17 08:17:53,12,-12.0
2015-04-17 08:22:53,22,-22.0
2015-04-17 08:27:53,10,-10.0
2015-04-17 08:32:53,12,-12.0
2015-04-17 08:37:53,20,-20.0
2015-04-17 08:42:53,10,-10.0
2015-04-17 08:47:53,132,-132.0
2015-04-17 08:52:53,6,-6.0
2015-04-17 08:57:53,20,-20.0
2015-04-17 09:02:53,10,-10.0
2015-04-17 09:07:53,24,-24.0
2015-04-17 09:12:53,14,-14.0
2015-04-17 09:17:53,15,-15.0
2015-04-17 09:22:53,13,-13.0
2015-04-17 09:27:53,19,-19.0
2015-04-17 09:32:53,11,-11.0
2015-04-17 09:37:53,10,-10.0
2015-04-17 09:42:53,10,-10.0
2015-04-17 09:47:53,130,-130.0
2015-04-17 09:52:53,15,-15.0
2015-04-17 09:57:53,17,-17.0
2015-04-17 10:02:53,13,-13.0
2015-04-17 10:07:53,21,-21.0
2015-04-17 10:12:53,16,-16.0
2015-04-17 10:17:53,9,-9.0
2015-04-17 10:22:53,8,-8.0
2015-04-17 10:27:53,13,-13.0
2015-04-17 10:32:53,11,-11.0
2015-04-17 10:37:53,15,-15.0
2015-04-17 10:42:53,18,-18.0
2015-04-17 10:47:53,11,-11.0
2015-04-17 10:52:53,11,-11.0
2015-04-17 10:57:53,22,-22.0
2015-04-17 11:02:53,20,-20.0
2015-04-17 11:07:53,30,-30.0
2015-04-17 11:12:53,18,-18.0
2015-04-17 11:17:53,18,-18.0
2015-04-17 11:22:53,14,-14.0
2015-04-17 11:27:53,25,-25.0
2015-04-17 11:32:53,12,-12.0
2015-04-17 11:37:53,6,-6.0
2015-04-17 11:42:53,15,-15.0
2015-04-17 11:47:53,8,-8.0
2015-04-17 11:52:53,13,-13.0
2015-04-17 11:57:53,19,-19.0
2015-04-17 12:02:53,20,-20.0
2015-04-17 12:07:53,11,-11.0
2015-04-17 12:12:53,18,-18.0
2015-04-17 12:17:53,19,-19.0
2015-04-17 12:22:53,8,-8.0
2015-04-17 12:27:53,19,-19.0
2015-04-17 12:32:53,18,-18.0
2015-04-17 12:37:53,17,-17.0
2015-04-17 12:42:53,26,-26.0
2015-04-17 12:47:53,25,-25.0
2015-04-17 12:52:53,24,-24.0
2015-04-17 12:57:53,29,-29.0
2015-04-17 13:02:53,36,-36.0
2015-04-17 13:07:53,30,-30.0
2015-04-17 13:12:53,22,-22.0
2015-04-17 13:17:53,14,-14.0
2015-04-17 13:22:53,20,-20.0
2015-04-17 13:27:53,14,-14.0
2015-04-17 13:32:53,22,-22.0
2015-04-17 13:37:53,22,-22.0
2015-04-17 13:42:53,23,-23.0
2015-04-17 13:47:53,24,-24.0
2015-04-17 13:52:53,27,-27.0
2015-04-17 13:57:53,20,-20.0
2015-04-17 14:02:53,25,-25.0
2015-04-17 14:07:53,36,-36.0
2015-04-17 14:12:53,27,-27.0
2015-04-17 14:17:53,26,-26.0
2015-04-17 14:22:53,23,-23.0
2015-04-17 14:27:53,32,-32.0
2015-04-17 14:32:53,26,-26.0
2015-04-17 14:37:53,23,-23.0
2015-04-17 14:42:53,33,-33.0
2015-04-17 14:47:53,33,-33.0
2015-04-17 14:52:53,29,-29.0
2015-04-17 14:57:53,31,-31.0
2015-04-17 15:02:53,27,-27.0
2015-04-17 15:07:53,25,-25.0
2015-04-17 15:12:53,28,-28.0
2015-04-17 15:17:53,27,-27.0
2015-04-17 15:22:53,26,-26.0
2015-04-17 15:27:53,42,-42.0
2015-04-17 15:32:53,37,-37.0
2015-04-17 15:37:53,37,-37.0
2015-04-17 15:42:53,30,-30.0
2015-04-17 15:47:53,31,-31.0
2015-04-17 15:52:53,28,-28.0
2015-04-17 15:57:53,37,-37.0
2015-04-17 16:02:53,36,-36.0
2015-04-17 16:07:53,14,-14.0
2015-04-17 16:12:53,21,-21.0
2015-04-17 16:17:53,18,-18.0
2015-04-17 16:22:53,17,-17.0
2015-04-17 16:27:53,26,-26.0
2015-04-17 16:32:53,18,-18.0
2015-04-17 16:37:53,22,-22.0
2015-04-17 16:42:53,9,-9.0
2015-04-17 16:47:53,23,-23.0
2015-04-17 16:52:53,22,-22.0
2015-04-17 16:57:53,31,-31.0
2015-04-17 17:02:53,19,-19.0
2015-04-17 17:07:53,17,-17.0
2015-04-17 17:12:53,15,-15.0
2015-04-17 17:17:53,33,-33.0
2015-04-17 17:22:53,18,-18.0
2015-04-17 17:27:53,26,-26.0
2015-04-17 17:32:53,19,-19.0
2015-04-17 17:37:53,47,-47.0
2015-04-17 17:42:53,26,-26.0
2015-04-17 17:47:53,19,-19.0
2015-04-17 17:52:53,27,-27.0
2015-04-17 17:57:53,23,-23.0
2015-04-17 18:02:53,28,-28.0
2015-04-17 18:07:53,21,-21.0
2015-04-17 18:12:53,22,-22.0
2015-04-17 18:17:53,31,-31.0
2015-04-17 18:22:53,26,-26.0
2015-04-17 18:27:53,37,-37.0
2015-04-17 18:32:53,19,-19.0
2015-04-17 18:37:53,5,-5.0
2015-04-17 18:42:53,32,-32.0
2015-04-17 18:47:53,42,-42.0
2015-04-17 18:52:53,28,-28.0
2015-04-17 18:57:53,25,-25.0
2015-04-17 19:02:53,28,-28.0
2015-04-17 19:07:53,26,-26.0
2015-04-17 19:12:53,25,-25.0
2015-04-17 19:17:53,24,-24.0
2015-04-17 19:22:53,15,-15.0
2015-04-17 19:27:53,14,-14.0
2015-04-17 19:32:53,22,-22.0
2015-04-17 19:37:53,22,-22.0
2015-04-17 19:42:53,28,-28.0
2015-04-17 19:47:53,45,-45.0
2015-04-17 19:52:53,38,-38.0
2015-04-17 19:57:53,40,-40.0
2015-04-17 20:02:53,27,-27.0
2015-04-17 20:07:53,22,-22.0
2015-04-17 20:12:53,23,-23.0
2015-04-17 20:17:53,21,-21.0
2015-04-17 20:22:53,18,-18.0
2015-04-17 20:27:53,29,-29.0
2015-04-17 20:32:53,12,-12.0
2015-04-17 20:37:53,26,-26.0
2015-04-17 20:42:53,11,-11.0
2015-04-17 20:47:53,15,-15.0
2015-04-17 20:52:53,33,-33.0
2015-04-17 20:57:53,19,-19.0
2015-04-17 21:02:53,12,-12.0
2015-04-17 21:07:53,21,-21.0
2015-04-17 21:12:53,21,-21.0
2015-04-17 21:17:53,12,-12.0
2015-04-17 21:22:53,16,-16.0
2015-04-17 21:27:53,13,-13.0
2015-04-17 21:32:53,9,-9.0
2015-04-17 21:37:53,14,-14.0
2015-04-17 21:42:53,20,-20.0
2015-04-17 21:47:53,13,-13.0
2015-04-17 21:52:53,11,-11.0
2015-04-17 21:57:53,16,-16.0
2015-04-17 22:02:53,17,-17.0
2015-04-17 22:07:53,18,-18.0
2015-04-17 22:12:53,24,-24.0
2015-04-17 22:17:53,8,-8.0
2015-04-17 22:22:53,10,-10.0
2015-04-17 22:27:53,15,-15.0
2015-04-17 22:32:53,15,-15.0
2015-04-17 22:37:53,9,-9.0
2015-04-17 22:42:53,4,-4.0
2015-04-17 22:47:53,18,-18.0
2015-04-17 22:52:53,9,-9.0
2015-04-17 22:57:53,17,-17.0
2015-04-17 23:02:53,19,-19.0
2015-04-17 23:07:53,10,-10.0
2015-04-17 23:12:53,5,-5.0
2015-04-17 23:17:53,9,-9.0
2015-04-17 23:22:53,3,-3.0
2015-04-17 23:27:53,20,-20.0
2015-04-17 23:32:53,14,-14.0
2015-04-17 23:37:53,17,-17.0
2015-04-17 23:42:53,15,-15.0
2015-04-17 23:47:53,19,-19.0
2015-04-17 23:52:53,10,-10.0
2015-04-17 23:57:53,23,-23.0
2015-04-18 00:02:53,15,-15.0
2015-04-18 00:07:53,11,-11.0
2015-04-18 00:12:53,9,-9.0
2015-04-18 00:17:53,13,-13.0
2015-04-18 00:22:53,14,-14.0
2015-04-18 00:27:53,13,-13.0
2015-04-18 00:32:53,13,-13.0
2015-04-18 00:37:53,10,-10.0
2015-04-18 00:42:53,13,-13.0
2015-04-18 00:47:53,7,-7.0
2015-04-18 00:52:53,11,-11.0
2015-04-18 00:57:53,25,-25.0
2015-04-18 01:02:53,13,-13.0
2015-04-18 01:07:53,12,-12.0
2015-04-18 01:12:53,15,-15.0
2015-04-18 01:17:53,11,-11.0
2015-04-18 01:22:53,11,-11.0
2015-04-18 01:27:53,8,-8.0
2015-04-18 01:32:53,14,-14.0
2015-04-18 01:37:53,12,-12.0
2015-04-18 01:42:53,10,-10.0
2015-04-18 01:47:53,8,-8.0
2015-04-18 01:52:53,19,-19.0
2015-04-18 01:57:53,10,-10.0
2015-04-18 02:02:53,15,-15.0
2015-04-18 02:07:53,14,-14.0
2015-04-18 02:12:53,13,-13.0
2015-04-18 02:17:53,10,-10.0
2015-04-18 02:22:53,12,-12.0
2015-04-18 02:27:53,6,-6.0
2015-04-18 02:32:53,8,-8.0
2015-04-18 02:37:53,12,-12.0
2015-04-18 02:42:53,9,-9.0
2015-04-18 02:47:53,10,-10.0
2015-04-18 02:52:53,14,-14.0
2015-04-18 02:57:53,7,-7.0
2015-04-18 03:02:53,19,-19.0
2015-04-18 03:07:53,8,-8.0
2015-04-18 03:12:53,3,-3.0
2015-04-18 03:17:53,8,-8.0
2015-04-18 03:22:53,3,-3.0
2015-04-18 03:27:53,19,-19.0
2015-04-18 03:32:53,8,-8.0
2015-04-18 03:37:53,9,-9.0
2015-04-18 03:42:53,12,-12.0
2015-04-18 03:47:53,12,-12.0
2015-04-18 03:52:53,9,-9.0
2015-04-18 03:57:53,12,-12.0
2015-04-18 04:02:53,19,-19.0
2015-04-18 04:07:53,18,-18.0
2015-04-18 04:12:53,15,-15.0
2015-04-18 04:17:53,9,-9.0
2015-04-18 04:22:53,8,-8.0
2015-04-18 04:27:53,14,-14.0
2015-04-18 04:32:53,5,-5.0
2015-04-18 04:37:53,8,-8.0
2015-04-18 04:42:53,10,-10.0
2015-04-18 04:47:53,7,-7.0
2015-04-18 04:52:53,5,-5.0
2015-04-18 04:57:53,9,-9.0
2015-04-18 05:02:53,16,-16.0
2015-04-18 05:07:53,13,-13.0
2015-04-18 05:12:53,13,-13.0
2015-04-18 05:17:53,9,-9.0
2015-04-18 05:22:53,5,-5.0
2015-04-18 05:27:53,14,-14.0
2015-04-18 05:32:53,7,-7.0
2015-04-18 05:37:53,10,-10.0
2015-04-18 05:42:53,9,-9.0
2015-04-18 05:47:53,12,-12.0
2015-04-18 05:52:53,10,-10.0
2015-04-18 05:57:53,19,-19.0
2015-04-18 06:02:53,14,-14.0
2015-04-18 06:07:53,5,-5.0
2015-04-18 06:12:53,7,-7.0
2015-04-18 06:17:53,7,-7.0
2015-04-18 06:22:53,8,-8.0
2015-04-18 06:27:53,8,-8.0
2015-04-18 06:32:53,10,-10.0
2015-04-18 06:37:53,9,-9.0
2015-04-18 06:42:53,4,-4.0
2015-04-18 06:47:53,5,-5.0
2015-04-18 06:52:53,5,-5.0
2015-04-18 06:57:53,4,-4.0
2015-04-18 07:02:53,3,-3.0
2015-04-18 07:07:53,4,-4.0
2015-04-18 07:12:53,9,-9.0
2015-04-18 07:17:53,4,-4.0
2015-04-18 07:22:53,1,-1.0
2015-04-18 07:27:53,5,-5.0
2015-04-18 07:32:53,4,-4.0
2015-04-18 07:37:53,15,-15.0
2015-04-18 07:42:53,5,-5.0
2015-04-18 07:47:53,7,-7.0
2015-04-18 07:52:53,9,-9.0
2015-04-18 07:57:53,7,-7.0
2015-04-18 08:02:53,12,-12.0
2015-04-18 08:07:53,7,-7.0
2015-04-18 08:12:53,6,-6.0
2015-04-18 08:17:53,5,-5.0
2015-04-18 08:22:53,7,-7.0
2015-04-18 08:27:53,7,-7.0
2015-04-18 08:32:53,4,-4.0
2015-04-18 08:37:53,12,-12.0
2015-04-18 08:42:53,7,-7.0
2015-04-18 08:47:53,5,-5.0
2015-04-18 08:52:53,10,-10.0
2015-04-18 08:57:53,19,-19.0
2015-04-18 09:02:53,6,-6.0
2015-04-18 09:07:53,8,-8.0
2015-04-18 09:12:53,4,-4.0
2015-04-18 09:17:53,6,-6.0
2015-04-18 09:22:53,5,-5.0
2015-04-18 09:27:53,10,-10.0
2015-04-18 09:32:53,8,-8.0
2015-04-18 09:37:53,6,-6.0
2015-04-18 09:42:53,9,-9.0
2015-04-18 09:47:53,6,-6.0
2015-04-18 09:52:53,5,-5.0
2015-04-18 09:57:53,13,-13.0
2015-04-18 10:02:53,15,-15.0
2015-04-18 10:07:53,5,-5.0
2015-04-18 10:12:53,4,-4.0
2015-04-18 10:17:53,16,-16.0
2015-04-18 10:22:53,9,-9.0
2015-04-18 10:27:53,17,-17.0
2015-04-18 10:32:53,7,-7.0
2015-04-18 10:37:53,8,-8.0
2015-04-18 10:42:53,9,-9.0
2015-04-18 10:47:53,5,-5.0
2015-04-18 10:52:53,6,-6.0
2015-04-18 10:57:53,9,-9.0
2015-04-18 11:02:53,2,-2.0
2015-04-18 11:07:53,10,-10.0
2015-04-18 11:12:53,11,-11.0
2015-04-18 11:17:53,14,-14.0
2015-04-18 11:22:53,8,-8.0
2015-04-18 11:27:53,11,-11.0
2015-04-18 11:32:53,11,-11.0
2015-04-18 11:37:53,7,-7.0
2015-04-18 11:42:53,9,-9.0
2015-04-18 11:47:53,7,-7.0
2015-04-18 11:52:53,5,-5.0
2015-04-18 11:57:53,9,-9.0
2015-04-18 12:02:53,19,-19.0
2015-04-18 12:07:53,11,-11.0
2015-04-18 12:12:53,5,-5.0
2015-04-18 12:17:53,7,-7.0
2015-04-18 12:22:53,15,-15.0
2015-04-18 12:27:53,7,-7.0
2015-04-18 12:32:53,6,-6.0
2015-04-18 12:37:53,5,-5.0
2015-04-18 12:42:53,7,-7.0
2015-04-18 12:47:53,7,-7.0
2015-04-18 12:52:53,14,-14.0
2015-04-18 12:57:53,15,-15.0
2015-04-18 13:02:53,10,-10.0
2015-04-18 13:07:53,11,-11.0
2015-04-18 13:12:53,17,-17.0
2015-04-18 13:17:53,8,-8.0
2015-04-18 13:22:53,7,-7.0
2015-04-18 13:27:53,5,-5.0
2015-04-18 13:32:53,7,-7.0
2015-04-18 13:37:53,17,-17.0
2015-04-18 13:42:53,12,-12.0
2015-04-18 13:47:53,13,-13.0
2015-04-18 13:52:53,14,-14.0
2015-04-18 13:57:53,16,-16.0
2015-04-18 14:02:53,16,-16.0
2015-04-18 14:07:53,17,-17.0
2015-04-18 14:12:53,13,-13.0
2015-04-18 14:17:53,9,-9.0
2015-04-18 14:22:53,10,-10.0
2015-04-18 14:27:53,10,-10.0
2015-04-18 14:32:53,23,-23.0
2015-04-18 14:37:53,13,-13.0
2015-04-18 14:42:53,11,-11.0
2015-04-18 14:47:53,22,-22.0
2015-04-18 14:52:53,18,-18.0
2015-04-18 14:57:53,16,-16.0
2015-04-18 15:02:53,16,-16.0
2015-04-18 15:07:53,17,-17.0
2015-04-18 15:12:53,12,-12.0
2015-04-18 15:17:53,11,-11.0
2015-04-18 15:22:53,25,-25.0
2015-04-18 15:27:53,7,-7.0
2015-04-18 15:32:53,15,-15.0
2015-04-18 15:37:53,11,-11.0
2015-04-18 15:42:53,15,-15.0
2015-04-18 15:47:53,18,-18.0
2015-04-18 15:52:53,12,-12.0
2015-04-18 15:57:53,13,-13.0
2015-04-18 16:02:53,17,-17.0
2015-04-18 16:07:53,14,-14.0
2015-04-18 16:12:53,14,-14.0
2015-04-18 16:17:53,32,-32.0
2015-04-18 16:22:53,26,-26.0
2015-04-18 16:27:53,18,-18.0
2015-04-18 16:32:53,13,-13.0
2015-04-18 16:37:53,20,-20.0
2015-04-18 16:42:53,16,-16.0
2015-04-18 16:47:53,15,-15.0
2015-04-18 16:52:53,16,-16.0
2015-04-18 16:57:53,10,-10.0
2015-04-18 17:02:53,10,-10.0
2015-04-18 17:07:53,19,-19.0
2015-04-18 17:12:53,17,-17.0
2015-04-18 17:17:53,14,-14.0
2015-04-18 17:22:53,18,-18.0
2015-04-18 17:27:53,18,-18.0
2015-04-18 17:32:53,10,-10.0
2015-04-18 17:37:53,15,-15.0
2015-04-18 17:42:53,8,-8.0
2015-04-18 17:47:53,7,-7.0
2015-04-18 17:52:53,7,-7.0
2015-04-18 17:57:53,12,-12.0
2015-04-18 18:02:53,13,-13.0
2015-04-18 18:07:53,17,-17.0
2015-04-18 18:12:53,18,-18.0
2015-04-18 18:17:53,18,-18.0
2015-04-18 18:22:53,7,-7.0
2015-04-18 18:27:53,13,-13.0
2015-04-18 18:32:53,20,-20.0
2015-04-18 18:37:53,11,-11.0
2015-04-18 18:42:53,5,-5.0
2015-04-18 18:47:53,20,-20.0
2015-04-18 18:52:53,6,-6.0
2015-04-18 18:57:53,12,-12.0
2015-04-18 19:02:53,21,-21.0
2015-04-18 19:07:53,10,-10.0
2015-04-18 19:12:53,9,-9.0
2015-04-18 19:17:53,5,-5.0
2015-04-18 19:22:53,9,-9.0
2015-04-18 19:27:53,12,-12.0
2015-04-18 19:32:53,28,-28.0
2015-04-18 19:37:53,11,-11.0
2015-04-18 19:42:53,13,-13.0
2015-04-18 19:47:53,20,-20.0
2015-04-18 19:52:53,12,-12.0
2015-04-18 19:57:53,10,-10.0
2015-04-18 20:02:53,14,-14.0
2015-04-18 20:07:53,7,-7.0
2015-04-18 20:12:53,11,-11.0
2015-04-18 20:17:53,9,-9.0
2015-04-18 20:22:53,9,-9.0
2015-04-18 20:27:53,8,-8.0
2015-04-18 20:32:53,9,-9.0
2015-04-18 20:37:53,8,-8.0
2015-04-18 20:42:53,9,-9.0
2015-04-18 20:47:53,8,-8.0
2015-04-18 20:52:53,6,-6.0
2015-04-18 20:57:53,10,-10.0
2015-04-18 21:02:53,14,-14.0
2015-04-18 21:07:53,10,-10.0
2015-04-18 21:12:53,9,-9.0
2015-04-18 21:17:53,8,-8.0
2015-04-18 21:22:53,7,-7.0
2015-04-18 21:27:53,6,-6.0
2015-04-18 21:32:53,10,-10.0
2015-04-18 21:37:53,13,-13.0
2015-04-18 21:42:53,7,-7.0
2015-04-18 21:47:53,2,-2.0
2015-04-18 21:52:53,7,-7.0
2015-04-18 21:57:53,9,-9.0
2015-04-18 22:02:53,7,-7.0
2015-04-18 22:07:53,6,-6.0
2015-04-18 22:12:53,6,-6.0
2015-04-18 22:17:53,8,-8.0
2015-04-18 22:22:53,6,-6.0
2015-04-18 22:27:53,7,-7.0
2015-04-18 22:32:53,7,-7.0
2015-04-18 22:37:53,5,-5.0
2015-04-18 22:42:53,6,-6.0
2015-04-18 22:47:53,3,-3.0
2015-04-18 22:52:53,11,-11.0
2015-04-18 22:57:53,9,-9.0
2015-04-18 23:02:53,7,-7.0
2015-04-18 23:07:53,6,-6.0
2015-04-18 23:12:53,11,-11.0
2015-04-18 23:17:53,18,-18.0
2015-04-18 23:22:53,11,-11.0
2015-04-18 23:27:53,8,-8.0
2015-04-18 23:32:53,8,-8.0
2015-04-18 23:37:53,8,-8.0
2015-04-18 23:42:53,13,-13.0
2015-04-18 23:47:53,15,-15.0
2015-04-18 23:52:53,9,-9.0
2015-04-18 23:57:53,13,-13.0
2015-04-19 00:02:53,10,-10.0
2015-04-19 00:07:53,8,-8.0
2015-04-19 00:12:53,5,-5.0
2015-04-19 00:17:53,2,-2.0
2015-04-19 00:22:53,11,-11.0
2015-04-19 00:27:53,8,-8.0
2015-04-19 00:32:53,9,-9.0
2015-04-19 00:37:53,15,-15.0
2015-04-19 00:42:53,5,-5.0
2015-04-19 00:47:53,5,-5.0
2015-04-19 00:52:53,5,-5.0
2015-04-19 00:57:53,5,-5.0
2015-04-19 01:02:53,5,-5.0
2015-04-19 01:07:53,7,-7.0
2015-04-19 01:12:53,11,-11.0
2015-04-19 01:17:53,6,-6.0
2015-04-19 01:22:53,12,-12.0
2015-04-19 01:27:53,10,-10.0
2015-04-19 01:32:53,14,-14.0
2015-04-19 01:37:53,8,-8.0
2015-04-19 01:42:53,7,-7.0
2015-04-19 01:47:53,7,-7.0
2015-04-19 01:52:53,7,-7.0
2015-04-19 01:57:53,6,-6.0
2015-04-19 02:02:53,6,-6.0
2015-04-19 02:07:53,15,-15.0
2015-04-19 02:12:53,7,-7.0
2015-04-19 02:17:53,6,-6.0
2015-04-19 02:22:53,10,-10.0
2015-04-19 02:27:53,3,-3.0
2015-04-19 02:32:53,6,-6.0
2015-04-19 02:37:53,8,-8.0
2015-04-19 02:42:53,5,-5.0
2015-04-19 02:47:53,9,-9.0
2015-04-19 02:52:53,8,-8.0
2015-04-19 02:57:53,11,-11.0
2015-04-19 03:02:53,4,-4.0
2015-04-19 03:07:53,15,-15.0
2015-04-19 03:12:53,8,-8.0
2015-04-19 03:17:53,11,-11.0
2015-04-19 03:22:53,5,-5.0
2015-04-19 03:27:53,2,-2.0
2015-04-19 03:32:53,11,-11.0
2015-04-19 03:37:53,8,-8.0
2015-04-19 03:42:53,4,-4.0
2015-04-19 03:47:53,10,-10.0
2015-04-19 03:52:53,2,-2.0
2015-04-19 03:57:53,3,-3.0
2015-04-19 04:02:53,10,-10.0
2015-04-19 04:07:53,5,-5.0
2015-04-19 04:12:53,4,-4.0
2015-04-19 04:17:53,4,-4.0
2015-04-19 04:22:53,4,-4.0
2015-04-19 04:27:53,4,-4.0
2015-04-19 04:32:53,6,-6.0
2015-04-19 04:37:53,11,-11.0
2015-04-19 04:42:53,8,-8.0
2015-04-19 04:47:53,6,-6.0
2015-04-19 04:52:53,5,-5.0
2015-04-19 04:57:53,18,-18.0
2015-04-19 05:02:53,19,-19.0
2015-04-19 05:07:53,13,-13.0
2015-04-19 05:12:53,11,-11.0
2015-04-19 05:17:53,8,-8.0
2015-04-19 05:22:53,10,-10.0
2015-04-19 05:27:53,8,-8.0
2015-04-19 05:32:53,11,-11.0
2015-04-19 05:37:53,6,-6.0
2015-04-19 05:42:53,14,-14.0
2015-04-19 05:47:53,14,-14.0
2015-04-19 05:52:53,6,-6.0
2015-04-19 05:57:53,3,-3.0
2015-04-19 06:02:53,7,-7.0
2015-04-19 06:07:53,8,-8.0
2015-04-19 06:12:53,5,-5.0
2015-04-19 06:17:53,5,-5.0
2015-04-19 06:22:53,7,-7.0
2015-04-19 06:27:53,3,-3.0
2015-04-19 06:32:53,3,-3.0
2015-04-19 06:37:53,5,-5.0
2015-04-19 06:42:53,8,-8.0
2015-04-19 06:47:53,9,-9.0
2015-04-19 06:52:53,6,-6.0
2015-04-19 06:57:53,5,-5.0
2015-04-19 07:02:53,10,-10.0
2015-04-19 07:07:53,4,-4.0
2015-04-19 07:12:53,8,-8.0
2015-04-19 07:17:53,3,-3.0
2015-04-19 07:22:53,12,-12.0
2015-04-19 07:27:53,6,-6.0
2015-04-19 07:32:53,6,-6.0
2015-04-19 07:37:53,6,-6.0
2015-04-19 07:42:53,9,-9.0
2015-04-19 07:47:53,4,-4.0
2015-04-19 07:52:53,5,-5.0
2015-04-19 07:57:53,5,-5.0
2015-04-19 08:02:53,5,-5.0
2015-04-19 08:07:53,10,-10.0
2015-04-19 08:12:53,8,-8.0
2015-04-19 08:17:53,7,-7.0
2015-04-19 08:22:53,5,-5.0
2015-04-19 08:27:53,6,-6.0
2015-04-19 08:32:53,6,-6.0
2015-04-19 08:37:53,12,-12.0
2015-04-19 08:42:53,6,-6.0
2015-04-19 08:47:53,3,-3.0
2015-04-19 08:52:53,4,-4.0
2015-04-19 08:57:53,6,-6.0
2015-04-19 09:02:53,11,-11.0
2015-04-19 09:07:53,3,-3.0
2015-04-19 09:12:53,11,-11.0
2015-04-19 09:17:53,4,-4.0
2015-04-19 09:22:53,8,-8.0
2015-04-19 09:27:53,10,-10.0
2015-04-19 09:32:53,13,-13.0
2015-04-19 09:37:53,4,-4.0
2015-04-19 09:42:53,11,-11.0
2015-04-19 09:47:53,10,-10.0
2015-04-19 09:52:53,6,-6.0
2015-04-19 09:57:53,5,-5.0
2015-04-19 10:02:53,8,-8.0
2015-04-19 10:07:53,4,-4.0
2015-04-19 10:12:53,6,-6.0
2015-04-19 10:17:53,6,-6.0
2015-04-19 10:22:53,4,-4.0
2015-04-19 10:27:53,8,-8.0
2015-04-19 10:32:53,2,-2.0
2015-04-19 10:37:53,8,-8.0
2015-04-19 10:42:53,11,-11.0
2015-04-19 10:47:53,15,-15.0
2015-04-19 10:52:53,8,-8.0
2015-04-19 10:57:53,13,-13.0
2015-04-19 11:02:53,6,-6.0
2015-04-19 11:07:53,7,-7.0
2015-04-19 11:12:53,12,-12.0
2015-04-19 11:17:53,3,-3.0
2015-04-19 11:22:53,5,-5.0
2015-04-19 11:27:53,5,-5.0
2015-04-19 11:32:53,12,-12.0
2015-04-19 11:37:53,5,-5.0
2015-04-19 11:42:53,1,-1.0
2015-04-19 11:47:53,5,-5.0
2015-04-19 11:52:53,10,-10.0
2015-04-19 11:57:53,14,-14.0
2015-04-19 12:02:53,8,-8.0
2015-04-19 12:07:53,4,-4.0
2015-04-19 12:12:53,2,-2.0
2015-04-19 12:17:53,13,-13.0
2015-04-19 12:22:53,6,-6.0
2015-04-19 12:27:53,5,-5.0
2015-04-19 12:32:53,10,-10.0
2015-04-19 12:37:53,12,-12.0
2015-04-19 12:42:53,11,-11.0
2015-04-19 12:47:53,12,-12.0
2015-04-19 12:52:53,11,-11.0
2015-04-19 12:57:53,7,-7.0
2015-04-19 13:02:53,15,-15.0
2015-04-19 13:07:53,8,-8.0
2015-04-19 13:12:53,14,-14.0
2015-04-19 13:17:53,15,-15.0
2015-04-19 13:22:53,5,-5.0
2015-04-19 13:27:53,5,-5.0
2015-04-19 13:32:53,11,-11.0
2015-04-19 13:37:53,4,-4.0
2015-04-19 13:42:53,10,-10.0
2015-04-19 13:47:53,6,-6.0
2015-04-19 13:52:53,7,-7.0
2015-04-19 13:57:53,4,-4.0
2015-04-19 14:02:53,11,-11.0
2015-04-19 14:07:53,7,-7.0
2015-04-19 14:12:53,7,-7.0
2015-04-19 14:17:53,4,-4.0
2015-04-19 14:22:53,13,-13.0
2015-04-19 14:27:53,8,-8.0
2015-04-19 14:32:53,8,-8.0
2015-04-19 14:37:53,10,-10.0
2015-04-19 14:42:53,7,-7.0
2015-04-19 14:47:53,14,-14.0
2015-04-19 14:52:53,20,-20.0
2015-04-19 14:57:53,9,-9.0
2015-04-19 15:02:53,12,-12.0
2015-04-19 15:07:53,12,-12.0
2015-04-19 15:12:53,3,-3.0
2015-04-19 15:17:53,6,-6.0
2015-04-19 15:22:53,7,-7.0
2015-04-19 15:27:53,5,-5.0
2015-04-19 15:32:53,16,-16.0
2015-04-19 15:37:53,14,-14.0
2015-04-19 15:42:53,10,-10.0
2015-04-19 15:47:53,12,-12.0
2015-04-19 15:52:53,9,-9.0
2015-04-19 15:57:53,16,-16.0
2015-04-19 16:02:53,23,-23.0
2015-04-19 16:07:53,9,-9.0
2015-04-19 16:12:53,8,-8.0
2015-04-19 16:17:53,6,-6.0
2015-04-19 16:22:53,4,-4.0
2015-04-19 16:27:53,11,-11.0
2015-04-19 16:32:53,12,-12.0
2015-04-19 16:37:53,6,-6.0
2015-04-19 16:42:53,6,-6.0
2015-04-19 16:47:53,12,-12.0
2015-04-19 16:52:53,12,-12.0
2015-04-19 16:57:53,7,-7.0
2015-04-19 17:02:53,20,-20.0
2015-04-19 17:07:53,14,-14.0
2015-04-19 17:12:53,11,-11.0
2015-04-19 17:17:53,10,-10.0
2015-04-19 17:22:53,9,-9.0
2015-04-19 17:27:53,15,-15.0
2015-04-19 17:32:53,14,-14.0
2015-04-19 17:37:53,11,-11.0
2015-04-19 17:42:53,13,-13.0
2015-04-19 17:47:53,21,-21.0
2015-04-19 17:52:53,7,-7.0
2015-04-19 17:57:53,15,-15.0
2015-04-19 18:02:53,9,-9.0
2015-04-19 18:07:53,12,-12.0
2015-04-19 18:12:53,11,-11.0
2015-04-19 18:17:53,14,-14.0
2015-04-19 18:22:53,8,-8.0
2015-04-19 18:27:53,19,-19.0
2015-04-19 18:32:53,18,-18.0
2015-04-19 18:37:53,12,-12.0
2015-04-19 18:42:53,26,-26.0
2015-04-19 18:47:53,18,-18.0
2015-04-19 18:52:53,17,-17.0
2015-04-19 18:57:53,12,-12.0
2015-04-19 19:02:53,7,-7.0
2015-04-19 19:07:53,10,-10.0
2015-04-19 19:12:53,10,-10.0
2015-04-19 19:17:53,10,-10.0
2015-04-19 19:22:53,8,-8.0
2015-04-19 19:27:53,10,-10.0
2015-04-19 19:32:53,14,-14.0
2015-04-19 19:37:53,5,-5.0
2015-04-19 19:42:53,9,-9.0
2015-04-19 19:47:53,11,-11.0
2015-04-19 19:52:53,7,-7.0
2015-04-19 19:57:53,12,-12.0
2015-04-19 20:02:53,9,-9.0
2015-04-19 20:07:53,14,-14.0
2015-04-19 20:12:53,8,-8.0
2015-04-19 20:17:53,19,-19.0
2015-04-19 20:22:53,6,-6.0
2015-04-19 20:27:53,11,-11.0
2015-04-19 20:32:53,12,-12.0
2015-04-19 20:37:53,14,-14.0
2015-04-19 20:42:53,18,-18.0
2015-04-19 20:47:53,5,-5.0
2015-04-19 20:52:53,8,-8.0
2015-04-19 20:57:53,19,-19.0
2015-04-19 21:02:53,19,-19.0
2015-04-19 21:07:53,10,-10.0
2015-04-19 21:12:53,14,-14.0
2015-04-19 21:17:53,8,-8.0
2015-04-19 21:22:53,8,-8.0
2015-04-19 21:27:53,16,-16.0
2015-04-19 21:32:53,16,-16.0
2015-04-19 21:37:53,15,-15.0
2015-04-19 21:42:53,16,-16.0
2015-04-19 21:47:53,16,-16.0
2015-04-19 21:52:53,10,-10.0
2015-04-19 21:57:53,6,-6.0
2015-04-19 22:02:53,15,-15.0
2015-04-19 22:07:53,6,-6.0
2015-04-19 22:12:53,9,-9.0
2015-04-19 22:17:53,6,-6.0
2015-04-19 22:22:53,10,-10.0
2015-04-19 22:27:53,19,-19.0
2015-04-19 22:32:53,10,-10.0
2015-04-19 22:37:53,2,-2.0
2015-04-19 22:42:53,9,-9.0
2015-04-19 22:47:53,11,-11.0
2015-04-19 22:52:53,18,-18.0
2015-04-19 22:57:53,19,-19.0
2015-04-19 23:02:53,13,-13.0
2015-04-19 23:07:53,9,-9.0
2015-04-19 23:12:53,13,-13.0
2015-04-19 23:17:53,17,-17.0
2015-04-19 23:22:53,5,-5.0
2015-04-19 23:27:53,12,-12.0
2015-04-19 23:32:53,12,-12.0
2015-04-19 23:37:53,8,-8.0
2015-04-19 23:42:53,4,-4.0
2015-04-19 23:47:53,7,-7.0
2015-04-19 23:52:53,7,-7.0
2015-04-19 23:57:53,6,-6.0
2015-04-20 00:02:53,4,-4.0
2015-04-20 00:07:53,13,-13.0
2015-04-20 00:12:53,14,-14.0
2015-04-20 00:17:53,4,-4.0
2015-04-20 00:22:53,4,-4.0
2015-04-20 00:27:53,10,-10.0
2015-04-20 00:32:53,5,-5.0
2015-04-20 00:37:53,3,-3.0
2015-04-20 00:42:53,7,-7.0
2015-04-20 00:47:53,23,-23.0
2015-04-20 00:52:53,7,-7.0
2015-04-20 00:57:53,12,-12.0
2015-04-20 01:02:53,8,-8.0
2015-04-20 01:07:53,15,-15.0
2015-04-20 01:12:53,10,-10.0
2015-04-20 01:17:53,7,-7.0
2015-04-20 01:22:53,18,-18.0
2015-04-20 01:27:53,13,-13.0
2015-04-20 01:32:53,10,-10.0
2015-04-20 01:37:53,16,-16.0
2015-04-20 01:42:53,8,-8.0
2015-04-20 01:47:53,9,-9.0
2015-04-20 01:52:53,6,-6.0
2015-04-20 01:57:53,19,-19.0
2015-04-20 02:02:53,5,-5.0
2015-04-20 02:07:53,10,-10.0
2015-04-20 02:12:53,10,-10.0
2015-04-20 02:17:53,14,-14.0
2015-04-20 02:22:53,7,-7.0
2015-04-20 02:27:53,14,-14.0
2015-04-20 02:32:53,7,-7.0
2015-04-20 02:37:53,7,-7.0
2015-04-20 02:42:53,5,-5.0
2015-04-20 02:47:53,8,-8.0
2015-04-20 02:52:53,5,-5.0
2015-04-20 02:57:53,10,-10.0
2015-04-20 03:02:53,0,0.0
2015-04-20 03:07:53,16,-16.0
2015-04-20 03:12:53,7,-7.0
2015-04-20 03:17:53,11,-11.0
2015-04-20 03:22:53,13,-13.0
2015-04-20 03:27:53,14,-14.0
2015-04-20 03:32:53,15,-15.0
2015-04-20 03:37:53,6,-6.0
2015-04-20 03:42:53,9,-9.0
2015-04-20 03:47:53,8,-8.0
2015-04-20 03:52:53,16,-16.0
2015-04-20 03:57:53,15,-15.0
2015-04-20 04:02:53,14,-14.0
2015-04-20 04:07:53,9,-9.0
2015-04-20 04:12:53,13,-13.0
2015-04-20 04:17:53,11,-11.0
2015-04-20 04:22:53,9,-9.0
2015-04-20 04:27:53,8,-8.0
2015-04-20 04:32:53,3,-3.0
2015-04-20 04:37:53,6,-6.0
2015-04-20 04:42:53,8,-8.0
2015-04-20 04:47:53,14,-14.0
2015-04-20 04:52:53,9,-9.0
2015-04-20 04:57:53,10,-10.0
2015-04-20 05:02:53,6,-6.0
2015-04-20 05:07:53,4,-4.0
2015-04-20 05:12:53,9,-9.0
2015-04-20 05:17:53,16,-16.0
2015-04-20 05:22:53,11,-11.0
2015-04-20 05:27:53,8,-8.0
2015-04-20 05:32:53,8,-8.0
2015-04-20 05:37:53,1,-1.0
2015-04-20 05:42:53,5,-5.0
2015-04-20 05:47:53,12,-12.0
2015-04-20 05:52:53,3,-3.0
2015-04-20 05:57:53,15,-15.0
2015-04-20 06:02:53,16,-16.0
2015-04-20 06:07:53,7,-7.0
2015-04-20 06:12:53,4,-4.0
2015-04-20 06:17:53,10,-10.0
2015-04-20 06:22:53,7,-7.0
2015-04-20 06:27:53,13,-13.0
2015-04-20 06:32:53,5,-5.0
2015-04-20 06:37:53,15,-15.0
2015-04-20 06:42:53,5,-5.0
2015-04-20 06:47:53,7,-7.0
2015-04-20 06:52:53,15,-15.0
2015-04-20 06:57:53,14,-14.0
2015-04-20 07:02:53,4,-4.0
2015-04-20 07:07:53,11,-11.0
2015-04-20 07:12:53,10,-10.0
2015-04-20 07:17:53,9,-9.0
2015-04-20 07:22:53,7,-7.0
2015-04-20 07:27:53,8,-8.0
2015-04-20 07:32:53,9,-9.0
2015-04-20 07:37:53,12,-12.0
2015-04-20 07:42:53,8,-8.0
2015-04-20 07:47:53,13,-13.0
2015-04-20 07:52:53,11,-11.0
2015-04-20 07:57:53,20,-20.0
2015-04-20 08:02:53,14,-14.0
2015-04-20 08:07:53,15,-15.0
2015-04-20 08:12:53,11,-11.0
2015-04-20 08:17:53,11,-11.0
2015-04-20 08:22:53,12,-12.0
2015-04-20 08:27:53,10,-10.0
2015-04-20 08:32:53,14,-14.0
2015-04-20 08:37:53,8,-8.0
2015-04-20 08:42:53,9,-9.0
2015-04-20 08:47:53,8,-8.0
2015-04-20 08:52:53,8,-8.0
2015-04-20 08:57:53,13,-13.0
2015-04-20 09:02:53,12,-12.0
2015-04-20 09:07:53,18,-18.0
2015-04-20 09:12:53,10,-10.0
2015-04-20 09:17:53,7,-7.0
2015-04-20 09:22:53,13,-13.0
2015-04-20 09:27:53,11,-11.0
2015-04-20 09:32:53,12,-12.0
2015-04-20 09:37:53,9,-9.0
2015-04-20 09:42:53,14,-14.0
2015-04-20 09:47:53,8,-8.0
2015-04-20 09:52:53,10,-10.0
2015-04-20 09:57:53,16,-16.0
2015-04-20 10:02:53,11,-11.0
2015-04-20 10:07:53,7,-7.0
2015-04-20 10:12:53,11,-11.0
2015-04-20 10:17:53,10,-10.0
2015-04-20 10:22:53,16,-16.0
2015-04-20 10:27:53,10,-10.0
2015-04-20 10:32:53,11,-11.0
2015-04-20 10:37:53,7,-7.0
2015-04-20 10:42:53,7,-7.0
2015-04-20 10:47:53,7,-7.0
2015-04-20 10:52:53,8,-8.0
2015-04-20 10:57:53,13,-13.0
2015-04-20 11:02:53,7,-7.0
2015-04-20 11:07:53,15,-15.0
2015-04-20 11:12:53,11,-11.0
2015-04-20 11:17:53,13,-13.0
2015-04-20 11:22:53,13,-13.0
2015-04-20 11:27:53,14,-14.0
2015-04-20 11:32:53,16,-16.0
2015-04-20 11:37:53,27,-27.0
2015-04-20 11:42:53,16,-16.0
2015-04-20 11:47:53,27,-27.0
2015-04-20 11:52:53,12,-12.0
2015-04-20 11:57:53,32,-32.0
2015-04-20 12:02:53,26,-26.0
2015-04-20 12:07:53,19,-19.0
2015-04-20 12:12:53,21,-21.0
2015-04-20 12:17:53,27,-27.0
2015-04-20 12:22:53,16,-16.0
2015-04-20 12:27:53,29,-29.0
2015-04-20 12:32:53,15,-15.0
2015-04-20 12:37:53,18,-18.0
2015-04-20 12:42:53,16,-16.0
2015-04-20 12:47:53,16,-16.0
2015-04-20 12:52:53,27,-27.0
2015-04-20 12:57:53,41,-41.0
2015-04-20 13:02:53,27,-27.0
2015-04-20 13:07:53,24,-24.0
2015-04-20 13:12:53,32,-32.0
2015-04-20 13:17:53,38,-38.0
2015-04-20 13:22:53,33,-33.0
2015-04-20 13:27:53,24,-24.0
2015-04-20 13:32:53,33,-33.0
2015-04-20 13:37:53,25,-25.0
2015-04-20 13:42:53,35,-35.0
2015-04-20 13:47:53,32,-32.0
2015-04-20 13:52:53,23,-23.0
2015-04-20 13:57:53,33,-33.0
2015-04-20 14:02:53,35,-35.0
2015-04-20 14:07:53,35,-35.0
2015-04-20 14:12:53,36,-36.0
2015-04-20 14:17:53,44,-44.0
2015-04-20 14:22:53,26,-26.0
2015-04-20 14:27:53,37,-37.0
2015-04-20 14:32:53,30,-30.0
2015-04-20 14:37:53,21,-21.0
2015-04-20 14:42:53,32,-32.0
2015-04-20 14:47:53,23,-23.0
2015-04-20 14:52:53,32,-32.0
2015-04-20 14:57:53,30,-30.0
2015-04-20 15:02:53,25,-25.0
2015-04-20 15:07:53,28,-28.0
2015-04-20 15:12:53,26,-26.0
2015-04-20 15:17:53,24,-24.0
2015-04-20 15:22:53,32,-32.0
2015-04-20 15:27:53,29,-29.0
2015-04-20 15:32:53,29,-29.0
2015-04-20 15:37:53,26,-26.0
2015-04-20 15:42:53,29,-29.0
2015-04-20 15:47:53,30,-30.0
2015-04-20 15:52:53,25,-25.0
2015-04-20 15:57:53,38,-38.0
2015-04-20 16:02:53,19,-19.0
2015-04-20 16:07:53,28,-28.0
2015-04-20 16:12:53,23,-23.0
2015-04-20 16:17:53,32,-32.0
2015-04-20 16:22:53,25,-25.0
2015-04-20 16:27:53,22,-22.0
2015-04-20 16:32:53,24,-24.0
2015-04-20 16:37:53,22,-22.0
2015-04-20 16:42:53,59,-59.0
2015-04-20 16:47:53,39,-39.0
2015-04-20 16:52:53,36,-36.0
2015-04-20 16:57:53,27,-27.0
2015-04-20 17:02:53,49,-49.0
2015-04-20 17:07:53,31,-31.0
2015-04-20 17:12:53,29,-29.0
2015-04-20 17:17:53,32,-32.0
2015-04-20 17:22:53,30,-30.0
2015-04-20 17:27:53,27,-27.0
2015-04-20 17:32:53,23,-23.0
2015-04-20 17:37:53,24,-24.0
2015-04-20 17:42:53,34,-34.0
2015-04-20 17:47:53,27,-27.0
2015-04-20 17:52:53,28,-28.0
2015-04-20 17:57:53,42,-42.0
2015-04-20 18:02:53,75,-75.0
2015-04-20 18:07:53,39,-39.0
2015-04-20 18:12:53,34,-34.0
2015-04-20 18:17:53,42,-42.0
2015-04-20 18:22:53,43,-43.0
2015-04-20 18:27:53,25,-25.0
2015-04-20 18:32:53,46,-46.0
2015-04-20 18:37:53,35,-35.0
2015-04-20 18:42:53,43,-43.0
2015-04-20 18:47:53,30,-30.0
2015-04-20 18:52:53,29,-29.0
2015-04-20 18:57:53,31,-31.0
2015-04-20 19:02:53,46,-46.0
2015-04-20 19:07:53,23,-23.0
2015-04-20 19:12:53,25,-25.0
2015-04-20 19:17:53,28,-28.0
2015-04-20 19:22:53,27,-27.0
2015-04-20 19:27:53,32,-32.0
2015-04-20 19:32:53,20,-20.0
2015-04-20 19:37:53,17,-17.0
2015-04-20 19:42:53,22,-22.0
2015-04-20 19:47:53,16,-16.0
2015-04-20 19:52:53,19,-19.0
2015-04-20 19:57:53,30,-30.0
2015-04-20 20:02:53,32,-32.0
2015-04-20 20:07:53,33,-33.0
2015-04-20 20:12:53,16,-16.0
2015-04-20 20:17:53,20,-20.0
2015-04-20 20:22:53,17,-17.0
2015-04-20 20:27:53,17,-17.0
2015-04-20 20:32:53,17,-17.0
2015-04-20 20:37:53,26,-26.0
2015-04-20 20:42:53,31,-31.0
2015-04-20 20:47:53,23,-23.0
2015-04-20 20:52:53,17,-17.0
2015-04-20 20:57:53,29,-29.0
2015-04-20 21:02:53,14,-14.0
2015-04-20 21:07:53,29,-29.0
2015-04-20 21:12:53,16,-16.0
2015-04-20 21:17:53,14,-14.0
2015-04-20 21:22:53,15,-15.0
2015-04-20 21:27:53,26,-26.0
2015-04-20 21:32:53,22,-22.0
2015-04-20 21:37:53,27,-27.0
2015-04-20 21:42:53,18,-18.0
2015-04-20 21:47:53,18,-18.0
2015-04-20 21:52:53,22,-22.0
2015-04-20 21:57:53,29,-29.0
2015-04-20 22:02:53,34,-34.0
2015-04-20 22:07:53,42,-42.0
2015-04-20 22:12:53,25,-25.0
2015-04-20 22:17:53,15,-15.0
2015-04-20 22:22:53,14,-14.0
2015-04-20 22:27:53,28,-28.0
2015-04-20 22:32:53,16,-16.0
2015-04-20 22:37:53,29,-29.0
2015-04-20 22:42:53,31,-31.0
2015-04-20 22:47:53,28,-28.0
2015-04-20 22:52:53,16,-16.0
2015-04-20 22:57:53,28,-28.0
2015-04-20 23:02:53,24,-24.0
2015-04-20 23:07:53,16,-16.0
2015-04-20 23:12:53,15,-15.0
2015-04-20 23:17:53,10,-10.0
2015-04-20 23:22:53,10,-10.0
2015-04-20 23:27:53,15,-15.0
2015-04-20 23:32:53,12,-12.0
2015-04-20 23:37:53,20,-20.0
2015-04-20 23:42:53,13,-13.0
2015-04-20 23:47:53,29,-29.0
2015-04-20 23:52:53,22,-22.0
2015-04-20 23:57:53,18,-18.0
2015-04-21 00:02:53,14,-14.0
2015-04-21 00:07:53,21,-21.0
2015-04-21 00:12:53,16,-16.0
2015-04-21 00:17:53,17,-17.0
2015-04-21 00:22:53,20,-20.0
2015-04-21 00:27:53,14,-14.0
2015-04-21 00:32:53,16,-16.0
2015-04-21 00:37:53,20,-20.0
2015-04-21 00:42:53,21,-21.0
2015-04-21 00:47:53,23,-23.0
2015-04-21 00:52:53,26,-26.0
2015-04-21 00:57:53,35,-35.0
2015-04-21 01:02:53,16,-16.0
2015-04-21 01:07:53,18,-18.0
2015-04-21 01:12:53,25,-25.0
2015-04-21 01:17:53,15,-15.0
2015-04-21 01:22:53,14,-14.0
2015-04-21 01:27:53,17,-17.0
2015-04-21 01:32:53,11,-11.0
2015-04-21 01:37:53,16,-16.0
2015-04-21 01:42:53,35,-35.0
2015-04-21 01:47:53,10,-10.0
2015-04-21 01:52:53,14,-14.0
2015-04-21 01:57:53,9,-9.0
2015-04-21 02:02:53,13,-13.0
2015-04-21 02:07:53,20,-20.0
2015-04-21 02:12:53,19,-19.0
2015-04-21 02:17:53,10,-10.0
2015-04-21 02:22:53,20,-20.0
2015-04-21 02:27:53,16,-16.0
2015-04-21 02:32:53,12,-12.0
2015-04-21 02:37:53,11,-11.0
2015-04-21 02:42:53,11,-11.0
2015-04-21 02:47:53,12,-12.0
2015-04-21 02:52:53,13,-13.0
2015-04-21 02:57:53,11,-11.0
2015-04-21 03:02:53,8,-8.0
2015-04-21 03:07:53,8,-8.0
2015-04-21 03:12:53,13,-13.0
2015-04-21 03:17:53,13,-13.0
2015-04-21 03:22:53,7,-7.0
2015-04-21 03:27:53,20,-20.0
2015-04-21 03:32:53,20,-20.0
2015-04-21 03:37:53,14,-14.0
2015-04-21 03:42:53,11,-11.0
2015-04-21 03:47:53,17,-17.0
2015-04-21 03:52:53,13,-13.0
2015-04-21 03:57:53,12,-12.0
2015-04-21 04:02:53,12,-12.0
2015-04-21 04:07:53,12,-12.0
2015-04-21 04:12:53,14,-14.0
2015-04-21 04:17:53,16,-16.0
2015-04-21 04:22:53,13,-13.0
2015-04-21 04:27:53,15,-15.0
2015-04-21 04:32:53,10,-10.0
2015-04-21 04:37:53,14,-14.0
2015-04-21 04:42:53,9,-9.0
2015-04-21 04:47:53,13,-13.0
2015-04-21 04:52:53,12,-12.0
2015-04-21 04:57:53,14,-14.0
2015-04-21 05:02:53,9,-9.0
2015-04-21 05:07:53,14,-14.0
2015-04-21 05:12:53,21,-21.0
2015-04-21 05:17:53,16,-16.0
2015-04-21 05:22:53,12,-12.0
2015-04-21 05:27:53,16,-16.0
2015-04-21 05:32:53,8,-8.0
2015-04-21 05:37:53,18,-18.0
2015-04-21 05:42:53,14,-14.0
2015-04-21 05:47:53,11,-11.0
2015-04-21 05:52:53,26,-26.0
2015-04-21 05:57:53,8,-8.0
2015-04-21 06:02:53,18,-18.0
2015-04-21 06:07:53,19,-19.0
2015-04-21 06:12:53,14,-14.0
2015-04-21 06:17:53,8,-8.0
2015-04-21 06:22:53,8,-8.0
2015-04-21 06:27:53,27,-27.0
2015-04-21 06:32:53,17,-17.0
2015-04-21 06:37:53,26,-26.0
2015-04-21 06:42:53,16,-16.0
2015-04-21 06:47:53,24,-24.0
2015-04-21 06:52:53,24,-24.0
2015-04-21 06:57:53,17,-17.0
2015-04-21 07:02:53,17,-17.0
2015-04-21 07:07:53,14,-14.0
2015-04-21 07:12:53,24,-24.0
2015-04-21 07:17:53,19,-19.0
2015-04-21 07:22:53,11,-11.0
2015-04-21 07:27:53,25,-25.0
2015-04-21 07:32:53,13,-13.0
2015-04-21 07:37:53,20,-20.0
2015-04-21 07:42:53,27,-27.0
2015-04-21 07:47:53,32,-32.0
2015-04-21 07:52:53,38,-38.0
2015-04-21 07:57:53,18,-18.0
2015-04-21 08:02:53,23,-23.0
2015-04-21 08:07:53,8,-8.0
2015-04-21 08:12:53,23,-23.0
2015-04-21 08:17:53,19,-19.0
2015-04-21 08:22:53,14,-14.0
2015-04-21 08:27:53,27,-27.0
2015-04-21 08:32:53,24,-24.0
2015-04-21 08:37:53,17,-17.0
2015-04-21 08:42:53,21,-21.0
2015-04-21 08:47:53,18,-18.0
2015-04-21 08:52:53,23,-23.0
2015-04-21 08:57:53,23,-23.0
2015-04-21 09:02:53,23,-23.0
2015-04-21 09:07:53,20,-20.0
2015-04-21 09:12:53,29,-29.0
2015-04-21 09:17:53,24,-24.0
2015-04-21 09:22:53,18,-18.0
2015-04-21 09:27:53,17,-17.0
2015-04-21 09:32:53,16,-16.0
2015-04-21 09:37:53,15,-15.0
2015-04-21 09:42:53,17,-17.0
2015-04-21 09:47:53,13,-13.0
2015-04-21 09:52:53,35,-35.0
2015-04-21 09:57:53,29,-29.0
2015-04-21 10:02:53,34,-34.0
2015-04-21 10:07:53,13,-13.0
2015-04-21 10:12:53,19,-19.0
2015-04-21 10:17:53,29,-29.0
2015-04-21 10:22:53,32,-32.0
2015-04-21 10:27:53,18,-18.0
2015-04-21 10:32:53,19,-19.0
2015-04-21 10:37:53,22,-22.0
2015-04-21 10:42:53,25,-25.0
2015-04-21 10:47:53,33,-33.0
2015-04-21 10:52:53,24,-24.0
2015-04-21 10:57:53,33,-33.0
2015-04-21 11:02:53,22,-22.0
2015-04-21 11:07:53,24,-24.0
2015-04-21 11:12:53,30,-30.0
2015-04-21 11:17:53,29,-29.0
2015-04-21 11:22:53,24,-24.0
2015-04-21 11:27:53,25,-25.0
2015-04-21 11:32:53,20,-20.0
2015-04-21 11:37:53,22,-22.0
2015-04-21 11:42:53,27,-27.0
2015-04-21 11:47:53,26,-26.0
2015-04-21 11:52:53,34,-34.0
2015-04-21 11:57:53,24,-24.0
2015-04-21 12:02:53,49,-49.0
2015-04-21 12:07:53,27,-27.0
2015-04-21 12:12:53,24,-24.0
2015-04-21 12:17:53,32,-32.0
2015-04-21 12:22:53,24,-24.0
2015-04-21 12:27:53,31,-31.0
2015-04-21 12:32:53,32,-32.0
2015-04-21 12:37:53,39,-39.0
2015-04-21 12:42:53,28,-28.0
2015-04-21 12:47:53,21,-21.0
2015-04-21 12:52:53,21,-21.0
2015-04-21 12:57:53,29,-29.0
2015-04-21 13:02:53,43,-43.0
2015-04-21 13:07:53,17,-17.0
2015-04-21 13:12:53,30,-30.0
2015-04-21 13:17:53,27,-27.0
2015-04-21 13:22:53,22,-22.0
2015-04-21 13:27:53,22,-22.0
2015-04-21 13:32:53,44,-44.0
2015-04-21 13:37:53,41,-41.0
2015-04-21 13:42:53,23,-23.0
2015-04-21 13:47:53,34,-34.0
2015-04-21 13:52:53,36,-36.0
2015-04-21 13:57:53,24,-24.0
2015-04-21 14:02:53,40,-40.0
2015-04-21 14:07:53,32,-32.0
2015-04-21 14:12:53,27,-27.0
2015-04-21 14:17:53,36,-36.0
2015-04-21 14:22:53,54,-54.0
2015-04-21 14:27:53,79,-79.0
2015-04-21 14:32:53,52,-52.0
2015-04-21 14:37:53,55,-55.0
2015-04-21 14:42:53,60,-60.0
2015-04-21 14:47:53,44,-44.0
2015-04-21 14:52:53,51,-51.0
2015-04-21 14:57:53,56,-56.0
2015-04-21 15:02:53,67,-67.0
2015-04-21 15:07:53,38,-38.0
2015-04-21 15:12:53,82,-82.0
2015-04-21 15:17:53,59,-59.0
2015-04-21 15:22:53,46,-46.0
2015-04-21 15:27:53,74,-74.0
2015-04-21 15:32:53,41,-41.0
2015-04-21 15:37:53,34,-34.0
2015-04-21 15:42:53,57,-57.0
2015-04-21 15:47:53,47,-47.0
2015-04-21 15:52:53,42,-42.0
2015-04-21 15:57:53,31,-31.0
2015-04-21 16:02:53,42,-42.0
2015-04-21 16:07:53,44,-44.0
2015-04-21 16:12:53,52,-52.0
2015-04-21 16:17:53,43,-43.0
2015-04-21 16:22:53,47,-47.0
2015-04-21 16:27:53,59,-59.0
2015-04-21 16:32:53,39,-39.0
2015-04-21 16:37:53,36,-36.0
2015-04-21 16:42:53,43,-43.0
2015-04-21 16:47:53,30,-30.0
2015-04-21 16:52:53,32,-32.0
2015-04-21 16:57:53,52,-52.0
2015-04-21 17:02:53,40,-40.0
2015-04-21 17:07:53,36,-36.0
2015-04-21 17:12:53,34,-34.0
2015-04-21 17:17:53,39,-39.0
2015-04-21 17:22:53,54,-54.0
2015-04-21 17:27:53,30,-30.0
2015-04-21 17:32:53,36,-36.0
2015-04-21 17:37:53,44,-44.0
2015-04-21 17:42:53,25,-25.0
2015-04-21 17:47:53,29,-29.0
2015-04-21 17:52:53,45,-45.0
2015-04-21 17:57:53,41,-41.0
2015-04-21 18:02:53,37,-37.0
2015-04-21 18:07:53,38,-38.0
2015-04-21 18:12:53,35,-35.0
2015-04-21 18:17:53,32,-32.0
2015-04-21 18:22:53,40,-40.0
2015-04-21 18:27:53,29,-29.0
2015-04-21 18:32:53,37,-37.0
2015-04-21 18:37:53,41,-41.0
2015-04-21 18:42:53,32,-32.0
2015-04-21 18:47:53,28,-28.0
2015-04-21 18:52:53,36,-36.0
2015-04-21 18:57:53,119,-119.0
2015-04-21 19:02:53,69,-69.0
2015-04-21 19:07:53,43,-43.0
2015-04-21 19:12:53,61,-61.0
2015-04-21 19:17:53,30,-30.0
2015-04-21 19:22:53,25,-25.0
2015-04-21 19:27:53,59,-59.0
2015-04-21 19:32:53,31,-31.0
2015-04-21 19:37:53,34,-34.0
2015-04-21 19:42:53,27,-27.0
2015-04-21 19:47:53,81,-81.0
2015-04-21 19:52:53,93,-93.0
2015-04-21 19:57:53,68,-68.0
2015-04-21 20:02:53,44,-44.0
2015-04-21 20:07:53,46,-46.0
2015-04-21 20:12:53,46,-46.0
2015-04-21 20:17:53,52,-52.0
2015-04-21 20:22:53,34,-34.0
2015-04-21 20:27:53,47,-47.0
2015-04-21 20:32:53,60,-60.0
2015-04-21 20:37:53,37,-37.0
2015-04-21 20:42:53,44,-44.0
2015-04-21 20:47:53,53,-53.0
2015-04-21 20:52:53,29,-29.0
2015-04-21 20:57:53,39,-39.0
2015-04-21 21:02:53,38,-38.0
2015-04-21 21:07:53,29,-29.0
2015-04-21 21:12:53,30,-30.0
2015-04-21 21:17:53,43,-43.0
2015-04-21 21:22:53,26,-26.0
2015-04-21 21:27:53,21,-21.0
2015-04-21 21:32:53,25,-25.0
2015-04-21 21:37:53,32,-32.0
2015-04-21 21:42:53,21,-21.0
2015-04-21 21:47:53,16,-16.0
2015-04-21 21:52:53,19,-19.0
2015-04-21 21:57:53,32,-32.0
2015-04-21 22:02:53,22,-22.0
2015-04-21 22:07:53,19,-19.0
2015-04-21 22:12:53,16,-16.0
2015-04-21 22:17:53,30,-30.0
2015-04-21 22:22:53,23,-23.0
2015-04-21 22:27:53,35,-35.0
2015-04-21 22:32:53,31,-31.0
2015-04-21 22:37:53,27,-27.0
2015-04-21 22:42:53,32,-32.0
2015-04-21 22:47:53,24,-24.0
2015-04-21 22:52:53,21,-21.0
2015-04-21 22:57:53,23,-23.0
2015-04-21 23:02:53,22,-22.0
2015-04-21 23:07:53,28,-28.0
2015-04-21 23:12:53,19,-19.0
2015-04-21 23:17:53,30,-30.0
2015-04-21 23:22:53,23,-23.0
2015-04-21 23:27:53,30,-30.0
2015-04-21 23:32:53,13,-13.0
2015-04-21 23:37:53,14,-14.0
2015-04-21 23:42:53,13,-13.0
2015-04-21 23:47:53,30,-30.0
2015-04-21 23:52:53,60,-60.0
2015-04-21 23:57:53,53,-53.0
2015-04-22 00:02:53,30,-30.0
2015-04-22 00:07:53,35,-35.0
2015-04-22 00:12:53,32,-32.0
2015-04-22 00:17:53,32,-32.0
2015-04-22 00:22:53,21,-21.0
2015-04-22 00:27:53,32,-32.0
2015-04-22 00:32:53,24,-24.0
2015-04-22 00:37:53,30,-30.0
2015-04-22 00:42:53,16,-16.0
2015-04-22 00:47:53,27,-27.0
2015-04-22 00:52:53,25,-25.0
2015-04-22 00:57:53,16,-16.0
2015-04-22 01:02:53,37,-37.0
2015-04-22 01:07:53,31,-31.0
2015-04-22 01:12:53,18,-18.0
2015-04-22 01:17:53,56,-56.0
2015-04-22 01:22:53,38,-38.0
2015-04-22 01:27:53,19,-19.0
2015-04-22 01:32:53,13,-13.0
2015-04-22 01:37:53,28,-28.0
2015-04-22 01:42:53,16,-16.0
2015-04-22 01:47:53,21,-21.0
2015-04-22 01:52:53,19,-19.0
2015-04-22 01:57:53,31,-31.0
2015-04-22 02:02:53,59,-59.0
2015-04-22 02:07:53,39,-39.0
2015-04-22 02:12:53,29,-29.0
2015-04-22 02:17:53,35,-35.0
2015-04-22 02:22:53,29,-29.0
2015-04-22 02:27:53,36,-36.0
2015-04-22 02:32:53,21,-21.0
2015-04-22 02:37:53,14,-14.0
2015-04-22 02:42:53,23,-23.0
2015-04-22 02:47:53,17,-17.0
2015-04-22 02:52:53,29,-29.0
2015-04-22 02:57:53,33,-33.0
2015-04-22 03:02:53,17,-17.0
2015-04-22 03:07:53,23,-23.0
2015-04-22 03:12:53,14,-14.0
2015-04-22 03:17:53,14,-14.0
2015-04-22 03:22:53,22,-22.0
2015-04-22 03:27:53,22,-22.0
2015-04-22 03:32:53,22,-22.0
2015-04-22 03:37:53,26,-26.0
2015-04-22 03:42:53,12,-12.0
2015-04-22 03:47:53,16,-16.0
2015-04-22 03:52:53,23,-23.0
2015-04-22 03:57:53,29,-29.0
2015-04-22 04:02:53,18,-18.0
2015-04-22 04:07:53,13,-13.0
2015-04-22 04:12:53,11,-11.0
2015-04-22 04:17:53,17,-17.0
2015-04-22 04:22:53,18,-18.0
2015-04-22 04:27:53,19,-19.0
2015-04-22 04:32:53,29,-29.0
2015-04-22 04:37:53,17,-17.0
2015-04-22 04:42:53,22,-22.0
2015-04-22 04:47:53,18,-18.0
2015-04-22 04:52:53,26,-26.0
2015-04-22 04:57:53,24,-24.0
2015-04-22 05:02:53,31,-31.0
2015-04-22 05:07:53,21,-21.0
2015-04-22 05:12:53,32,-32.0
2015-04-22 05:17:53,39,-39.0
2015-04-22 05:22:53,22,-22.0
2015-04-22 05:27:53,41,-41.0
2015-04-22 05:32:53,22,-22.0
2015-04-22 05:37:53,23,-23.0
2015-04-22 05:42:53,37,-37.0
2015-04-22 05:47:53,23,-23.0
2015-04-22 05:52:53,34,-34.0
2015-04-22 05:57:53,29,-29.0
2015-04-22 06:02:53,23,-23.0
2015-04-22 06:07:53,28,-28.0
2015-04-22 06:12:53,30,-30.0
2015-04-22 06:17:53,21,-21.0
2015-04-22 06:22:53,28,-28.0
2015-04-22 06:27:53,18,-18.0
2015-04-22 06:32:53,10,-10.0
2015-04-22 06:37:53,24,-24.0
2015-04-22 06:42:53,21,-21.0
2015-04-22 06:47:53,26,-26.0
2015-04-22 06:52:53,21,-21.0
2015-04-22 06:57:53,22,-22.0
2015-04-22 07:02:53,37,-37.0
2015-04-22 07:07:53,29,-29.0
2015-04-22 07:12:53,26,-26.0
2015-04-22 07:17:53,28,-28.0
2015-04-22 07:22:53,25,-25.0
2015-04-22 07:27:53,19,-19.0
2015-04-22 07:32:53,26,-26.0
2015-04-22 07:37:53,26,-26.0
2015-04-22 07:42:53,18,-18.0
2015-04-22 07:47:53,16,-16.0
2015-04-22 07:52:53,26,-26.0
2015-04-22 07:57:53,24,-24.0
2015-04-22 08:02:53,29,-29.0
2015-04-22 08:07:53,40,-40.0
2015-04-22 08:12:53,28,-28.0
2015-04-22 08:17:53,39,-39.0
2015-04-22 08:22:53,26,-26.0
2015-04-22 08:27:53,35,-35.0
2015-04-22 08:32:53,24,-24.0
2015-04-22 08:37:53,31,-31.0
2015-04-22 08:42:53,26,-26.0
2015-04-22 08:47:53,28,-28.0
2015-04-22 08:52:53,28,-28.0
2015-04-22 08:57:53,30,-30.0
2015-04-22 09:02:53,41,-41.0
2015-04-22 09:07:53,31,-31.0
2015-04-22 09:12:53,28,-28.0
2015-04-22 09:17:53,23,-23.0
2015-04-22 09:22:53,32,-32.0
2015-04-22 09:27:53,23,-23.0
2015-04-22 09:32:53,30,-30.0
2015-04-22 09:37:53,18,-18.0
2015-04-22 09:42:53,40,-40.0
2015-04-22 09:47:53,21,-21.0
2015-04-22 09:52:53,26,-26.0
2015-04-22 09:57:53,30,-30.0
2015-04-22 10:02:53,27,-27.0
2015-04-22 10:07:53,29,-29.0
2015-04-22 10:12:53,34,-34.0
2015-04-22 10:17:53,31,-31.0
2015-04-22 10:22:53,39,-39.0
2015-04-22 10:27:53,39,-39.0
2015-04-22 10:32:53,31,-31.0
2015-04-22 10:37:53,37,-37.0
2015-04-22 10:42:53,30,-30.0
2015-04-22 10:47:53,29,-29.0
2015-04-22 10:52:53,24,-24.0
2015-04-22 10:57:53,36,-36.0
2015-04-22 11:02:53,38,-38.0
2015-04-22 11:07:53,41,-41.0
2015-04-22 11:12:53,27,-27.0
2015-04-22 11:17:53,21,-21.0
2015-04-22 11:22:53,33,-33.0
2015-04-22 11:27:53,36,-36.0
2015-04-22 11:32:53,33,-33.0
2015-04-22 11:37:53,44,-44.0
2015-04-22 11:42:53,37,-37.0
2015-04-22 11:47:53,26,-26.0
2015-04-22 11:52:53,31,-31.0
2015-04-22 11:57:53,50,-50.0
2015-04-22 12:02:53,45,-45.0
2015-04-22 12:07:53,131,-131.0
2015-04-22 12:12:53,127,-127.0
2015-04-22 12:17:53,39,-39.0
2015-04-22 12:22:53,30,-30.0
2015-04-22 12:27:53,42,-42.0
2015-04-22 12:32:53,38,-38.0
2015-04-22 12:37:53,40,-40.0
2015-04-22 12:42:53,36,-36.0
2015-04-22 12:47:53,58,-58.0
2015-04-22 12:52:53,31,-31.0
2015-04-22 12:57:53,47,-47.0
2015-04-22 13:02:53,46,-46.0
2015-04-22 13:07:53,35,-35.0
2015-04-22 13:12:53,47,-47.0
2015-04-22 13:17:53,53,-53.0
2015-04-22 13:22:53,57,-57.0
2015-04-22 13:27:53,51,-51.0
2015-04-22 13:32:53,42,-42.0
2015-04-22 13:37:53,42,-42.0
2015-04-22 13:42:53,48,-48.0
2015-04-22 13:47:53,39,-39.0
2015-04-22 13:52:53,38,-38.0
2015-04-22 13:57:53,62,-62.0
2015-04-22 14:02:53,134,-134.0
2015-04-22 14:07:53,30,-30.0
2015-04-22 14:12:53,31,-31.0
2015-04-22 14:17:53,54,-54.0
2015-04-22 14:22:53,29,-29.0
2015-04-22 14:27:53,116,-116.0
2015-04-22 14:32:53,59,-59.0
2015-04-22 14:37:53,65,-65.0
2015-04-22 14:42:53,69,-69.0
2015-04-22 14:47:53,68,-68.0
2015-04-22 14:52:53,42,-42.0
2015-04-22 14:57:53,65,-65.0
2015-04-22 15:02:53,72,-72.0
2015-04-22 15:07:53,73,-73.0
2015-04-22 15:12:53,72,-72.0
2015-04-22 15:17:53,62,-62.0
2015-04-22 15:22:53,56,-56.0
2015-04-22 15:27:53,71,-71.0
2015-04-22 15:32:53,67,-67.0
2015-04-22 15:37:53,55,-55.0
2015-04-22 15:42:53,148,-148.0
2015-04-22 15:47:53,127,-127.0
2015-04-22 15:52:53,88,-88.0
2015-04-22 15:57:53,107,-107.0
2015-04-22 16:02:53,73,-73.0
2015-04-22 16:07:53,73,-73.0
2015-04-22 16:12:53,73,-73.0
2015-04-22 16:17:53,83,-83.0
2015-04-22 16:22:53,62,-62.0
2015-04-22 16:27:53,59,-59.0
2015-04-22 16:32:53,43,-43.0
2015-04-22 16:37:53,55,-55.0
2015-04-22 16:42:53,66,-66.0
2015-04-22 16:47:53,45,-45.0
2015-04-22 16:52:53,48,-48.0
2015-04-22 16:57:53,65,-65.0
2015-04-22 17:02:53,36,-36.0
2015-04-22 17:07:53,53,-53.0
2015-04-22 17:12:53,53,-53.0
2015-04-22 17:17:53,65,-65.0
2015-04-22 17:22:53,64,-64.0
2015-04-22 17:27:53,77,-77.0
2015-04-22 17:32:53,74,-74.0
2015-04-22 17:37:53,67,-67.0
2015-04-22 17:42:53,85,-85.0
2015-04-22 17:47:53,89,-89.0
2015-04-22 17:52:53,89,-89.0
2015-04-22 17:57:53,87,-87.0
2015-04-22 18:02:53,139,-139.0
2015-04-22 18:07:53,111,-111.0
2015-04-22 18:12:53,106,-106.0
2015-04-22 18:17:53,77,-77.0
2015-04-22 18:22:53,98,-98.0
2015-04-22 18:27:53,107,-107.0
2015-04-22 18:32:53,94,-94.0
2015-04-22 18:37:53,87,-87.0
2015-04-22 18:42:53,64,-64.0
2015-04-22 18:47:53,71,-71.0
2015-04-22 18:52:53,98,-98.0
2015-04-22 18:57:53,102,-102.0
2015-04-22 19:02:53,68,-68.0
2015-04-22 19:07:53,59,-59.0
2015-04-22 19:12:53,58,-58.0
2015-04-22 19:17:53,50,-50.0
2015-04-22 19:22:53,61,-61.0
2015-04-22 19:27:53,70,-70.0
2015-04-22 19:32:53,60,-60.0
2015-04-22 19:37:53,60,-60.0
2015-04-22 19:42:53,61,-61.0
2015-04-22 19:47:53,52,-52.0
2015-04-22 19:52:53,51,-51.0
2015-04-22 19:57:53,67,-67.0
2015-04-22 20:02:53,106,-106.0
2015-04-22 20:07:53,86,-86.0
2015-04-22 20:12:53,61,-61.0
2015-04-22 20:17:53,62,-62.0
2015-04-22 20:22:53,54,-54.0
2015-04-22 20:27:53,54,-54.0
2015-04-22 20:32:53,57,-57.0
2015-04-22 20:37:53,58,-58.0
2015-04-22 20:42:53,65,-65.0
2015-04-22 20:47:53,59,-59.0
2015-04-22 20:52:53,52,-52.0
2015-04-22 20:57:53,50,-50.0
2015-04-22 21:02:53,61,-61.0
2015-04-22 21:07:53,56,-56.0
2015-04-22 21:12:53,59,-59.0
2015-04-22 21:17:53,57,-57.0
2015-04-22 21:22:53,62,-62.0
2015-04-22 21:27:53,58,-58.0
2015-04-22 21:32:53,50,-50.0
2015-04-22 21:37:53,32,-32.0
2015-04-22 21:42:53,72,-72.0
2015-04-22 21:47:53,72,-72.0
